case,cores,strategy,status,makespan_cycles,added_copy_bytes,spill_added_copy_bytes,source_strategy,wall_seconds,error
case_005,2,data_band_w8_k2_trimmed,ok,65448,497956,0,data_band_w8_k2,0.703,
case_005,3,data_band_w4_k3_trimmed,ok,56376,814284,0,data_band_w4_k3,0.651,
case_005,4,data_band_w4_k4_trimmed,ok,50557,1094512,0,data_band_w4_k4,0.651,
case_006,2,data_band_w4_k2_trimmed,ok,40831,308812,0,data_band_w4_k2,0.098,
case_006,3,data_band_w12_k3_trimmed,ok,31152,30084,0,data_band_w12_k3,0.086,
case_006,4,data_band_w4_k4_trimmed,ok,24586,637248,0,data_band_w4_k4,0.109,
case_010,2,data_band_w12_k2_trimmed,ok,43584,20740,0,data_band_w12_k2,0.076,
case_010,3,data_band_w12_k3_trimmed,ok,31754,55684,0,data_band_w12_k3,0.08,
case_010,4,data_band_w4_k4_trimmed,ok,25173,365144,0,data_band_w4_k4,0.101,
case_026,2,data_band_w12_k2_trimmed,ok,56007,23336,0,data_band_w12_k2,0.079,
case_026,3,data_band_w12_k3_trimmed,ok,42203,105656,0,data_band_w12_k3,0.079,
case_026,4,data_band_w12_k3_trimmed,ok,42203,105656,0,data_band_w12_k3,0.079,
case_040,2,data_band_w8_k2_trimmed,ok,165594,512398,34432,data_band_w8_k2,0.542,
case_040,3,data_band_w4_k3_trimmed,ok,136795,1951620,132870,data_band_w4_k3,0.552,
case_040,4,data_band_w4_k4_trimmed,ok,122116,2344452,99842,data_band_w4_k4,0.572,
case_044,2,data_band_w4_k2_trimmed,ok,47056,930400,0,data_band_w4_k2,0.188,
case_044,3,data_band_w4_k2_trimmed,ok,47056,930400,0,data_band_w4_k2,0.179,
case_044,4,data_band_w4_k2_trimmed,ok,47056,930400,0,data_band_w4_k2,0.203,
case_046,2,data_band_w4_k2_trimmed,ok,111408,930400,0,data_band_w4_k2,0.12,
case_046,3,data_band_w4_k3_trimmed,ok,83766,1860800,0,data_band_w4_k3,0.119,
case_046,4,data_band_w4_k4_trimmed,ok,79548,2791200,0,data_band_w4_k4,0.117,
case_048,2,data_band_w4_k2_trimmed,ok,143644,299590,0,data_band_w4_k2,0.278,
case_048,3,data_band_w4_k3_trimmed,ok,127277,414220,0,data_band_w4_k3,0.295,
case_048,4,data_band_w4_k4_trimmed,ok,126825,415310,0,data_band_w4_k4,0.293,
case_049,2,data_band_w8_k2_trimmed,ok,128265,607224,0,data_band_w8_k2,0.811,
case_049,3,data_band_w4_k3_trimmed,ok,104604,1559248,0,data_band_w4_k3,0.858,
case_049,4,data_band_w4_k4_trimmed,ok,88796,1726822,0,data_band_w4_k4,0.801,
case_064,2,data_band_w4_k2_trimmed,ok,13773,40166,0,data_band_w4_k2,0.106,
case_064,3,data_band_w4_k3_trimmed,ok,10681,65868,0,data_band_w4_k3,0.111,
case_064,4,data_band_w4_k4_trimmed,ok,10465,83824,0,data_band_w4_k4,0.118,
case_068,2,data_band_w8_k2_trimmed,ok,233537,1142380,0,data_band_w8_k2,1.13,
case_068,3,data_band_w8_k3_trimmed,ok,202193,2037416,0,data_band_w8_k3,1.062,
case_068,4,data_band_w8_k4_trimmed,ok,175974,2226860,0,data_band_w8_k4,1.101,
case_069,2,data_band_w8_k2_trimmed,ok,17103,150564,0,data_band_w8_k2,0.126,
case_069,3,data_band_w8_k3_trimmed,ok,15214,215110,0,data_band_w8_k3,0.133,
case_069,4,data_band_w4_k4_trimmed,ok,13899,286574,0,data_band_w4_k4,0.126,
case_071,2,data_band_w8_k2_trimmed,ok,13547,99812,0,data_band_w8_k2,0.091,
case_071,3,data_band_w8_k3_trimmed,ok,12193,176966,0,data_band_w8_k3,0.104,
case_071,4,data_band_w4_k4_trimmed,ok,11628,202892,0,data_band_w4_k4,0.101,
case_073,2,data_band_w4_k2_trimmed,ok,5110707,69960576,66238976,data_band_w4_k2,1.145,
case_073,3,data_band_w4_k3_trimmed,ok,3998716,71907584,64464384,data_band_w4_k3,0.93,
case_073,4,data_band_w4_k4_trimmed,ok,3256669,73854592,62689792,data_band_w4_k4,0.93,
case_080,2,data_band_w8_k2_trimmed,ok,145926,2191360,286720,data_band_w8_k2,0.184,
case_080,3,data_band_w4_k3_trimmed,ok,100098,983040,0,data_band_w4_k3,0.191,
case_080,4,data_band_w4_k3_trimmed,ok,100098,983040,0,data_band_w4_k3,0.184,
case_086,2,data_band_w8_k2_trimmed,ok,78421,684388,15360,data_band_w8_k2,1.065,
case_086,3,data_band_w4_k3_trimmed,ok,69099,1057548,0,data_band_w4_k3,0.94,
case_086,4,data_band_w4_k4_trimmed,ok,62591,1270576,0,data_band_w4_k4,0.878,
case_088,2,data_band_w8_k2_trimmed,ok,157615,702242,0,data_band_w8_k2,0.68,
case_088,3,data_band_w8_k3_trimmed,ok,125669,1264820,0,data_band_w8_k3,0.893,
case_088,4,data_band_w8_k4_trimmed,ok,111354,1538158,0,data_band_w8_k4,0.897,
case_096,2,data_band_w4_k2_trimmed,ok,48115,351856,0,data_band_w4_k2,0.289,
case_096,3,data_band_w4_k3_trimmed,ok,39199,556236,0,data_band_w4_k3,0.258,
case_096,4,data_band_w4_k4_trimmed,ok,36407,743900,0,data_band_w4_k4,0.294,
case_098,2,data_band_w4_k2_trimmed,ok,101281,1534284,178832,data_band_w4_k2,0.331,
case_098,3,data_band_w4_k3_trimmed,ok,76698,1822728,114692,data_band_w4_k3,0.373,
case_098,4,data_band_w4_k4_trimmed,ok,68466,2124936,98304,data_band_w4_k4,0.366,
case_100,2,data_band_w12_k2_trimmed,ok,81220,71808,0,data_band_w12_k2,0.292,
case_100,3,data_band_w12_k3_trimmed,ok,58322,141056,0,data_band_w12_k3,0.264,
case_100,4,data_band_w12_k3_trimmed,ok,58322,141056,0,data_band_w12_k3,0.285,
