case,cores,question,move,proxy_change_pct,official_time_change_pct,added_spill_bytes
case_001,2,1,migrate_s0_to1,73.61651503841118,60.535587997575256,0
case_001,2,1,split_s2_cut50_to1,2.464415524891028,0.10671347747019944,0
case_001,2,1,swap_s0_s3,74.18522631338604,61.10388462315619,0
case_001,2,2,migrate_s2_to1,12.61198428028123,75.30565660888793,-565248
case_001,2,2,split_s2_cut50_to1,5.899287005564702,2.5101647763749124,-409600
case_001,2,2,swap_s0_s1,14.338265766221703,67.36785790712605,-1130496
case_001,2,3,migrate_s2_to1,10.167475582604713,75.28568371495827,-565248
case_001,2,3,split_s2_cut50_to1,4.677032656726432,0.0,-409600
case_001,2,3,swap_s0_s1,9.840369762496891,67.31079249589843,-1130496
case_001,5,1,migrate_s0_to1,2.6693797153157117,4.634472587587668,0
case_001,5,1,split_s5_cut20_to1,0.0,1.0152110164114436,0
case_001,5,1,swap_s0_s6,3.923700152376708,5.53135664431601,0
case_001,5,2,migrate_s10_to1,12.072892748646712,53.40568571739097,-73728
case_001,5,2,split_s5_cut20_to1,7.563977013697598,5.286692440262697,-73728
case_001,5,2,swap_s0_s1,13.796365363859486,82.0004036828295,0
case_001,5,3,migrate_s10_to1,9.939283824160604,53.26284410079649,-73728
case_001,5,3,split_s5_cut20_to1,7.563977013697598,5.286692440262697,-73728
case_001,5,3,swap_s0_s1,9.955869299784537,68.7347648547518,0
case_026,2,1,migrate_s2_to1,13.781154004563101,16.968066162795292,0
case_026,2,1,split_s2_cut23_to1,5.642954827789892,6.885362668671591,0
case_026,2,1,swap_s0_s1,12.208886070725345,14.880693284792844,0
case_026,2,2,migrate_s2_to1,16.441338532065906,16.09679937548789,0
case_026,2,2,split_s2_cut23_to1,6.476486699649486,6.0577673692427725,0
case_026,2,2,swap_s0_s1,14.771864705635895,12.542935206869643,0
case_026,2,3,migrate_s2_to1,14.110932016096323,16.09679937548789,0
case_026,2,3,split_s2_cut23_to1,5.777871934930445,6.0577673692427725,0
case_026,2,3,swap_s0_s1,12.457333456130492,12.542935206869643,0
case_026,5,1,migrate_s0_to2,20.111608700483117,14.02501961108129,0
case_026,5,1,split_s10_cut40_to2,37.43907957712922,43.18979398043021,0
case_026,5,1,swap_s0_s2,5.639195360748639,7.026960075967126,0
case_026,5,2,migrate_s0_to2,25.157063363244347,13.79508703155292,0
case_026,5,2,split_s0_cut34_to2,42.45410945529087,35.652044229499126,0
case_026,5,2,swap_s0_s2,7.883374920494801,-0.20026844493683527,0
case_026,5,3,migrate_s0_to2,22.664274821461248,14.569964253413147,0
case_026,5,3,split_s0_cut34_to2,40.165454954471144,36.66178560661528,0
case_026,5,3,swap_s0_s2,5.186727997032148,0.7170851457857896,0
case_032,2,1,migrate_s2_to1,-6.8708183537677385,6.088217022157805,0
case_032,2,1,split_s2_cut27_to1,0.9287842095637489,6.800579830192577,0
case_032,2,1,swap_s0_s1,-9.260838986597864,3.7274798094843575,0
case_032,2,2,migrate_s136_to1,33.29957050542167,39.7913043478261,0
case_032,2,2,split_s136_cut8_to1,33.43148108889045,41.88695652173913,0
case_032,2,2,swap_s136_s63,31.84842322359105,35.98695652173913,0
case_032,2,3,migrate_s136_to1,34.47765530762814,42.03400364007634,0
case_032,2,3,split_s136_cut8_to1,34.61451773644748,44.169219159231154,0
case_032,2,3,swap_s136_s63,32.9720328143966,36.551693523327565,0
case_032,5,1,migrate_s0_to3,0.0,0.061208154809544446,0
case_032,5,1,split_s5_cut14_to3,3.5361030712003583,14.398041339046097,0
case_032,5,1,swap_s0_s3,0.0,0.0,0
case_032,5,2,migrate_s5_to4,-3.4162659817297047,-3.6525229357798117,0
case_032,5,2,split_s5_cut14_to4,-2.9282960605006236,2.7408256880733894,0
case_032,5,2,swap_s5_s8,-13.662681261287869,-8.377293577981648,0
case_032,5,3,migrate_s5_to4,-1.8545023081629308,-3.523369953845157,0
case_032,5,3,split_s5_cut14_to4,-1.9575817126754158,4.810505103035823,0
case_032,5,3,swap_s5_s8,-12.74495263167651,-12.442306442176431,0
case_046,2,1,migrate_s0_to1,45.54240159498213,41.29480217222654,0
case_046,2,1,split_s2_cut124_to1,22.646391187594684,23.176105508145838,0
case_046,2,1,swap_s0_s3,36.50529866193612,41.99301784328937,0
case_046,2,2,migrate_s0_to1,8.495221285310596,27.138767261704277,2541536
case_046,2,2,split_s0_cut15_to1,8.985351133787155,24.8459077130347,2541280
case_046,2,2,swap_s0_s1,25.359322466837675,43.475917817446955,2686528
case_046,2,3,migrate_s0_to1,5.8367750564768395,7.785449646345577,2541536
case_046,2,3,split_s0_cut15_to1,6.326904904953401,8.02458740316605,2541280
case_046,2,3,swap_s0_s1,19.38926576618567,34.387841023913765,2686528
case_046,5,1,migrate_s0_to3,0.0,0.20485806262804385,0
case_046,5,1,split_s0_cut25_to3,0.1711919005982443,7.49845543524208,0
case_046,5,1,swap_s0_s13,0.0,10.343706305075928,0
case_046,5,2,migrate_s16_to3,3.7338792586298686,27.54476737554825,1249728
case_046,5,2,split_s0_cut6_to3,4.797452348616127,34.093713385108295,1291200
case_046,5,2,swap_s0_s19,3.4042724006663416,24.71096917350144,1291200
case_046,5,3,migrate_s16_to3,12.530308397055624,10.248285350955832,1249728
case_046,5,3,split_s0_cut6_to3,13.674839193601663,14.05282578331839,1291200
case_046,5,3,swap_s0_s19,14.978643481573851,-0.2960245158331376,1291200
case_052,2,1,migrate_s2_to1,7.242419945050638,7.631935047361305,0
case_052,2,1,split_s2_cut78_to1,0.5173204437829426,1.0847090663058223,0
case_052,2,1,swap_s0_s1,0.01292224255911023,-0.014073071718534447,0
case_052,2,2,migrate_s28_to1,46.92884305515128,55.54107051678998,0
case_052,2,2,split_s28_cut4_to1,50.77181417841772,59.3477387043857,0
case_052,2,2,swap_s28_s29,53.0345207276961,62.20273984508251,0
case_052,2,3,migrate_s28_to1,46.67735265883224,54.8106509519098,0
case_052,2,3,split_s28_cut4_to1,50.566763525479374,58.62046470159721,0
case_052,2,3,swap_s28_s29,52.856813374544245,61.47782501386276,0
case_052,5,1,migrate_s1_to3,0.0,-0.19344970307719755,0
case_052,5,1,split_s3_cut23_to3,0.06558937976763879,7.4523123987763285,0
case_052,5,1,swap_s3_s2,-0.3282668470321326,-0.805290624437649,0
case_052,5,2,migrate_s1_to3,0.03354423261519024,0.007333528894104546,0
case_052,5,2,split_s3_cut23_to3,0.06702307686270448,-0.23711743424269516,0
case_052,5,2,swap_s3_s2,-0.06264205622876773,0.007333528894104546,0
case_052,5,3,migrate_s3_to3,0.035797374300972074,-0.24714317175227318,0
case_052,5,3,split_s3_cut23_to3,0.07152496814522014,-0.2300144370763646,0
case_052,5,3,swap_s3_s2,-0.20969027246477978,0.0954315217657209,0
case_064,2,1,migrate_s0_to1,14.214811040271535,20.3824223924437,0
case_064,2,1,split_s7_cut68_to1,18.48200278454297,23.33122156309393,0
case_064,2,1,swap_s0_s15,20.50410659904587,27.61619535794506,0
case_064,2,2,migrate_s7_to1,5.532697496914696,9.483355358378965,0
case_064,2,2,split_s7_cut68_to1,7.114031876579641,9.124661758227926,0
case_064,2,2,swap_s7_s15,14.466995618121103,18.236737776099687,0
case_064,2,3,migrate_s7_to1,5.607713024802075,9.483355358378965,0
case_064,2,3,split_s7_cut68_to1,7.194394926312997,9.124661758227926,0
case_064,2,3,swap_s7_s15,14.712988511182544,18.236737776099687,0
case_064,5,1,migrate_s0_to3,9.393877689540497,7.61793524106158,0
case_064,5,1,split_s0_cut34_to3,16.545849453607552,13.204853675945749,0
case_064,5,1,swap_s0_s37,9.393877689540497,7.741223801180985,0
case_064,5,2,migrate_s0_to3,4.479449892640908,2.3953796629426316,0
case_064,5,2,split_s0_cut34_to3,9.024714925146448,6.09733005112667,0
case_064,5,2,swap_s0_s37,4.832201173951489,2.4805907971974905,0
case_064,5,3,migrate_s0_to3,4.725758498898269,2.5294788893115205,0
case_064,5,3,split_s0_cut34_to3,9.426016103738256,6.2476226702168125,0
case_064,5,3,swap_s0_s4,5.004283234001994,2.3678204640547706,0
case_071,2,1,migrate_s0_to1,5.317977074676339,-5.504253617392574,0
case_071,2,1,split_s0_cut202_to1,7.890562420549663,3.5483167308950847,0
case_071,2,1,swap_s0_s1,4.918074505484116,-6.827601250636228,0
case_071,2,2,migrate_s5_to0,3.9028955642943064,7.541534440918429,0
case_071,2,2,split_s7_cut142_to0,6.856748791120371,11.05096135896957,0
case_071,2,2,swap_s9_s8,-0.4646695181721894,5.254806794847866,0
case_071,2,3,migrate_s5_to0,5.280448628258649,7.54223840194157,0
case_071,2,3,split_s7_cut142_to0,7.333863150471798,11.051992905815355,0
case_071,2,3,swap_s9_s8,-1.1736195838323749,4.321851955568001,0
case_071,5,1,migrate_s10_to3,1.8549679025436028,-1.9988577955454057,0
case_071,5,1,split_s15_cut76_to3,7.52763147279496,3.19817247287264,0
case_071,5,1,swap_s15_s19,0.0,0.0,0
case_071,5,2,migrate_s0_to3,1.7361663447335474,-2.074637859071937,0
case_071,5,2,split_s9_cut32_to3,7.755936825360754,-0.23324330959980655,0
case_071,5,2,swap_s0_s13,10.882096731432034,-4.394794991406825,0
case_071,5,3,migrate_s0_to4,-3.4428306175924295,0.06697923643670389,0
case_071,5,3,split_s9_cut32_to3,2.7140055876585745,6.215673141326183,0
case_071,5,3,swap_s0_s23,4.127694772704937,9.511051574012065,0
case_093,2,1,migrate_s0_to1,1.440704586091912,1.7601532368700434,0
case_093,2,1,split_s2_cut137_to1,39.70183153723481,45.41971889317422,0
case_093,2,1,swap_s0_s1,0.0,0.0,0
case_093,2,2,migrate_s0_to1,1.320527469812549,-0.5719532992260246,0
case_093,2,2,split_s2_cut137_to1,42.2889966338285,45.95041322314049,0
case_093,2,2,swap_s0_s1,0.0,0.2518693427784324,0
case_093,2,3,migrate_s0_to1,1.4809865820388568,-0.5955660501115068,0
case_093,2,3,split_s2_cut137_to1,42.35596879659014,45.95041322314049,0
case_093,2,3,swap_s0_s1,0.0,0.0236127508854711,0
case_093,5,1,migrate_s0_to3,0.0,1.0272759475735027,0
case_093,5,1,split_s2_cut56_to4,27.05880929624833,31.68024560160585,0
case_093,5,1,swap_s2_s6,0.0,0.0,0
case_093,5,2,migrate_s0_to3,-0.15533792065629548,1.0136166575074768,0
case_093,5,2,split_s2_cut56_to3,26.832198638366034,36.001709714844,0
case_093,5,2,swap_s2_s6,0.0,0.0,0
case_093,5,3,migrate_s0_to3,-0.15655385819646206,0.36350194073069275,0
case_093,5,3,split_s2_cut56_to3,27.042232849402524,35.278171400406634,0
case_093,5,3,swap_s2_s6,0.0,-0.21563674450125747,0
