case,cores,singlecore_cycles,baseline_cycles,makespan_cycles,speedup,reduction_percent,added_copy_bytes,spill_bytes,peak_l1_bytes,peak_ub_bytes,evaluations,bound_pruned,invalid_candidates,cold_search_wall_seconds,selected
case_001,2,233110,116868,116868,1.9946435294520313,0.0,1152,0,13440,8192,15,5,0,1.7959295000000566,cold
case_001,3,233110,78545,78545,2.9678528232223567,0.0,2304,0,13440,8192,24,9,0,2.5547062999976333,cold
case_001,4,233110,58984,58984,3.952088702020887,0.0,3456,0,13440,8192,24,12,0,2.55815640000219,cold
case_001,5,233110,47502,47502,4.9073723211654245,0.0,4608,0,13440,8192,24,15,0,2.5259157000000414,cold
case_002,2,261945,261945,124255,2.1081244215524526,52.56446964057341,1121280,178176,463872,130560,16,12,0,5.971310499997344,cold
case_002,3,261945,261945,83772,3.1268801031370863,68.01924068029548,1003008,0,311808,102912,17,21,0,6.101019699999597,cold
case_002,4,261945,261945,65958,3.9713908851087054,74.81990494187711,1274880,0,67584,24576,24,64,0,9.76910670000143,cold
case_002,5,261945,261945,53071,4.93574645286503,79.73964000076353,1287168,0,53760,21504,24,31,0,9.172337600000901,cold
case_003,2,602212,538381,310518,1.9393787155656033,42.323744708672855,1059210,0,174720,70350,24,5,0,152.12767539999913,cold
case_003,3,602212,538764,217191,2.7727299934159335,59.68717286232933,2471182,0,118784,29058,24,6,0,144.56024770000295,cold
case_003,4,602212,539155,180280,3.3404260039937874,66.56249130583969,2854806,0,118272,21252,24,3,0,132.56154489999972,cold
case_003,5,602212,539607,157729,3.81801697848842,70.76965272874519,4863512,0,116736,19204,24,3,0,139.57674829999814,cold
case_004,2,392357,199074,196032,2.0014946539340515,1.528074987190693,983040,872448,258048,129024,24,12,0,3.755163400001038,cold
case_004,3,392357,134043,131412,2.985701458009923,1.96280298113292,847872,626688,199680,129024,24,21,0,3.8591735000009066,cold
case_004,4,392357,104188,101428,3.8683302441140515,2.6490574730295235,712704,380928,172032,129024,24,41,0,4.24933609999789,cold
case_004,5,392357,88341,85236,4.603184100614763,3.514789282439637,577536,135168,156672,129024,24,45,0,4.4242210000011255,cold
case_005,2,95618,95618,49399,1.9356262272515639,48.337133175761885,324966,0,38400,55988,24,4,0,28.35177769999791,cold
case_005,3,95618,95618,39595,2.4149008713221365,58.59043276370558,879756,0,47232,21844,24,1,0,30.521305199999915,cold
case_005,4,95618,95618,33060,2.8922565033272836,65.42491999414337,976336,0,32256,18484,24,3,0,30.61535069999809,cold
case_005,5,95618,95618,33341,2.8678803875108727,65.1310422723755,977392,0,32256,18484,24,4,0,33.927273099998274,cold
case_006,2,82837,46100,39002,2.1239167222193736,15.396963123644253,823894,119848,145024,123926,24,35,0,4.45694690000164,cold
case_006,3,82837,31153,31151,2.6592083721228854,0.0064199274548197615,30080,0,196608,94352,24,35,0,2.9913746999991417,cold
case_006,4,82837,31428,24586,3.369275197266737,21.770395825378642,637248,0,100992,51200,24,45,0,4.450897099999565,cold
case_006,5,82837,31733,27228,3.042346114294109,14.196577695143855,481768,131072,88192,131072,24,42,0,4.977073100002599,neighbor
case_007,2,1012562,507494,490814,2.063025912056298,3.2867383653796893,2933760,2906112,451584,129024,24,12,0,37.903721500002575,cold
case_007,3,1012562,338094,326994,3.096576695596861,3.2831106142078834,2709504,2654208,308736,129024,24,21,0,37.683922500000335,cold
case_007,4,1012562,254398,246058,4.115135455868129,3.2783276598086464,2485248,2402304,238080,129024,24,28,0,35.94306180000058,cold
case_007,5,1012562,203834,197052,5.1385522603170735,3.3272172454055755,2260992,2150400,195072,129024,24,33,0,34.800041800001054,cold
case_008,2,487605,244266,136244,3.5789098969495905,44.22310104558146,3538944,3538944,30720,129216,22,12,0,5.4931620999996085,cold
case_008,3,487605,163359,110229,4.4235636719919444,32.52346059904872,3317760,3317760,30720,129216,24,25,0,6.194241500001226,cold
case_008,4,487605,123060,104264,4.676638149313281,15.273850154396229,3096576,3096576,30720,129216,24,19,0,6.583072800000082,cold
case_008,5,487605,100603,97488,5.001692516001969,3.0963291353140563,2875392,2875392,30720,129216,24,6,0,6.253064399999857,cold
case_009,2,153261,92198,88429,1.7331531511155842,4.087941170090457,740494,7616,36992,127052,24,7,0,54.15755619999982,cold
case_009,3,153261,92207,70920,2.1610406091370558,23.086099753814786,618700,0,39712,78222,24,3,0,59.10903029999827,cold
case_009,4,153261,92216,64259,2.3850511212437167,30.316864752320637,747262,0,36992,72776,24,1,0,55.892764699998224,cold
case_009,5,153261,92225,53909,2.842957576656959,41.54621848739496,861326,0,32800,47114,24,3,0,69.26651549999951,cold
case_010,2,86969,45272,43504,1.9991035307098197,3.90528361901396,492368,0,181760,74500,24,7,0,3.638456299999234,cold
case_010,3,86969,30856,30457,2.8554683652362347,1.293103448275862,55680,0,229376,32776,24,16,0,2.7168274999967252,cold
case_010,4,86969,29856,25156,3.4571871521704565,15.742229367631296,395096,0,115072,55042,24,19,0,4.376251800000318,cold
case_010,5,86969,31015,22105,3.9343587423659807,28.728034821860387,411780,0,115072,41634,24,15,0,5.67535190000126,cold
case_011,2,184697,92646,92646,1.9935777043801135,0.0,180224,0,241664,0,24,9,0,2.8154161000020395,cold
case_011,3,184697,69625,63552,2.906234264853978,8.722441651705566,1392640,0,202752,0,24,19,0,5.094445200000337,cold
case_011,4,184697,46880,46880,3.9397824232081913,0.0,540672,0,110592,0,24,18,0,3.5692266000005475,cold
case_011,5,184697,47287,45978,4.017073382922267,2.7682026772685937,2101248,0,102400,0,24,38,0,4.296022799997445,first_range
case_012,2,59088,30094,28465,2.075812401194449,5.413039144015419,244050,0,30720,65274,24,6,0,5.553639800000383,cold
case_012,3,59088,21894,19092,3.0949088623507226,12.798026856673062,184188,0,28224,39438,24,6,0,6.672576100001606,neighbor
case_012,4,59088,17236,16384,3.6064453125,4.94314226038524,120608,0,28224,40974,24,18,0,5.120319699999527,neighbor
case_012,5,59088,14300,14022,4.213949507916132,1.944055944055944,49552,0,28224,30728,24,20,0,5.2191641999997955,cold
case_013,2,263949,132198,132198,1.9966187083011846,0.0,8192,0,20480,0,14,4,0,6.769336099998327,cold
case_013,3,263949,88351,88351,2.98750438591527,0.0,16384,0,20480,0,24,8,0,12.94161780000286,cold
case_013,4,263949,66982,66982,3.9405959810098237,0.0,24576,0,20480,0,24,11,0,12.03717890000189,cold
case_013,5,263949,54363,54363,4.855305998565201,0.0,32768,0,20480,0,24,14,0,11.983649800000421,cold
case_014,2,17698626,8891974,8810735,2.0087570446733447,0.9136216547641728,68201188,58288128,523776,4870,5,5,0,183.98346749999837,first_range
case_014,3,17698626,5980632,5903600,2.9979378684192697,1.288024409460405,66718248,48221184,523776,202,5,11,0,198.25831140000082,neighbor
case_014,4,17698626,4526660,4477460,3.9528272726054503,1.0868940896820172,76569888,46843392,523776,200,5,16,0,204.68149260000064,neighbor
case_014,5,17698626,3694640,3636000,4.867608910891089,1.58716410800511,83093316,46689792,523776,160,5,20,0,209.4678473999993,neighbor
case_015,2,177362,92411,92184,1.9239998264340883,0.24564175260520932,224564,114712,196608,122900,24,13,0,5.518201700000645,cold
case_015,3,177362,60807,60807,2.916802341835644,0.0,306448,98320,196608,122898,24,9,0,4.999129100000573,cold
case_015,4,177362,53421,51930,3.415405353360293,2.7910372325489976,979116,0,180224,128142,24,19,0,7.809216500001639,cold
case_015,5,177362,43437,43286,4.097444901353787,0.3476299007758363,313376,0,196608,114700,24,35,0,6.393317400001251,cold
case_016,2,7715523,7715523,4033396,1.9129098655326677,47.723621587285784,8536,0,196608,65546,13,6,0,186.8456389000021,cold
case_016,3,7715523,7715523,2876681,2.682091966401558,62.71567073288487,12192,0,131072,65542,15,6,0,184.26721359999647,cold
case_016,4,7715523,7715523,2241799,3.441665822850309,70.94430280358182,14628,0,98304,65540,15,6,0,181.27505699999892,cold
case_016,5,7715523,7715523,2241799,3.441665822850309,70.94430280358182,14628,0,98304,65540,15,7,0,187.83438249999745,cold
case_017,2,162810,87680,81968,1.986262931875854,6.514598540145985,286284,0,105472,119824,24,13,0,10.161540200002491,cold
case_017,3,162810,58579,56662,2.8733542762345134,3.2725037982894896,474344,0,101376,80404,24,10,0,10.789681800000835,cold
case_017,4,162810,42384,42150,3.8626334519572953,0.5520951302378255,259264,0,86016,49164,24,21,0,10.505374700001994,cold
case_017,5,162810,35496,35470,4.590076120665351,0.07324768988054993,340992,0,86016,49164,24,36,0,10.847685299999284,cold
case_018,2,1004367,502105,500869,2.00524887745099,0.24616365102916718,3195912,1896448,524288,65536,24,13,0,21.461685999998735,cold
case_018,3,1004367,338272,338158,2.97011160463452,0.033700690568536563,3748232,1273856,524288,65536,24,20,0,22.658257299997786,cold
case_018,4,1004367,258133,257641,3.8983197550079374,0.19059941967900268,4919040,1204224,524288,131072,24,28,0,26.052093800000875,cold
case_018,5,1004367,203865,201684,4.979904206580591,1.0698256198955192,5115980,466944,524288,98304,24,68,0,31.991991099999723,cold
case_019,2,81144,43224,37639,2.1558489864236563,12.921062372755877,712280,0,102944,97408,24,5,0,3.1990971000013815,cold
case_019,3,81144,29121,29109,2.787591466556735,0.04120737612032554,24576,0,36864,55426,24,13,0,2.8195749999977124,cold
case_019,4,81144,24099,22371,3.6271959232935496,7.170422009212,62500,0,36864,18432,24,18,0,2.8894430000000284,cold
case_019,5,81144,24169,17830,4.550981491867639,26.227812487070214,60004,0,36864,19968,24,32,0,5.348123700001452,cold
case_020,2,532746,266580,266580,1.9984469952734638,0.0,0,0,0,32768,7,20,0,22.14239810000072,cold
case_020,3,532746,177950,177950,2.993796010115201,0.0,0,0,0,32768,14,30,0,29.932431199998973,cold
case_020,4,532746,133704,133704,3.984518039849219,0.0,0,0,0,32768,14,33,0,30.445552099998167,cold
case_020,5,532746,107650,107650,4.948871342313051,0.0,0,0,0,32768,24,22,0,45.179040899998654,cold
case_021,2,6567937,3194570,3194570,2.0559690349561914,0.0,3174400,1638400,524288,0,23,7,0,28.05641210000249,cold
case_021,3,6567937,2144024,2131778,3.0809666860245297,0.5711689794517225,8171520,3362816,524288,0,24,27,0,41.99352100000033,cold
case_021,4,6567937,1550324,1550324,4.236493145948847,0.0,4608000,0,425984,0,24,14,0,30.456255100001727,cold
case_021,5,6567937,1250168,1248538,5.260502283470747,0.13038247659514562,12322816,2754560,524288,0,24,53,0,45.86408200000005,cold
case_022,2,56780,28333,28228,2.011477965140995,0.37059259520700244,90956,0,33536,82972,24,24,0,6.5986690999998245,cold
case_022,3,56780,19128,18907,3.0031205373671126,1.1553743203680469,32288,0,22528,62472,24,64,0,7.58147309999913,cold
case_022,4,56780,14654,14654,3.874709976798144,0.0,13824,0,22528,60424,20,38,0,5.084375999998883,cold
case_022,5,56780,11828,11685,4.859221223791185,1.2089956036523504,20748,0,22528,62472,24,83,0,7.879062799998792,cold
case_023,2,122614,61227,52858,2.319686707783117,13.668806245610595,1126626,231424,88576,130700,24,6,0,6.235651599999983,cold
case_023,3,122614,41662,37245,3.292092898375621,10.60198742259133,1184368,43008,62976,129934,24,8,0,7.936359499999526,cold
case_023,4,122614,31519,30309,4.045465043386453,3.8389542815444653,424384,0,90112,75904,24,19,0,5.37344270000176,cold
case_023,5,122614,25191,25191,4.867373268230717,0.0,280992,0,90112,28806,24,16,0,4.082950700001675,cold
case_024,2,2555343,2555343,1336312,1.9122353163033783,47.70518087004367,2824,0,196608,65546,20,6,0,48.80336940000052,cold
case_024,3,2555343,2555343,953369,2.680329442220169,62.691153398976184,4032,0,131072,65542,24,6,0,53.316002900002786,cold
case_024,4,2555343,2555343,743623,3.43634207118392,70.8992882755857,4836,0,98304,65540,24,6,0,53.352763400002004,cold
case_024,5,2555343,2555343,743623,3.43634207118392,70.8992882755857,4836,0,98304,65540,24,7,0,57.34145300000091,cold
case_025,2,4863026,2431840,2431840,1.9997310678334101,0.0,27648,0,35328,6144,13,9,0,184.78286490000028,cold
case_025,3,4863026,1622164,1622164,2.9978633479722148,0.0,55296,0,35328,6144,14,15,0,181.01961479999954,cold
case_025,4,4863026,1217444,1217444,3.9944555971362954,0.0,82944,0,35328,6144,16,19,0,185.7644220000002,cold
case_025,5,4863026,975282,975282,4.986276789687495,0.0,110592,0,35328,6144,17,21,0,183.98269399999845,cold
case_026,2,99203,58112,55134,1.7993071425980338,5.124587004405287,878424,139264,143104,126982,24,6,0,2.9666050000014366,cold
case_026,3,99203,41655,40588,2.444146053020597,2.5615172248229503,417200,0,163840,57344,24,23,0,2.9444150000017544,cold
case_026,4,99203,42226,40588,2.444146053020597,3.879126604461706,423344,0,163840,57344,24,18,0,3.073984200000268,cold
case_026,5,99203,44114,40041,2.477535526085762,9.232896586117786,1408692,0,73728,90112,24,12,0,4.669191100001626,cold
case_027,2,2363952,1120962,1120962,2.10886006840553,0.0,1744896,638976,524288,0,24,11,0,10.163239400000748,cold
case_027,3,2363952,837049,778086,3.0381628765971884,7.044151537126261,7825408,737280,524288,0,24,33,0,15.739358400001947,cold
case_027,4,2363952,559196,559196,4.227412213249022,0.0,3317760,0,245760,0,24,16,0,10.23065719999795,cold
case_027,5,2363952,558753,474308,4.984001956534573,15.113117960887907,9207808,0,249856,0,24,57,0,17.260145300002478,cold
case_028,2,43836040,23638628,20501260,2.1382119928238557,13.27220852242355,51050112,48832512,524184,0,11,6,0,190.85268329999963,cold
case_028,3,43836040,16770711,13535588,3.2385767060876853,19.290315121404213,36681984,32360448,523776,0,14,7,0,182.51101780000317,cold
case_028,4,43836040,13608312,10162841,4.313364737281632,25.318871289841095,35861376,18726912,523776,0,13,7,0,187.62208459999965,cold
case_028,5,43836040,11491035,8134463,5.388928562340255,29.21035398464977,33177600,14008320,523776,0,12,13,0,183.48650149999958,cold
case_029,2,37555,19740,19009,1.9756431164185386,3.7031408308004057,114800,0,0,96278,24,29,0,5.405333099999552,cold
case_029,3,37555,12743,12743,2.9471082162756024,0.0,0,0,0,14340,8,41,0,1.683607299997675,cold
case_029,4,37555,11028,11028,3.405422560754443,0.0,0,0,0,14340,24,19,0,3.2754198999973596,cold
case_029,5,37555,9383,9383,4.002451241607162,0.0,0,0,0,14340,24,22,0,3.470550499998353,cold
case_030,2,2808034,1401423,1397339,2.0095581673452183,0.29141808005149056,6982668,5031936,524288,132,24,13,0,107.84060640000098,cold
case_030,3,2808034,933969,931978,3.012983139086974,0.21317624032489302,6956464,3054592,524288,202,24,28,0,138.16717860000063,cold
case_030,4,2808034,699591,697988,4.023040510725113,0.22913387965253987,8628232,3373056,524288,132,24,33,0,110.53221649999978,cold
case_030,5,2808034,561192,560330,5.011393286099263,0.15360161941011277,7835504,1629184,524288,244,24,55,0,135.99806639999952,cold
case_031,2,1414369,735345,712326,1.9855641939224455,3.1303673785774024,5850082,3548064,524288,118050,24,18,0,78.71007230000032,cold
case_031,3,1414369,486363,484719,2.917915328262354,0.33801913385681065,4003202,1046780,524288,131072,24,11,0,59.4230424999987,cold
case_031,4,1414369,398198,363420,3.8918303890815036,8.733845976122431,8740064,2816736,524288,122050,24,27,0,82.4284086000007,first_range
case_031,5,1414369,308135,294518,4.802317685166951,4.419166923588687,8696372,1413600,524288,60612,24,12,0,54.26418770000237,cold
case_032,2,41443,21880,19129,2.1665011239479326,12.573126142595978,171912,0,53248,60636,24,31,0,5.079268800000136,cold
case_032,3,41443,15402,14396,2.878785773826063,6.531619270224646,295180,0,53248,43018,24,37,0,5.452221699997608,cold
case_032,4,41443,14274,13014,3.1844936222529583,8.827238335435057,238928,0,53248,40960,24,15,0,5.215798799999902,cold
case_032,5,41443,10415,10415,3.9791646663466156,0.0,12360,0,40960,36876,24,21,0,2.9988669000013033,cold
case_033,2,1774196,897883,891680,1.989722770500628,0.6908472484722398,6083420,3773068,524288,129032,24,7,0,29.56519130000015,neighbor
case_033,3,1774196,604202,592284,2.9955156647824355,1.9725191243987936,6873682,2958336,523776,81936,24,16,0,33.399408200002654,cold
case_033,4,1774196,460454,448507,3.9557821840015874,2.5946131426809194,7873656,2092544,523776,81932,24,13,0,33.42886820000058,cold
case_033,5,1774196,376794,358066,4.954941267810963,4.970355154275281,9318688,540672,523776,123910,24,28,0,36.575907900001766,first_range
case_034,2,842996,418129,417603,2.0186540805501876,0.12579849759284814,1645064,578560,524288,122898,24,14,0,30.506431800000428,cold
case_034,3,842996,282515,280008,3.010613982457644,0.8873865104507725,2656288,192532,523776,122894,24,29,0,37.753554599999916,cold
case_034,4,842996,213112,213112,3.955647734524569,0.0,3176960,57344,472576,122890,24,16,0,29.260704899999837,cold
case_034,5,842996,178096,177825,4.740593279910024,0.15216512442727517,3536896,49152,326144,122890,24,33,0,33.83571309999752,cold
case_035,2,169571,95406,95406,1.7773620107750037,0.0,0,0,73728,74792,14,8,0,14.303429999999935,cold
case_035,3,169571,95424,80298,2.1117711524570972,15.851358148893361,1106104,0,131200,62018,24,1,0,29.611871000000974,first_range
case_035,4,169571,95442,57436,2.9523469600947143,39.82104314662308,860672,0,73728,20882,24,6,0,40.854167600002256,cold
case_035,5,169571,95460,57788,2.9343635356821487,39.46364969620784,1089220,0,73728,20686,24,2,0,32.60121820000131,cold
case_036,2,931510,466068,466068,1.998656848356892,0.0,1152,0,13440,8192,15,5,0,11.590161599997373,cold
case_036,3,931510,311345,311345,2.991890025534375,0.0,2304,0,13440,8192,24,9,0,16.950539400000707,cold
case_036,4,931510,233584,233584,3.987901568600589,0.0,3456,0,13440,8192,24,12,0,16.218835100000433,cold
case_036,5,931510,187182,187182,4.976493466252097,0.0,4608,0,13440,8192,24,15,0,13.087995600002614,cold
case_037,2,210001,105374,105374,1.992910964754114,0.0,204800,0,225280,0,21,6,0,2.854466600001615,cold
case_037,3,210001,74038,73423,2.8601528131511924,0.8306545287555039,1302528,0,274432,0,24,21,0,4.556517699998949,cold
case_037,4,210001,53320,53320,3.938503375843961,0.0,614400,0,110592,0,24,14,0,3.7515172000021266,cold
case_037,5,210001,43800,43800,4.794543378995434,0.0,1925120,0,28672,0,24,21,0,4.481470400001854,cold
case_038,2,1364555,683459,680241,2.0059875838122077,0.4708402405996555,4281432,2776576,524288,115758,24,19,0,49.16971840000042,cold
case_038,3,1364555,462076,454331,3.0034380220588073,1.676131199196669,8208396,3329024,524288,110592,24,11,0,43.71292109999922,cold
case_038,4,1364555,346382,340987,4.001780126515087,1.5575289709049545,9405444,2569728,524288,45056,24,12,0,40.114462400000775,cold
case_038,5,1364555,280919,276832,4.929180875043348,1.4548677732727227,8981516,1413632,524288,65536,24,26,0,41.71222060000218,cold
case_039,2,1435262,708561,708561,2.025601183243221,0.0,11067392,6864896,524288,0,23,7,0,32.896332399999665,cold
case_039,3,1435262,485565,474850,3.022558702748236,2.206707649851204,13881344,4698112,524288,0,24,27,0,42.8421617999993,cold
case_039,4,1435262,395323,367778,3.902522717508932,6.967720066882017,12492800,6103040,524288,0,24,22,0,36.551493299997674,cold
case_039,5,1435262,431161,395087,3.632774553452784,8.366712202634282,17776640,5152768,524288,0,24,36,0,43.13314309999987,cold
case_040,2,253454,144027,137167,1.8477767976262511,4.762995827171294,278086,0,245760,103270,24,10,0,14.126485099997808,cold
case_040,3,253454,110105,110105,2.301929975932065,0.0,0,0,245760,90112,24,8,0,13.779730199999904,cold
case_040,4,253454,110202,108776,2.3300544237699494,1.2939874049472786,3337500,0,82176,90242,24,7,0,22.56887740000093,cold
case_040,5,253454,110337,102679,2.468411262283427,6.940554845609361,3505998,0,57856,84356,24,9,0,33.03361640000003,cold
case_041,2,6003957,3002984,2990754,2.0075061339046942,0.4072615771512602,32353304,27420672,524288,8200,21,13,0,185.02465669999947,cold
case_041,3,6003957,1998385,1997284,3.006060730471981,0.055094488799705764,34487376,24566784,524288,16386,18,12,0,181.86760850000064,cold
case_041,4,6003957,1501288,1498779,4.0058988016245225,0.16712316357687532,34913292,21209088,524288,8198,20,40,0,201.09948059999806,cold
case_041,5,6003957,1213259,1204262,4.985590344958157,0.7415564195278996,38810672,20245504,524288,10244,13,54,0,192.94259320000128,cold
case_042,2,1686740,849537,849537,1.9854815034542346,0.0,6469920,4417536,524288,32776,24,11,0,41.660607900001196,cold
case_042,3,1686740,567781,567697,2.9711976635423474,0.014794436587346176,8280352,4159488,524288,32776,24,19,0,48.04188620000059,cold
case_042,4,1686740,444517,423165,3.986010185152364,4.803415842363734,4217704,785408,524288,33800,24,44,0,59.805618599999434,cold
case_042,5,1686740,362266,362118,4.657984413920325,0.04085395814125532,10058752,2092032,524288,32776,24,65,0,61.105767000000924,cold
case_043,2,677656,353177,343756,1.9713285004479921,2.6675009980831144,2195566,268176,524176,129734,24,15,0,112.46093169999949,cold
case_043,3,677656,268777,265494,2.5524343299660255,1.2214586813603843,3493796,38116,295232,122900,24,8,0,100.2804305000027,cold
case_043,4,677656,269194,218005,3.1084424669158963,19.01565413790798,4905084,0,236544,104422,24,0,0,124.82967849999841,cold
case_043,5,677656,269612,187206,3.61984124440456,30.56466329391867,4990160,0,244736,115734,24,1,0,114.39915179999662,cold
case_044,2,154407,131105,43887,3.5182855971016473,66.5253041455322,930400,0,172160,0,24,8,0,6.896406300002127,cold
case_044,3,154407,123553,43931,3.514761785527304,64.44359910321886,930400,0,172160,0,24,12,0,8.244783300000563,cold
case_044,4,154407,124268,43931,3.514761785527304,64.64817974056072,930400,0,172160,0,24,16,0,9.736366299999645,cold
case_044,5,154407,132892,43931,3.514761785527304,66.94232910935195,930400,0,172160,0,24,19,0,11.094053500000882,cold
case_045,2,125614,63059,63059,1.99200748505368,0.0,0,0,0,32768,14,22,0,4.828016800001933,cold
case_045,3,125614,42601,42601,2.94861622966597,0.0,0,0,0,32768,24,30,0,7.219682900002226,cold
case_045,4,125614,31878,31878,3.940460505677897,0.0,0,0,0,32768,15,40,0,4.18139230000088,cold
case_045,5,125614,26164,26164,4.801024308209754,0.0,0,0,0,32768,24,24,0,6.58817899999849,cold
case_046,2,276455,166578,105918,2.610085160218282,36.41537297842452,930400,0,213504,0,24,16,0,5.260167799999181,cold
case_046,3,276455,142176,79904,3.459839307168602,43.79923475129417,1860800,0,197120,0,24,14,0,5.563564099997166,cold
case_046,4,276455,124612,78100,3.5397567221510884,37.32545822232209,2791200,0,180736,0,24,9,0,5.16701479999756,cold
case_046,5,276455,131039,78210,3.53477816136044,40.315478597974646,2791200,0,180736,0,24,14,0,6.029151399998227,cold
case_047,2,326508,326508,175422,1.861271676300578,46.273291925465834,500422,0,14592,28612,24,4,0,160.7914313000001,cold
case_047,3,326508,326508,126977,2.5713948195342464,61.11060065909564,1334028,0,21504,9572,24,4,0,142.49993970000287,cold
case_047,4,326508,326508,102614,3.1819050032159355,68.57228613081456,1057490,0,13824,9444,24,0,0,136.2407424999983,cold
case_047,5,326508,326508,94326,3.461484638381782,71.11066191333751,2350744,0,18624,8516,24,1,0,132.74126890000116,cold
case_048,2,222220,222220,130812,1.698773812800049,41.1340113401134,584518,0,13056,12292,24,6,0,10.50560680000126,cold
case_048,3,222220,222220,94684,2.3469646402771325,57.39177391773917,695564,0,8448,10628,24,2,0,8.969239000001835,cold
case_048,4,222220,222220,94456,2.352629795883798,57.494374943749435,761806,0,8704,10756,24,0,0,9.462433400000009,cold
case_048,5,222220,222220,93690,2.371864660049098,57.839078390783904,634002,0,8704,10308,24,0,0,10.262497499999881,cold
case_049,2,196276,160206,118661,1.654090223409545,25.932237244547647,1012058,0,86176,110564,24,10,0,25.325980399997206,cold
case_049,3,196276,160224,100334,1.9562262044770466,37.378919512682245,1503824,0,60032,92130,24,1,0,26.747800000001007,cold
case_049,4,196276,160242,86256,2.2755054720831014,46.17141573370277,1742718,0,54432,95842,24,0,0,30.300305099997786,cold
case_049,5,196276,160260,82319,2.3843341148459043,48.63409459628104,2060912,0,49280,95778,24,0,0,31.344660800001293,cold
case_050,2,149690,108121,74691,2.004123656129922,30.919062901748966,330004,16582,17216,128304,24,13,0,25.3011445000011,cold
case_050,3,149690,108134,56979,2.6271082328577195,47.307044962731425,723864,0,16544,71436,24,16,0,33.15051850000236,cold
case_050,4,149690,108147,43856,3.4132159795695003,59.44778865803028,811130,0,15392,57384,24,10,0,22.568359999997483,cold
case_050,5,149690,108160,40755,3.6729235676604097,62.31971153846154,958336,0,15104,65576,24,6,0,33.25931370000035,cold
case_051,2,607628,607628,318295,1.9090089382491084,47.616798435885116,668,0,196608,65546,20,6,0,5.399395300002652,cold
case_051,3,607628,607628,227413,2.6719140946208,62.57364703404057,952,0,131072,65542,24,6,0,5.947503499999584,cold
case_051,4,607628,607628,178135,3.4110534145451483,70.68354322052308,1140,0,98304,65540,24,6,0,6.117049600001337,cold
case_051,5,607628,607628,178135,3.4110534145451483,70.68354322052308,1140,0,98304,65540,24,7,0,6.529996299999766,cold
case_052,2,180301,91254,84778,2.1267427870438085,7.096675214237185,858788,45056,334336,129054,24,13,0,5.891346700002032,cold
case_052,3,180301,63361,60514,2.9794923488779457,4.493300295134231,832012,0,135936,86262,24,7,0,5.995316199998342,cold
case_052,4,180301,47721,45559,3.9575276015715883,4.530500199073783,651248,0,101376,81192,24,21,0,7.12890310000148,cold
case_052,5,180301,51670,37971,4.74838692686524,26.51248306560867,808652,0,101376,67620,24,49,0,10.290350899998884,cold
case_053,2,1472686,774929,703256,2.094096602090846,9.248976357834072,5343438,0,350064,70388,24,5,0,123.98709719999897,cold
case_053,3,1472686,546106,494145,2.980270973094942,9.514819467282909,8154352,0,235328,47876,24,5,0,130.47285069999998,cold
case_053,4,1472686,492232,412060,3.573960102897636,16.287441694160478,10218514,0,191040,32004,24,3,0,114.53267839999899,cold
case_053,5,1472686,492699,362409,4.063602173235212,26.444137292748714,7309256,6632,499200,131072,24,8,0,131.81281650000165,cold
case_054,2,815051,517960,419294,1.9438651638229978,19.048961309753647,4776444,0,278528,90340,19,6,0,134.32288049999988,cold
case_054,3,815051,517986,292055,2.7907448939412096,43.617202009320714,1859024,0,105984,23252,24,6,0,143.20435949999955,cold
case_054,4,815051,518015,231708,3.517578158717006,55.27002113838403,1766610,0,101376,21876,24,3,0,146.75406959999964,cold
case_054,5,815051,518133,201383,4.047268140806325,61.13295235007228,2980344,0,101376,19124,24,5,0,157.5513764999996,cold
case_055,2,118835,65764,59221,2.006636159470458,9.949212335016117,618150,0,75264,103458,24,4,0,7.465425200000027,cold
case_055,3,118835,43687,42829,2.774638679399472,1.9639709753473573,115712,0,65536,114704,24,13,0,7.440509899999597,cold
case_055,4,118835,31367,30952,3.8393318686999223,1.3230465138521375,514712,0,82432,82950,24,19,0,7.037419199998112,first_range
case_055,5,118835,26781,26264,4.524634480657935,1.9304730965983348,652328,0,43008,69640,24,16,0,5.991555299999163,neighbor
case_056,2,277285,265710,153129,1.8107935139653495,42.36987693349893,2662330,0,22208,71052,24,7,0,77.35361829999965,cold
case_056,3,277285,265728,102094,2.7159774325621484,61.579509874759154,2598576,0,20992,54568,24,5,0,70.52110089999769,cold
case_056,4,277285,265746,102031,2.71765443835697,61.60581909040964,2603280,0,20992,54568,24,3,0,97.42532420000134,cold
case_056,5,277285,265764,96721,2.866854147496407,63.60643277494318,3976084,0,18048,50250,24,4,0,77.6728200999969,cold
case_057,2,59726,33730,30139,1.981684860147981,10.6463089238067,18256,0,17280,122900,24,24,0,5.783647799999017,cold
case_057,3,59726,25250,21970,2.718525261720528,12.990099009900991,18208,0,17280,98320,24,37,0,5.565558800000872,cold
case_057,4,59726,20957,16208,3.684970384995064,22.6606861669132,24400,0,17920,77836,24,60,0,6.467959300000075,cold
case_057,5,59726,16538,16209,3.684743043987908,1.9893578425444431,85822,0,17920,77836,24,41,0,5.151568299999781,cold
case_058,2,4539717,2271316,2267345,2.0022171306087078,0.17483256402895941,33746944,27074560,524288,0,21,12,0,185.80835790000128,cold
case_058,3,4539717,1554831,1528788,2.969487594094145,1.674973035654679,21614592,9605120,524288,0,21,23,0,185.68864119999853,cold
case_058,4,4539717,1154519,1151253,3.943283535417497,0.28288837169418607,42921984,23019520,524288,0,22,23,0,186.08283930000107,cold
case_058,5,4539717,1004819,934884,4.855914744503061,6.959959952986558,30380032,8622080,524288,0,20,41,0,189.44609430000128,cold
case_059,2,829473,369318,369318,2.2459587672412393,0.0,360448,0,421888,0,24,9,0,13.781606100001227,cold
case_059,3,829473,266217,260714,3.181543760595902,2.0671106653594626,3186688,925696,524288,0,24,25,0,18.823135999999067,cold
case_059,4,829473,185216,185216,4.478408992743607,0.0,1081344,0,241664,0,24,16,0,13.636413500000344,cold
case_059,5,829473,150782,150782,5.501140719714555,0.0,4325376,0,520192,0,24,18,0,15.309268699998938,cold
case_060,2,888789,469437,442050,2.010607397353241,5.834009675419704,3385392,2187280,524288,122906,24,21,0,43.2304965000003,cold
case_060,3,888789,334622,310589,2.8616242043343454,7.182133870456814,5723712,1242172,524288,126980,24,27,0,44.36133990000235,cold
case_060,4,888789,229383,229360,3.875082839204744,0.010026898244420903,3966232,412692,524288,122894,24,34,0,37.86635319999914,cold
case_060,5,888789,183272,183263,4.849800559851143,0.004910733772753066,4290948,81920,452608,122894,24,29,0,35.23421330000201,cold
case_061,2,77191,39299,39298,1.9642475444042953,0.0025445940100257006,34560,0,49920,47136,24,15,0,5.138797399999021,cold
case_061,3,77191,28409,28371,2.7207712100384196,0.1337604280333697,43012,0,44544,52260,24,24,0,5.037212200000795,cold
case_061,4,77191,27166,27166,2.8414562320547745,0.0,62208,0,44544,34840,24,12,0,5.037894000000961,cold
case_061,5,77191,22283,20757,3.7187936599701303,6.848269981600323,157028,0,45312,16414,24,14,0,6.053500199999689,cold
case_062,2,2854809,2854809,1430440,1.9957558513464388,49.89367064486626,224256,0,12288,64512,10,27,0,182.86685240000224,cold
case_062,3,2854809,2854809,955129,2.9889250561965977,66.54315577679628,299520,0,7680,43008,12,18,0,182.55340179999985,cold
case_062,4,2854809,2854809,717090,3.981102790444714,74.88133181589382,339456,0,7680,33792,14,19,0,183.15457379999862,cold
case_062,5,2854809,2854809,567755,5.028241054680276,80.11232975656165,15037440,251904,514560,130560,16,26,0,184.41325789999973,cold
case_063,2,1070397,1070397,536188,1.996309130379643,49.90755766318478,46080,0,7680,23040,24,31,0,73.9739370999996,cold
case_063,3,1070397,1070397,351019,3.0493990353798512,67.20665323239882,4792320,15360,399360,130560,23,17,0,67.42388329999812,cold
case_063,4,1070397,1070397,263646,4.059978152522701,75.36932558667485,5208576,0,247296,84480,24,33,0,82.48113999999987,cold
case_063,5,1070397,1070397,212149,5.04549632569562,80.18034430216079,5555712,0,196608,67584,24,26,0,79.00142030000279,cold
case_064,2,19116,19116,13395,1.4270996640537514,29.9278091650973,50982,0,7680,8084,24,4,0,5.0573937999979535,cold
case_064,3,19116,19116,10658,1.7935822856070558,44.245658087466,66892,0,8864,4100,24,4,0,4.505381400002079,cold
case_064,4,19116,19116,10465,1.8266602962255136,45.25528353211969,83824,0,8224,2916,24,0,0,6.164945099997567,cold
case_064,5,19116,19116,10292,1.85736494364555,46.16028457836367,83728,0,8288,2916,24,0,0,7.0246141999996325,cold
case_065,2,53068,26928,25554,2.0767003208890977,5.102495543672014,21168,0,36864,66576,24,11,0,3.0789632000014535,cold
case_065,3,53068,18165,18165,2.921442334159097,0.0,27792,0,36864,40968,24,9,0,2.651275700001861,cold
case_065,4,53068,14502,14387,3.6886077709042886,0.7929940697834781,41876,0,36864,40968,24,25,0,3.59478880000097,cold
case_065,5,53068,12156,11561,4.59026035810051,4.89470220467259,210228,0,32256,36872,24,11,0,2.8422601999991457,neighbor
case_066,2,359070,248146,185994,1.9305461466498919,25.04654517904782,962412,0,123312,70442,24,6,0,51.573773000000074,cold
case_066,3,359070,248976,137048,2.6200309380654954,44.95533706060022,1906520,0,79872,38408,24,2,0,52.17300559999785,cold
case_066,4,359070,249811,112071,3.2039510667344806,55.137684089171415,2276914,0,89088,35528,24,2,0,49.87947239999994,cold
case_066,5,359070,250449,94772,3.788777275988689,62.15916214478796,2420422,0,89088,42022,24,3,0,54.44938909999837,cold
case_067,2,63834834,33768704,30500185,2.0929326822116,9.679136634914979,22365440,17465344,524288,0,24,8,0,89.56654399999752,cold
case_067,3,63834834,23568859,20272452,3.148846227382854,13.986281643926846,17584896,10141696,518144,0,24,20,0,95.46515649999856,cold
case_067,4,63834834,18473155,15216198,4.195189494773924,17.630756630364438,17030272,5734400,518144,0,24,20,0,102.34016429999974,cold
case_067,5,63834834,15931687,12334877,5.175149618435595,22.576454081730326,18799872,2441216,518144,0,24,12,0,114.19692510000095,cold
case_068,2,362095,302408,186013,1.9466112583529107,38.48939181503135,1427488,45442,83520,125404,24,5,0,50.02261889999863,cold
case_068,3,362095,303144,134975,2.682681978144101,55.47495579658512,2190516,0,69504,109588,24,7,0,35.20880780000152,cold
case_068,4,362095,303921,122595,2.95358701415229,59.66221485188585,3057330,0,66048,98692,24,6,0,31.81802560000142,cold
case_068,5,362095,304058,122035,2.9671405744253696,59.86456531319683,3065990,0,66048,98692,24,5,0,37.70806300000186,cold
case_069,2,25144,25144,13405,1.8757180156657964,46.68708240534521,111846,0,37248,34770,24,4,0,3.541066599998885,cold
case_069,3,25144,25144,10867,2.3137940553970737,56.78094177537385,293004,0,28800,13684,24,2,0,3.6391474999982165,cold
case_069,4,25144,25144,9592,2.621351125938282,61.85173401209036,262578,0,26880,11618,24,4,0,3.3290153999987524,cold
case_069,5,25144,25144,9592,2.621351125938282,61.85173401209036,262578,0,26880,11618,24,4,0,4.229518299998745,cold
case_070,2,117300,58525,58257,2.013491940882641,0.4579239641178984,129552,0,114176,16392,24,9,0,5.113520999999309,cold
case_070,3,117300,45661,40995,2.8613245517746067,10.218786272749174,376344,0,116224,30734,24,15,0,5.410066500000539,neighbor
case_070,4,117300,36336,33350,3.5172413793103448,8.217745486569793,811200,0,67584,31744,24,18,0,5.870007800000167,first_range
case_070,5,117300,27664,26584,4.412428528438158,3.9039907460960097,462852,0,104192,16392,24,24,0,6.34603849999985,cold
case_071,2,18919,18919,10540,1.7949715370018975,44.288810190813464,79782,0,27648,23202,24,5,0,2.48057620000327,cold
case_071,3,18919,18919,9004,2.101177254553532,52.4076325387177,257100,0,29184,14722,24,0,0,2.563997699999163,cold
case_071,4,18919,18919,8493,2.2275991993406334,55.10862096305301,179442,0,24576,11714,24,2,0,3.081583299997874,cold
case_071,5,18919,18919,8493,2.2275991993406334,55.10862096305301,179442,0,24576,11714,24,3,0,3.6605163999993238,cold
case_072,2,23897828,11833111,11833111,2.0195727057745,0.0,113945376,102996424,524288,30198,7,5,0,202.31854909999674,cold
case_072,3,23897828,7945629,7926170,3.015053676618089,0.2449019454595728,118470700,98032936,524288,59542,8,6,0,193.7079690999999,cold
case_072,4,23897828,5994354,5972781,4.001122425215323,0.3598886552245663,124242974,92324400,524288,40372,8,7,0,193.20715159999963,cold
case_072,5,23897828,4863110,4820122,4.957930110482681,0.8839610866297494,129444980,88998416,524288,59158,9,9,0,191.20314320000034,cold
case_073,2,10081626,5980423,4145668,2.4318459654752864,30.67935161108169,3884288,0,459264,0,19,16,0,37.07150240000192,cold
case_073,3,10081626,4515227,2822777,3.57152761270196,37.483165298223106,7475968,0,401920,0,24,8,0,42.91611499999999,cold
case_073,4,10081626,3903787,2197773,4.587200770962243,43.70151342785864,11181184,0,377344,0,24,8,0,53.95689439999842,cold
case_073,5,10081626,3517515,1829702,5.5099824998824944,47.98310739257686,14886400,0,360960,0,24,8,0,57.816500000000815,cold
case_074,2,1682239,822510,819895,2.0517737027302276,0.31792926529768634,7159808,4874240,524288,122892,24,13,0,32.16346920000069,cold
case_074,3,1682239,553814,553722,3.038057003333803,0.01661207553438519,7630848,3043328,524288,122892,24,18,0,31.825795599997946,cold
case_074,4,1682239,423088,413220,4.071049319974832,2.3323752978103847,8552452,1892352,524288,122892,24,27,0,34.03661690000081,cold
case_074,5,1682239,347042,345365,4.8709017995454085,0.48322681404556217,9453568,1597440,524288,122896,24,54,0,34.38973050000277,cold
case_075,2,1441809,1441809,733449,1.9657931226302032,49.12994717053368,1407622,0,47872,52964,24,4,0,44.32556720000139,cold
case_075,3,1441809,1441809,546846,2.6365905574878483,62.072230094277394,3968268,0,49920,28804,24,5,0,49.17128380000213,cold
case_075,4,1441809,1441809,398037,3.6222989320088335,72.39322268067407,3455122,0,39936,23812,24,6,0,42.06348330000037,cold
case_075,5,1441809,1441809,358375,4.023185211021974,75.14407248116775,5720854,0,35456,28866,24,2,0,56.89399649999905,cold
case_076,2,6185113,3069464,3069464,2.015046600970072,0.0,30744576,26670080,524288,8192,12,8,0,187.51267449999796,cold
case_076,3,6185113,2061609,2061506,3.000288623947735,0.004996097708149314,35123204,26974208,524288,8192,11,16,0,204.3710276999991,cold
case_076,4,6185113,1550155,1550155,3.9899964842225453,0.0,35703808,23480320,524288,8192,8,15,0,199.18564609999885,cold
case_076,5,6185113,1238120,1231409,5.0227934017048765,0.5420314670629665,37485724,21187584,524288,8198,8,18,0,195.54033150000032,first_range
case_077,2,495320,250735,250414,1.978004424672742,0.12802361058488046,90112,0,106592,50212,24,16,0,32.266077499996754,cold
case_077,3,495320,178739,178621,2.773022209034772,0.06601804866313452,114688,0,106592,50212,24,20,0,26.583244000001287,cold
case_077,4,495320,144734,144734,3.4222781101883455,0.0,172032,0,106496,36864,24,15,0,21.649610599997686,cold
case_077,5,495320,121081,121081,4.090815239385205,0.0,172032,0,106496,36864,24,15,0,23.20831420000104,cold
case_078,2,2296143,1260358,1024634,2.240939691636233,18.702939958329303,2148480,0,430848,0,21,12,0,3.5883823999974993,cold
case_078,3,2296143,993959,759650,3.0226327914171,23.57330634362182,4849920,0,406272,0,19,13,0,3.6832968999988225,cold
case_078,4,2296143,690924,520320,4.4129439575645755,24.692151379891275,6445440,0,381696,0,23,15,0,4.063471900000877,cold
case_078,5,2296143,663941,520320,4.4129439575645755,21.631590758817428,6445440,0,381696,0,24,12,0,6.231995199999801,cold
case_079,2,31052251,15446486,15372096,2.0200401428666592,0.4815982094568305,32485376,28688384,524288,0,24,13,0,180.99319299999843,cold
case_079,3,31052251,10181692,10172123,3.052681431398342,0.09398241471063945,40742912,28971008,524288,0,20,23,0,185.57061389999944,cold
case_079,4,31052251,7635624,7619754,4.075230118977594,0.2078415595110498,30982144,19935232,524288,0,14,32,0,187.0817253999994,cold
case_079,5,31052251,6075976,6075853,5.110764035930428,0.0020243661265284788,47900672,24602624,524288,0,13,29,0,187.53508280000096,cold
case_080,2,292138,145926,145926,2.0019598974822856,0.0,2191360,286720,524288,0,23,8,0,5.398095300002751,cold
case_080,3,292138,100325,100098,2.9185198505464647,0.22626463992025916,983040,0,491520,0,24,29,0,6.427918400000635,cold
case_080,4,292138,111314,92659,3.1528291909042836,16.75889825179223,2584576,0,413696,0,24,31,0,8.801717300000746,cold
case_080,5,292138,113455,100098,2.9185198505464647,11.772949627605659,983040,0,491520,0,24,33,0,7.84826239999893,neighbor
case_081,2,151795,76860,76860,1.9749544626593807,0.0,0,0,0,14340,16,17,0,17.316661199998634,cold
case_081,3,151795,51943,51943,2.9223379473653814,0.0,0,0,0,14340,24,16,0,21.706311000001733,cold
case_081,4,151795,39588,39588,3.834369000707285,0.0,0,0,0,14340,24,19,0,20.931883299999754,cold
case_081,5,151795,30943,30943,4.905632937982743,0.0,0,0,0,14340,13,38,0,13.325316099999327,cold
case_082,2,721041,721041,363831,1.9818019904845932,49.54087215567492,593542,0,53504,84068,24,5,0,21.07278419999784,cold
case_082,3,721041,721041,246508,2.9250206889837247,65.8122076275829,1653996,0,82944,57060,24,5,0,23.2776864999978,cold
case_082,4,721041,721041,200407,3.5978833074693,72.20588010945286,1373330,0,46080,32452,24,1,0,18.501057100002072,cold
case_082,5,721041,721041,185479,3.887453566171912,74.27622007625087,2773528,0,52352,31556,24,3,0,20.21097799999916,cold
case_083,2,1057993,644672,412089,2.5673895687582053,36.077726347662065,1192256,0,410112,0,23,12,0,20.25580489999993,cold
case_083,3,1057993,512623,284253,3.7220117289879084,44.549308166040156,2400896,0,328192,0,24,12,0,21.55709510000088,cold
case_083,4,1057993,450029,210963,5.0150642529732705,53.122354337164936,2791200,0,279040,0,24,29,0,21.93729059999896,cold
case_083,5,1057993,442480,181470,5.8301261916570235,58.987976857711075,4179488,0,262656,0,24,10,0,23.015925499999867,cold
case_084,2,2507412,1255052,686924,3.650202933657872,45.26728772991079,9427968,9427968,10752,129120,21,10,0,78.64885019999929,cold
case_084,3,2507412,836220,458172,5.472643461407507,45.209155485398576,9179136,9179136,10752,129120,24,24,0,89.50739320000139,cold
case_084,4,2507412,629028,384788,6.516346663617369,38.828160272674666,8930304,8930304,10752,129120,24,25,0,82.41421780000019,cold
case_084,5,2507412,503472,375094,6.6847563544071615,25.498538151078908,8681472,8681472,10752,129120,24,29,0,84.69928029999937,cold
case_085,2,3187899,3187899,1660638,1.9196832783544637,47.90807362466627,2179718,0,67328,71684,24,3,0,175.15630210000018,cold
case_085,3,3187899,3187899,1126268,2.8304977145759267,64.67052437985018,5903116,0,102784,55748,24,5,0,164.89650240000265,cold
case_085,4,3187899,3187899,831886,3.832134451114696,73.90488218102267,5078962,0,57344,44292,24,6,0,155.1165120000005,cold
case_085,5,3187899,3187899,746292,4.271651042755383,76.5898480472562,10855448,0,90752,37252,24,2,0,158.28970040000058,cold
case_086,2,118403,118403,59705,1.9831337408927225,49.57475739634975,418278,0,38112,73460,24,5,0,29.169779899999412,cold
case_086,3,118403,118403,47689,2.482815743672545,59.7231489067,1096140,0,46464,25348,24,1,0,25.436590100001922,cold
case_086,4,118403,118403,35706,3.316053324371254,69.84366950161736,971058,0,28800,20596,24,4,0,22.857955300001777,cold
case_086,5,118403,118403,35541,3.33144818660139,69.98302407878178,996404,0,28800,20596,24,4,0,30.17897559999983,cold
case_087,2,3974071,1985234,1985234,2.0018148994022873,0.0,9999360,7994880,520704,59414,14,14,0,185.23048449999987,cold
case_087,3,3974071,1385253,1358472,2.925397799881043,1.9332930518829412,16394342,6784848,520704,63992,14,9,0,189.61207569999897,cold
case_087,4,3974071,1069661,1022261,3.8875306795427,4.431310480610212,22455922,6702624,520704,42632,14,10,0,183.34107529999892,cold
case_087,5,3974071,888504,885740,4.486724095106916,0.3110846996749593,25908378,5434800,520704,41432,15,15,0,184.0909124000027,cold
case_088,2,243623,202290,135849,1.7933367194458554,32.84443126204953,850054,0,97152,43638,24,5,0,15.56078179999895,cold
case_088,3,243623,202428,96111,2.5348087107615154,52.52089631869109,1473104,0,84672,40932,24,6,0,15.089465400000336,cold
case_088,4,243623,202670,86709,2.809662203462155,57.21665762076281,2037046,0,85248,37060,24,5,0,16.882080600000336,cold
case_088,5,243623,202791,83022,2.9344390643443905,59.060313327514535,2154682,0,78592,37058,24,5,0,19.74813549999817,cold
case_089,2,693092,346832,295856,2.3426667027202424,14.697605757254232,238720,0,249928,0,23,14,0,24.613957999998092,cold
case_089,3,693092,243614,205090,3.379452923106929,15.813541093697406,1797888,0,122952,0,24,11,0,30.551918499997555,cold
case_089,4,693092,178160,148856,4.656124039340034,16.448136506511002,716160,0,127048,0,24,29,0,23.81598959999974,cold
case_089,5,693092,147432,120170,5.767595905800117,18.491236637907647,954880,0,102656,0,24,35,0,23.436225299999933,cold
case_090,2,1178363,769224,451762,2.608371222015132,41.27042317972398,2165760,0,374976,0,24,12,0,7.745849999999336,cold
case_090,3,1178363,657430,325783,3.617018076449661,50.44597903959357,4656000,0,341184,0,24,8,0,9.113496799996938,cold
case_090,4,1178363,608275,278923,4.224689251155337,54.1452468044881,6395400,0,350400,0,24,7,0,11.067848799997591,cold
case_090,5,1178363,542638,257160,4.58221729662467,52.60929017134812,8593920,0,350400,0,24,3,0,8.54134189999968,cold
case_091,2,9186769,4590046,4575273,2.0079171231968016,0.3218486263536357,57349824,50746560,523776,4100,12,8,0,203.7821972999991,cold
case_091,3,9186769,3070809,3049008,3.013035387247262,0.7099432104048151,62702240,49745568,523776,4100,10,22,0,194.1609301999997,cold
case_091,4,9186769,2315529,2306373,3.9832104347388735,0.39541720272127884,65286784,45820320,523776,4100,12,10,0,189.05664420000176,cold
case_091,5,9186769,1874503,1857347,4.946178070118292,0.9152292634367617,71410188,45447680,523776,10240,10,40,0,191.09665780000068,neighbor
case_092,2,4815554,2828252,2011752,2.3937115509267546,28.869421819554976,10608224,9641984,524288,0,24,16,0,176.71339420000004,cold
case_092,3,4815554,2231804,1347012,3.5749896808640163,39.64469998261496,8471744,6381568,524288,0,17,22,0,184.8216864999995,cold
case_092,4,4815554,1927728,998029,4.825064201541238,48.227706398413055,6264608,3473408,517120,0,24,12,0,185.59240900000077,cold
case_092,5,4815554,1649430,788671,6.10590981537295,52.18523974948922,3950976,229376,517120,0,24,7,0,178.75377350000053,cold
case_093,2,74205,37827,37827,1.9616940280751844,0.0,8192,0,20480,0,14,4,0,1.45349189999979,cold
case_093,3,74205,25103,25103,2.956021192686133,0.0,16384,0,20480,0,24,8,0,2.347748300002422,cold
case_093,4,74205,19779,19779,3.751706355225239,0.0,24576,0,20480,0,24,11,0,2.378182899999956,cold
case_093,5,74205,15876,15876,4.674036281179139,0.0,32768,0,20480,0,24,14,0,2.400284199997259,cold
case_094,2,94892,53614,45604,2.0807823875098674,14.940127578617526,247608,0,74496,104448,24,15,0,2.7305793999985326,cold
case_094,3,94892,39889,36257,2.617204953526216,9.105267116247587,462404,0,87808,114688,24,12,0,4.0985729999993055,cold
case_094,4,94892,30709,30549,3.106222789616681,0.5210198964472955,318820,0,75776,40960,24,18,0,2.976479900000413,cold
case_094,5,94892,25530,25370,3.7403232163973197,0.626713670191931,259204,0,80640,40960,24,26,0,3.1618218000003253,cold
case_095,2,2084853,1042890,573788,3.633490069503022,44.9809663531149,16588800,16588800,30720,129216,21,13,0,37.96163669999805,cold
case_095,3,2084853,695775,474501,4.393779992033736,31.802522367144554,16367616,16367616,30720,129216,24,24,0,43.375873000000865,cold
case_095,4,2084853,524422,468207,4.4528445751558605,10.719420619272265,16146432,16146432,30720,129216,24,10,0,42.76473040000201,cold
case_095,5,2084853,420852,420852,4.953886401870491,0.0,0,0,36864,37056,24,12,0,36.85236789999908,cold
case_096,2,84194,47175,46054,1.8281582490120294,2.3762586115527293,676784,0,109312,86016,24,8,0,6.228228299998591,cold
case_096,3,84194,33662,33645,2.502422351017982,0.05050204978907968,67392,0,72576,69632,24,13,0,5.694082500001969,cold
case_096,4,84194,26984,26984,3.120145271271865,0.0,78336,0,72576,20480,24,13,0,5.077616000002308,cold
case_096,5,84194,27053,26984,3.120145271271865,0.25505489224854916,78336,0,72576,20480,24,21,0,6.178695399998105,cold
case_097,2,11491509,5617602,5562335,2.0659505405553604,0.9838183623546132,12115968,9560064,524288,0,24,14,0,76.67888790000143,cold
case_097,3,11491509,3660459,3635098,3.161265253371436,0.692836608742237,16670720,7831552,524288,0,24,20,0,80.49431389999882,cold
case_097,4,11491509,2626908,2616285,4.392300150786325,0.40439177923246644,15790080,7163904,524288,0,24,44,0,60.96804989999873,cold
case_097,5,11491509,2102348,2102204,5.466410015393368,0.0068494844811610636,21950464,4591616,524288,0,24,33,0,62.659245900002134,cold
case_098,2,177430,89756,89756,1.9768037791345425,0.0,0,0,229376,110620,7,15,0,1.9345500999988872,cold
case_098,3,177430,89825,79323,2.2368039534561226,11.691622599499025,1642916,20480,131072,122890,24,9,0,7.596819800000958,cold
case_098,4,177430,89894,60423,2.936464591298016,32.784168020112574,1991692,0,94208,126984,24,9,0,8.50596570000198,cold
case_098,5,177430,90168,69570,2.5503809113123475,22.844024487623106,1396952,0,98304,65542,24,1,0,6.2812382000010984,cold
case_099,2,1622999,811392,810820,2.0016760810044154,0.0704961350370721,7035800,5125248,524288,6962,24,11,0,40.80298880000191,cold
case_099,3,1622999,539533,539528,3.0081830785427264,0.0009267273734878125,8335688,4521984,524288,7696,24,14,0,40.05590220000158,cold
case_099,4,1622999,406807,405524,4.002226748601809,0.3153829703028709,9269260,3555328,524288,6144,24,34,0,43.94957360000262,cold
case_099,5,1622999,337221,337091,4.814720654066706,0.03855038683830485,10706048,3080192,524288,6144,24,31,0,42.30243039999914,cold
case_100,2,151223,90243,80490,1.8787799726674121,10.80748645324291,1833032,221184,253568,131072,24,6,0,8.074071700000786,cold
case_100,3,151223,57811,57811,2.6158170590372074,0.0,72192,0,229376,81920,24,12,0,5.514364599999681,cold
case_100,4,151223,58086,49225,3.0720771965464704,15.254966773404952,1605304,0,104192,65546,24,12,0,8.999762300001748,cold
case_100,5,151223,58085,46089,3.28110829048146,20.652492037531204,1578556,0,97536,66050,24,13,0,10.88912369999889,cold
