case,cores,status,no_l2_cycles,l2_cycles,no_l2_added_bytes,l2_added_bytes,cache_hit_rate,hit_bytes,miss_bytes,cache_gain,seconds,plan_sha256,error
case_001,1,ok,233110,233110,0,0,0.0,0,820352,1.0,0.22333400000024994,50ee5d5a1d65b90f3298dc6e32de3972542cb3a3903552e5ee94b938440c57e5,
case_001,2,ok,116868,116868,1152,1152,0.0,0,821504,1.0,0.20881610000014916,1c6cf2db91449c12c3f74d32318e7eb99bc2b42e8e9d12be444e905170f9c7b9,
case_001,3,ok,78545,78545,2304,2304,0.0,0,822656,1.0,0.20311899999978777,615c13f2ec631ff23820de604f6b709a649e3e6e7d9e7f88769397c5311404a2,
case_001,4,ok,58984,58984,3456,3456,0.0,0,823808,1.0,0.20770290000018576,24e0f017ce3f83737422c6595a29d122fe67b93a2fb3278d0dbecde6ce1ecadc,
case_002,1,ok,261945,261945,0,0,0.0,0,1222656,1.0,0.5719904000002316,e3b62ca3a137a835cd48a9365ff8a72f02cc6f05daf538356623df26b00b0468,
case_002,2,ok,125242,125242,1133568,1133568,0.22585551330798478,456192,1563648,1.0,0.7571570000000065,cf3cab9466aca079f33fa27edeee9678302adf44826141748ced71d1161d230f,
case_002,3,ok,83970,83970,1264128,1264128,0.24520255863539445,529920,1631232,1.0,0.7063978999999563,eff3fee97118166c2a48861f203b2c64a51cc1183cfdb944d66e674486a6f2d9,
case_002,4,ok,65970,65970,1271808,1271808,0.3079608938547486,677376,1522176,1.0,0.6673052999999527,ff150eb31d29ae18ee53957c8a6c9ee5679a698b00ef96a14b4e7dd9a86c500c,
case_003,1,ok,602212,602212,0,0,0.0,0,1284230,1.0,9.220976200000223,1a473b4de23105137ec62861de072fbac05405b853d55658bffcd8e75908dd9a,
case_003,2,ok,317215,317214,1059210,1059210,0.14431350760561323,284676,1687946,1.000003152445983,7.50031590000026,ed87e8a76450068a869623d3921fcd280d213b53d29d36439f098915200d7d80,
case_003,3,ok,217704,217584,2458894,2458894,0.39019380334301246,1168266,1825800,1.000551511140525,7.057620799999768,33b3ac0a1e248aaa11f6b045bf061752a609474953eb55d786254296e1a7440e,
case_003,4,ok,180280,180034,2854806,2854806,0.39155151940493926,1278736,1987082,1.0013664085672707,6.466328699999849,4c051abf71059d77bf7f345fa15505d3a737e5d3b2474c6b480385c87c9acfd8,
case_004,1,ok,392357,392357,0,0,0.0,0,451584,1.0,0.22984839999980977,037287961b9d9d6093aeb6d4cb680c005d4a4760fd5ecef1d454930af60e48de,
case_004,2,ok,199074,199074,110592,110592,0.0,0,562176,1.0,0.21531559999993988,9988fe599fad0f2caf2b70c989fa5f054a5f07c606699de1b132096170aab6e3,
case_004,3,ok,134043,134043,221184,221184,0.0,0,672768,1.0,0.2127898999997342,c6380c9f79c67c63fc0afb1aa0442d26baa646556142c3690856816a511bf384,
case_004,4,ok,102290,102290,3726336,3726336,0.23202614379084968,654336,2165760,1.0,0.44170819999999367,aca7ac5323411ba0801da5caaae54d003af49decf12d481f20ba017bb442dde2,
case_005,1,ok,95618,95618,0,0,0.0,0,318822,1.0,1.4678515000000516,6eb39ce98179d639db67413478cb56976f77b63d3afc1ad94cbd85377017ba62,
case_005,2,ok,52497,52497,324774,324774,0.10866797142116061,55302,453606,1.0,1.4305414000000383,7587a3aded8df988ab927fa7698585bec669353166237fbc648207510253f91a,
case_005,3,ok,40393,39266,900684,900684,0.3933882521970902,351564,542118,1.0287016757500127,1.4462956000002123,ca8112116e48403662bff39210bb2f4c43accb4c4511f02a859321f2e7ccaf99,
case_005,4,ok,35109,33363,963570,963570,0.38696829562971297,371536,588584,1.0523334232533046,1.3615341999998236,fd8b09f7fe2ac7175c91dc2435bf92620266bd606e310a8ae7435bb1babd66c7,
case_006,1,ok,82837,82837,16400,16400,0.029275126148920052,16384,543272,1.0,0.18330990000004022,e8d3ed91089efe98f011e9644afe62ac4d6973c59b0d3f59f14753e2fbd6e871,
case_006,2,ok,40831,40831,308812,308812,0.16047797461946334,121728,636806,1.0,0.2234691000003295,44471f472dfcc08a79962af3e1e66206a4192b39e79be98e0581731c52a13a39,
case_006,3,ok,32965,32597,528836,528836,0.1591354712647309,141058,745344,1.0112893824585085,0.2562681999997949,61cdb51ad5bd2a78469bde5cb62dc79e439a971070ac4922c30b83c2ade2014e,
case_006,4,ok,24586,24163,637248,637248,0.15313239353312302,149124,824700,1.0175061043744569,0.25901040000007924,0c2ced26814e342bbaa181780209d0d35b6a2189f758edd492966fd89c01479e,
case_007,1,ok,1012562,1012562,0,0,0.0,0,880128,1.0,1.9618056999997862,f77c69b65eb86b3d67a5234462bb5bca4de39d250d5cf19ac77e6e222ad6ed3d,
case_007,2,ok,507494,507494,27648,27648,0.0,0,907776,1.0,1.5862569000000803,52aa1f97cf1fa06190d3174d72460f81c27f12823ae206d812d0bffcfe849811,
case_007,3,ok,338094,338094,55296,55296,0.0,0,935424,1.0,1.4088222000000314,d20378d444bc7d56eeb2e595c0b1302ce6cef4879fa599bb2bf2a04ec28c1d7a,
case_007,4,ok,254398,254398,82944,82944,0.0,0,963072,1.0,1.3652007000000594,589758759dabf6d3e6074eb11040ff599ab83dd833132e3d60ce78b9901b3e96,
case_008,1,ok,487605,487605,0,0,0.0,0,1990872,1.0,0.39874139999983527,388dce59cb076d992e377ef77e91c37acaa8782684c46bdb3666c63d856f2ea6,
case_008,2,ok,136244,136244,3538944,3538944,0.0,0,3760344,1.0,0.416228399999909,56cee2cbd32a87b69a46bcf5817f3be8fb2b7d906b79870357efa86b73eb51f9,
case_008,3,ok,110229,110229,3317760,3317760,0.0,0,3649752,1.0,0.37268889999995736,0d123d951eaabd070fce98a2694d741c5fea6baf00a17cd01f077e1c3e25c42f,
case_008,4,ok,104264,104264,3096576,3096576,0.0,0,3539160,1.0,0.35777479999978823,b0a0a5f62b6788c8f407cfe0304f7b8d94d761fbddbf0577101a28cf80ef9a15,
case_009,1,ok,153261,153261,0,0,0.0,0,495194,1.0,2.621575000000121,1c4e7c1fcb5bd356f4012f115262813f15ea53f8b2e5c226d0840682cf3e3d09,
case_009,2,ok,90813,90813,515502,515502,0.201974839713841,169734,670638,1.0,2.814292900000055,029737efc8faf42b5975c3bf97ce363370a611d0bd72d6919be5c0d540330b31,
case_009,3,ok,73832,73686,1008868,1008868,0.3319640140814464,381908,768542,1.001981380452189,3.0910877999999684,5f9975d2669fc5e0f2f1345596a4400f2f1997f6fc6f77a7dacef70454d63ab1,
case_009,4,ok,66815,66501,1027874,1027874,0.35324112338702873,418838,766862,1.0047217335077667,3.057706199999757,c244027e9f2d083a6e1b257a53d010345af5264a51ca560938d3c33a996b9187,
case_010,1,ok,86969,86969,0,0,0.0,0,384078,1.0,0.1750000000001819,c2c12cc98c307bce97233ef0fe7277d4091e24897997266f1fc1ef65daa9a013,
case_010,2,ok,45295,45251,943420,943420,0.10976671040018376,99392,806092,1.0009723542021172,0.2709734000000026,7aa65af18c35515a30ebd6acd3a321d578842e159f2df7643e35e07cf88891fb,
case_010,3,ok,34803,34803,341144,341144,0.21153083434099154,131202,489048,1.0,0.2636574000002838,05ad8ceab4cb3d1e017c6bed13b5a47d80b1faf3f0ad7cdccf3b2b947e2b1264,
case_010,4,ok,25173,25010,365144,365144,0.2325116935866765,151812,501110,1.0065173930427829,0.2840016000000105,8a290d3683a0620748678942ff9186aebeaeb49c85cfee77f668f1f63bf04aa0,
case_011,1,ok,184697,184697,0,0,0.0,0,540672,1.0,0.2202620999996725,9f03af9aaa2c6644b88a89f3009569f44fd5b0e76c61b42ce8a15ef47cdcd7a6,
case_011,2,ok,92646,92646,180224,180224,0.0,0,720896,1.0,0.21932379999998375,dd85bbfff3f3136169313b512d6335441de960542e153517eb9de9743d101fa3,
case_011,3,ok,87128,87128,2998272,2998272,0.4158730158730159,1073152,1507328,1.0,0.409037900000385,fd668ccbb25d98a980d58e16e8c5f87c1d1a0e32caa6e08aac0622084923014d,
case_011,4,ok,46880,46880,540672,540672,0.0,0,1081344,1.0,0.2535232999998698,de8fa7c3d5a69aff0fc399972935ca452d9dd4ee376ec7d1effa8f7ed70c5a90,
case_012,1,ok,59088,59088,0,0,0.0,0,484096,1.0,0.3179761999999755,cfe331bb6d824d1889ea34b91b430446bca01d30b6196f18885c3fe4d9c0f151,
case_012,2,ok,27573,27573,28800,28800,0.0561517344646868,28800,484096,1.0,0.342685199999778,9f7e583b55184e301f9cc0f8936fc8665f845933ea0b087608ad4176ef78c58d,
case_012,3,ok,21818,21115,329190,329190,0.209226238271904,153734,581040,1.0332938669192517,0.3849732999997286,287b2ee0db1e2c66f28bc5055d01b4b4f09547ccfec3213e9890a7f1ca322c5c,
case_012,4,ok,14970,14970,39168,39168,0.06311154598825831,33024,490240,1.0,0.3538047999995797,ecd23d9d4af2603ba63d9ace669f71044c905341a070ff5a057d8ebf63a42ff1,
case_013,1,ok,263949,263949,0,0,0.0,0,2023424,1.0,0.9554721999998037,61a367950ca89631ecf9d3c7719455ea782108f95748289a6f43188b4b7d4d45,
case_013,2,ok,132198,132198,8192,8192,0.0,0,2031616,1.0,0.8429942000002484,1e53c296a600aed044668be3fc7f55cdf3f477a31b4e9f9de4c4e1098b54912a,
case_013,3,ok,88351,88351,16384,16384,0.0,0,2039808,1.0,0.8410109000001285,55efd77e51de13a1a870aa20893a094fe82ccfa4f7d781aac417ade89b306ac9,
case_013,4,ok,66982,66982,24576,24576,0.0,0,2048000,1.0,0.8000025000001187,78ac79ccf69c9fae54d00e8815aa03504db9cadebcf71f6b0c1dbf8212c55870,
case_014,1,ok,17698626,17689602,71010720,71010720,0.12291025483195864,9944064,70961016,1.0005101301883446,26.06617329999972,99ea93ac8f7de1554577a471fb2d47189411f99ec988cae53f17af9238f4fb6d,
case_014,2,ok,8839450,8839065,42981816,42981816,0.1910509307616428,10105344,42788112,1.0000435566431518,32.50193080000008,8a2d9019559f057a7b44c42f6bf222c7993502180cee801fdb3490a36b0ccb16,
case_014,3,ok,5873336,5873043,39776424,39776424,0.18331323997650623,9108480,40579584,1.0000498889587561,28.59311880000041,c683bbad45716d34cfe34c7dd36c5a68436b551ceede52aaeb8d5f593048d6a2,
case_014,4,ok,4547786,4542665,34288056,34288056,0.4470416267116407,19759104,24440592,1.001127311831271,29.62788159999991,db48921d14db4a440ecc1d52d20d34f6cf41c17138d273939103cf0dd6be5733,
case_015,1,ok,177362,177362,180256,180256,0.1692685978123867,180224,884498,1.0,0.29841739999983474,00e3de2c2bb37567ed66714d82da30c44de3ee8ca7e60ebe1ca35fa4b6cfe4bd,
case_015,2,ok,87285,87285,109824,109824,0.11045291892033238,109824,884482,1.0,0.31727860000000874,d5d1c54d76c731695a4d168d1fe414302db9c73481c32646f15739dd96712aae,
case_015,3,ok,61834,61653,208128,208128,0.16049642598914526,175360,917250,1.002935785768738,0.3051180000002205,d1e75452f88c6736828e18de53ccc9f62a1887d0415888300e804a2b722876ff,
case_015,4,ok,62179,61308,673712,673712,0.43230948343694203,673584,884522,1.0142069550466497,0.3486678999997821,37a14b331060cfe191e931c49fd815b92116cb3255a8e9b67cf3080c5942b814,
case_016,1,ok,7715523,7715523,0,0,0.0,0,393216,1.0,17.082001199999922,0b67b70e5e94fc362d17aead571cda3757b55a59d7d203e809eecc1fd38ad967,
case_016,2,ok,4154388,4154388,8536,8536,0.0,0,397484,1.0,16.488389200000256,5620ff2e7f10dcb2825245c1644b0d81e88c238e27497075cb2a058426052374,
case_016,3,ok,2884306,2884306,4872,4872,0.0015367039721775702,608,395044,1.0,11.347450599999775,c982608b71fb254199bb203da2d26c471492fa6ba692e5dec44a1a8f9f2c7677,
case_016,4,ok,2241799,2241799,14628,14628,0.0030359773300377,1216,399314,1.0,15.072776900000008,f560d2415268e2bfa81cd063931dcc01c130c1b86ae17ea89adc95c720b73aef,
case_017,1,ok,162810,162810,22528,22528,0.040398388942088706,22528,535118,1.0,0.4040967000000819,c36e6d525cd519d79928fe8ff1345d0cd934f98fb949acc3c490fb713f986938,
case_017,2,ok,83591,83533,87552,87552,0.022201165946649108,13824,608846,1.0006943363700573,0.4462834999999359,7902bfcb309a738a2ecf957790bdb0756c46ae0cfcaf4d0e4525c2aeb2da44a7,
case_017,3,ok,58093,56962,872728,872728,0.361542669495446,445456,786642,1.01985534215793,0.5851725000002261,af186a56c4c9557615109573499d938a94715780009e89e3b70c5f3b6449265d,
case_017,4,ok,41344,41259,259200,259200,0.047859925118151674,38016,756302,1.0020601565718994,0.41666540000005625,80744ae4744f8ba2679304e52b494969667a53951fa83c70a34b311926055fff,
case_018,1,ok,1004367,1003110,1970176,1970176,0.34375031576536474,1224704,2338068,1.0012531028501361,1.0916442000002462,174b48c09866484714824a3cedcbb2825bc5786c2b2d741867aaece4df7839b5,
case_018,2,ok,505216,505216,1266688,1266688,0.4272510180870456,1221632,1637652,1.0,1.036114699999871,72d4bb32ea6731739f6e1f9053dacd0a2bf81c88e2aab7ff0e4c35e836435783,
case_018,3,ok,350932,350547,2474368,2474368,0.49274298961092355,2003968,2062996,1.001098283539725,0.9886649000000034,f412935bb454f5f425463beb60402e4c8e7e2513610e9ad6d69fd1a927644e7f,
case_018,4,ok,260262,258970,4800256,4800256,0.6210631006134915,3899136,2379028,1.00498899486427,1.1041665000002467,9a6572e9ec436f64da210381dcd3b123b84c5bdddd4d79ee34594e861a3a61bd,
case_019,1,ok,81144,81144,0,0,0.0,0,179252,1.0,0.17559479999999894,ddd068690ce1cff9101b3178e96693a9405171fb66d9695b3294063898629e2e,
case_019,2,ok,42124,42124,326972,326972,0.17211274366016907,64544,310466,1.0,0.21388539999998102,65905a0e06fa6734da2339f7f5bce4f712b640d301560dea6d93f2e555932583,
case_019,3,ok,28729,28729,24576,24576,0.0,0,203828,1.0,0.16390920000003462,2a699552116fb842a7da9347c1d12c0a5fb16fb8b84802823cf512e104fdd4c6,
case_019,4,ok,24099,24099,51744,51744,0.08214860863391574,18976,212020,1.0,0.15739729999995689,50a3d17d402b15ef818857241634ad72c30c764a02b70f19b562d586fc2fd06d,
case_020,1,ok,532746,532746,0,0,0.0,0,1179648,1.0,3.4715541000000485,993559d1089a94ff2e2adc846c6464936db7c9f64f59d4de7188421f9f04a433,
case_020,2,ok,266580,266580,0,0,0.0,0,1179648,1.0,2.540358400000059,d1fb4a5b486caa40baadebfaa21e02143d89cb3d98c603aa82206af6390eb8db,
case_020,3,ok,177950,177950,0,0,0.0,0,1179648,1.0,2.2722838999998203,1ea58429fc5576c78ca0aee8feaa45e4ad843ae064854985e72d1369d47d2731,
case_020,4,ok,133704,133704,0,0,0.0,0,1179648,1.0,2.122623300000214,ecdb20624ab0060d46c2c85f4c87cd9cbd121f607d4900b5fb4365313c1089ab,
case_021,1,ok,6567937,6558837,4501504,4501504,0.5005973715651135,3432448,3424256,1.0013874410966457,2.1573672999998053,cbc21e36336638cf978979e81549d08ce2b2f7870dbd0a3939d49c92728a4df9,
case_021,2,ok,3155757,3155757,2789376,2789376,0.4820859872611465,2480128,2664448,1.0,1.6135340999999244,e16e92c01d1eed1eada297bc0781be2081123de7b7dd98adc407e64d59848910,
case_021,3,ok,2115614,2115614,4710400,4710400,0.3660869565217391,2586624,4478976,1.0,1.485661500000333,018f47fbd450aaa5d455d3a065ffc533b3df6ec6554bc5b39ecc7eec5a1a1cc0,
case_021,4,ok,1556743,1556743,4608000,4608000,0.6123529411764705,4263936,2699264,1.0,1.3933868999997685,fbbdf973387017d5da1c1009b14afd9f7fe2b75d23c5f6838f1100fa69e24c6e,
case_022,1,ok,56780,56780,0,0,0.0,0,213540,1.0,0.36577429999988453,293b05224b0ff9a9a43c481e398a288fea17c33992e77b9d71d69c6ebdefd8c2,
case_022,2,ok,29109,28996,528516,528516,0.177699803581304,93184,431206,1.0038970892536903,0.48075070000004416,1c120187715940dbeaaaedbfa8f3f57c312922bd5eda95c915c6695ec7e3bd94,
case_022,3,ok,19128,19128,13824,13824,0.060801182245210326,13824,213540,1.0,0.3692935999997644,6b13adac102401ca8df5321eefbb61e01717af509bb2f9a3217cd5c068df1333,
case_022,4,ok,14555,14555,13824,13824,0.060801182245210326,13824,213540,1.0,0.363281299999926,843e876baf45b88b676b488d57466063bedd215793fd7846d3ae87ef91f618a6,
case_023,1,ok,122614,122614,0,0,0.0,0,434122,1.0,0.24891200000001845,706b945e8dd06ae161663093879c4361ffa7748643fdfc41e365abe825d8500f,
case_023,2,ok,59165,59165,807808,807808,0.16528946713544623,155424,784890,1.0,0.3799091999999291,27f4a5f29f243fdf0cbeb18eb11a85854847f20032a95804e2db6be6607c3785,
case_023,3,ok,41619,39686,1045908,1045908,0.24701706035321477,273190,832766,1.0487073527188429,0.4300852000001214,5d4f4aea4559787ef163f224f74ae7b49625bcb1634507f6d30ccbcac301d200,
case_023,4,ok,34143,32691,1131684,1131684,0.2108636765041492,255016,954372,1.04441589428283,0.45283999999992375,aee538013f46f586d1a655d209d21ab455706b8cbf8727ebf937afaede7e9ebc,
case_024,1,ok,2555343,2555343,0,0,0.0,0,393216,1.0,2.667715400000361,76e5b9257fb09e13e0ecaaab4039acb94e3eab1a70c3c7c4dd67ad0f65ad98f4,
case_024,2,ok,1376112,1376112,2824,2824,0.0,0,394628,1.0,2.9805035999997926,5a1717fb49aa119092ca3bff220de419ebc27c669fd2e6a41950af444b483a93,
case_024,3,ok,955894,955894,1608,1608,0.0005075884472869397,200,393820,1.0,2.308557600000313,79a5d28e1278fe56c3f43426dd16a90ffcfc3ac32ff029f6263181301bb9c459,
case_024,4,ok,743623,743623,4836,4836,0.0010110354519581228,400,395234,1.0,3.046795999999631,fae1eaeda762d440324354630a77c0b5507ae17c6fd398f7ff4f2225bf3fe408,
case_025,1,ok,4863026,4863026,0,0,0.0,0,4122624,1.0,22.547317999999905,599407c93e5d42698ea920b72b71f3c8ad03ccb16739a144d1ca81b66ea21597,
case_025,2,ok,2431840,2431840,27648,27648,0.0,0,4150272,1.0,15.284537,a5fff6afbed8a85e01d1e635bb90448e13b96d5582558e42512d972ca9c86e9a,
case_025,3,ok,1622164,1622164,55296,55296,0.0,0,4177920,1.0,12.673187700000199,49bb0fcd9b932f015165169092971b4e0dda3d3ca24621db4c814a276c7b2749,
case_025,4,ok,1217444,1217444,82944,82944,0.0,0,4205568,1.0,11.635991500000273,8e00701890b2bf8478c92622d4a978ba4b15c8e9bdaa7149dc3aedde24377bb9,
case_026,1,ok,99203,99203,0,0,0.0,0,488886,1.0,0.16715770000018892,485961e17b29a64988bfd251662861be9b8263889870380e55374b39e958cf9b,
case_026,2,ok,56363,55004,1011308,1011308,0.2624879211043163,300976,845652,1.0247072940149806,0.2529638999999406,564c68b96e779e0bc31e8f32483ab55cd46e6f53f3e12048f9953ce5bd786f2b,
case_026,3,ok,41698,41698,95664,95664,0.03752630228380806,21936,562614,1.0,0.16791960000000472,f7eb191f198ecb5cf2647983c812070d5b85c55fa36f90a6dd32a4142c7eebca,
case_026,4,ok,47004,40170,1504920,1504920,0.29305942797348195,429056,1035002,1.1701269604182225,0.31389690000014525,cd93c28a9188c6fd49b6bccf6aac5057ed2df66fe9b76bb07a2dbb26a8eb2007,
case_027,1,ok,2363952,2359515,1400832,1400832,0.2689393939393939,872448,2371584,1.0018804711985303,0.6342082000001028,c6f2b1e7c92ae2648eee7f5469fdfb604babcce40143818be045566c6a998d9a,
case_027,2,ok,1145854,1145655,1728512,1728512,0.37155963302752293,1327104,2244608,1.000173699761272,0.5769947999997385,0dd7e7780e85ac69db8c78a573e7816e3ad32acd5ca867b998735c78910b963c,
case_027,3,ok,1054242,1054242,16711680,16711680,0.0,0,10199040,1.0,0.887122300000101,69511d23bf1e5364b308e8cffead0abb047252e42d948591df635ce8dac8f583,
case_027,4,ok,559196,559196,3317760,3317760,0.0,0,5160960,1.0,0.5641026999996939,62cd079b9653ca2fdbcaff4c339044ce050a8d1d84641ecd8bea5e5f0712a440,
case_028,1,ok,43836040,43836040,277412256,277412256,0.0,0,278067744,1.0,27.08461669999997,c65ac88ba5cacd91449e6e58c113e97597afb798b7de4554b7b8526e5235a551,
case_028,2,ok,20336249,20332060,17337984,17337984,0.15581781173321438,2145888,11625888,1.000206029295605,15.767153700000108,b615ee11f08881bc32e9cc147f9bf6ddd9516e9b7b777ab2711f5a49eeacacf3,
case_028,3,ok,13486869,13486869,17309952,17309952,0.0,0,14832000,1.0,13.136857800000143,3dce058cab1db118466b7bec7606c4a894e8533f82c281538b73cf14169dcc7d,
case_028,4,ok,10286253,10282038,17367936,17367936,0.1346631162947612,2145888,13789344,1.0004099381854064,11.974361899999622,cdca0c8a6f92aeaa0096bda651d0a39982485e6a8b34e167a2994d2186326aab,
case_029,1,ok,37555,37555,0,0,0.0,0,258132,1.0,0.28193329999976413,3694adfe7e10c19d9c2263208b2bcfe6077336b531861711cb81e099400287ac,
case_029,2,ok,19504,19448,266530,266530,0.4959054034839617,258090,262352,1.0028794734677087,0.34629960000029314,5afbd103b1b4b27a63a37b1f03e5963e8ad2a9bccfc4dbf88014dff17a27a8c6,
case_029,3,ok,14231,14035,114800,114800,0.3075767815574078,114688,258188,1.0139650872817956,0.2908737999996447,4e9e7ca2bf87a5654c41beef58815abe71879050bbda83012e6a0eb3035250c1,
case_029,4,ok,11028,11028,0,0,0.0,0,258132,1.0,0.24291700000003402,5b44a65da3d901be1efa843fa3fa50a4f56e8b5def1fac6ba4015071e8a2d8ff,
case_030,1,ok,2808034,2807891,5519360,5519360,0.259867995341012,2056192,5856256,1.0000509279028282,5.92724139999973,75f420d509330aa10096424e73d5714ed2eeac5492d77e9e32adbb616530d642,
case_030,2,ok,1391882,1391813,1332224,1332224,0.3532160527762507,1315840,2409472,1.0000495756254613,5.069417999999587,6f62e6fe2eab7c0cba9c0745b8328c6ee80057ee8dc07590315a1f8ddda4964d,
case_030,3,ok,929090,928900,3901440,3901440,0.5061005368472425,3185664,3108864,1.0002045430078588,4.345704999999725,294ec56fc4cfdeffb8675c2aa152388135e3bc3fd013a8e01a8423f7cfdb0c4f,
case_030,4,ok,698261,697853,5255168,5255168,0.45849511313428837,3506688,4141568,1.000584650348999,4.4125183999999535,cb15e7732c4abc2ff9e342c4712b74a83d93a019afc0ed0f24801da12790fb64,
case_031,1,ok,1414369,1414159,3491328,3491328,0.26059362793218216,1479168,4196980,1.0001484981533193,3.11775949999992,34447dee47bc34c29c86a194dd0d8bc5a7236c3b05dfeb0e268aeaab18512764,
case_031,2,ok,730736,730736,1774080,1774080,0.3519038116648564,1393152,2565748,1.0,2.594625200000337,8bd5fceb6b417cfab163f46a8b3a59d411b8a08ff900f7a59229ec428d51850c,
case_031,3,ok,483278,483278,2786304,2786304,0.5215657464991821,2592768,2378356,1.0,2.3764672999996037,66f7adfa60cfcd36a8ca18e8aaf7764507719e00fd5ea6da15de78964f440625,
case_031,4,ok,379916,379563,8241810,8241810,0.5419014784986687,5546056,4688380,1.0009300168878421,2.845414399999754,3c6d05c90a1fcd5b6ee6fbcc2c2a833eba175663a93fecc682e06d18fc24bf31,
case_032,1,ok,41443,41443,0,0,0.0,0,279156,1.0,0.22219399999994494,715397ff071391c2671330279eb2d971e4764f0406495abd55cc7c876fbae7b4,
case_032,2,ok,17595,17595,6216,6216,0.0217820949497498,6216,279156,1.0,0.23277729999972507,75b8efd5f84bdc56929f2040a16bc2e27aa9ae8a2df57a995d8042b8acc8e597,
case_032,3,ok,11920,11920,12360,12360,0.04239904499238464,12360,279156,1.0,0.2336537999999564,4435d1809c0bf5c3bff4b8977d218a2dd3e1ea846e35b571f6415fef1b8bfdcb,
case_032,4,ok,11205,11205,12360,12360,0.04239904499238464,12360,279156,1.0,0.23808539999981804,ef0422fd87428bd2e73b80919250ff5a13657c2079dd1492be6a28f9e3708a15,
case_033,1,ok,1774196,1774080,4592640,4592640,0.09627692445862406,720384,6762032,1.000065386002886,1.4680449000002227,0bc07706d649333787c2a6b4067cede9127b9bfca785662db77bb9cd9fb262ac,
case_033,2,ok,908199,908199,3069984,3069984,0.29097547552250425,1734144,4225616,1.0,1.3410782999999356,ee27ca8a3f3ef67a18926d75c464df549a095be9a6a815682004b8ba9c8c59d5,
case_033,3,ok,615560,615560,4309056,4309056,0.3298001675827412,2374176,4824656,1.0,1.4310523999997713,bc70aa3bcd9bed70ca12b62db233afa50f9a086bbfce488305060a81130b0ef0,
case_033,4,ok,472774,472504,5873760,5873760,0.3027599818155594,2653248,6110288,1.000571423733979,1.5670169999998507,902acdc04fe912ca0f3a817e37bf1b09c9f82620b5176b1ba884ec61648062e5,
case_034,1,ok,842996,842733,1079832,1079832,0.309046599146855,1038336,2321468,1.0003120798639664,1.4638300000001436,ce9cc69aef99da272de815eec7776435c103c628169ed7880fd1a3e90c68d40f,
case_034,2,ok,415251,415251,1066496,1066496,0.30905309459491764,1034240,2312240,1.0,1.5435311000001093,f0af77411ad881040f2ce84e3058122acd11e63675b39485de4b6395e3e0a4fd,
case_034,3,ok,277444,277323,2437120,2437120,0.5085153941910121,2398720,2318384,1.0004363143338273,1.6109713999999258,0153ea8c5e3505653bfea94ce3d9a1b11b1a6558a622273d9db15d1fd6311999,
case_034,4,ok,213112,212928,3176960,3176960,0.5757127065991514,3141632,2315312,1.000864141869552,1.4813686000002235,44ece2a59f865bc31fe97da6687cb524b703bad8fed202621d3a2311cbd6eac0,
case_035,1,ok,169571,169571,0,0,0.0,0,396878,1.0,1.5758786999999757,24c8a6fa8163cc60528e05c5155554fc48407414f182cc8f8ae0c4bb998d6f39,
case_035,2,ok,95406,95406,0,0,0.0,0,396878,1.0,1.2850122999998348,936ef0ac00fed42fb30caae1cb2ef9c8be8bc8c7f0b2114d0c30a9183725ac93,
case_035,3,ok,76605,75986,1067848,1067848,0.3202433102479907,350318,743594,1.0081462374647963,1.6805850999999166,7cdae1ddfef2c0d0b8342c6acc430c1db3d5a7964e8471038f7764f24c27ee2c,
case_035,4,ok,72762,72824,1421056,1421056,0.2788170467781903,326976,845750,0.9991486323190157,1.8018510000001697,ac097ac63294990ecefe25e087ddfc46f2482cea8fff4dc97e0c6df4224961c9,
case_036,1,ok,931510,931510,0,0,0.0,0,3277952,1.0,1.3671331000000464,04714fa9ee46ae937699d59b15bc62bada356ca8d67adde6909797bcf4ebdc31,
case_036,2,ok,466068,466068,1152,1152,0.0,0,3279104,1.0,1.1364306999998917,1091950ace1db6366b0a8c01cec87a9da2f235d68013ad2a8c094b1d27116ae4,
case_036,3,ok,311345,311345,2304,2304,0.0,0,3280256,1.0,1.056209200000012,b5bad51cacdc26bc9066743254ae34f5de87d8385198c90fc229eebb21ceb00d,
case_036,4,ok,233584,233584,3456,3456,0.0,0,3281408,1.0,0.9292817999998988,64c91dd4d1bfd63fa955f5c690411caf24d4c1071c32871d990ca064e6fba07a,
case_037,1,ok,210001,210001,0,0,0.0,0,532480,1.0,0.22125180000011824,04f9316694e08bd337ed723732ca7e988c6f52fb340bccfa267cbd12a7e4455d,
case_037,2,ok,105374,105374,204800,204800,0.0,0,737280,1.0,0.2328085999997711,f797354f61480b6e37404bfc8c2bad088a272a5b578d6e8ecc6359d93ae54745,
case_037,3,ok,73521,73521,1310720,1310720,0.5859188544152745,1005568,710656,1.0,0.33348160000014104,cc01d40e7c472ce5f7b21c73ee3c9e8af4c48fe4a7ce3497918de02144b2a928,
case_037,4,ok,53320,53320,614400,614400,0.0,0,1146880,1.0,0.2642194999998537,4d24bd054771944e36e861948a03a253392ba949ba60895e107c389e3a2e7163,
case_038,1,ok,1364555,1363312,5627904,5627904,0.1736168151396097,1462272,6960138,1.0009117502083162,3.1219559000001027,b996ca9563f8b4725262fa865cfb53cdb4a432f1f919f7865925088b1ecc5fdc,
case_038,2,ok,683459,683271,6094848,6094848,0.2215180090701754,1969152,6920202,1.000275147049999,2.8865341000000626,bf19ca8e2fe24ca92070b01686d2a8f88dd4fc7bced8487f3d7d38037bdd6dc9,
case_038,3,ok,462076,461382,7942656,7942656,0.3343185098632208,3589632,7147530,1.001504176582528,3.013864800000192,1b0bbb4a427c9a7486ec4e678bcd0ae9dc6a19ad6d797de86bd79126c91e2f09,
case_038,4,ok,348315,347778,8252564,8252564,0.41579611851839265,4306432,6050644,1.001544088470231,3.2363210000003164,74a900811fa19abf7e4d2b645025e1dba64401fcafe8b1863c04b16241504294,
case_039,1,ok,1435262,1435262,7929856,7929856,0.0,0,12132352,1.0,3.605857200000173,f035f4fc44399d261736f9db40e95c0b99431c914e1d1837c21aedfd4b96e3ed,
case_039,2,ok,701993,701993,9576448,9576448,0.326397146254459,4497408,9281536,1.0,2.5163164000000506,52b3f7dba411a45b0493685c86ed18868e4598ed1c109af8d2bdbf07cae3edaf,
case_039,3,ok,479997,478645,11153408,11153408,0.1891170978927714,2904064,12451840,1.002824640391104,2.4821107000002485,332b9c2b0320d857f2772d999c9752474fe6ccb6977876e7fc84268bb46187e3,
case_039,4,ok,369494,367082,13955072,13955072,0.30678998420933906,5570560,12587008,1.0065707389629566,2.528075799999897,5757579bf3873b0950070a51ee42b838a9e61f8e113165279128753fc8ef75ca,
case_040,1,ok,253454,253454,0,0,0.0,0,911174,1.0,0.9997809999999845,a484af7f1aad58be9a7cd3c14513b27ce33fe4aec507d7bf26460948c3cd2634,
case_040,2,ok,144215,144059,12288,12288,0.013306448993028408,12288,911174,1.0010828896493797,0.9406849000001785,689361fbe5238e12e8b34c66adf8598a6e69fa188cf1c01cc400ff5a38153533,
case_040,3,ok,110105,110105,0,0,0.0,0,911174,1.0,1.0552428000000873,9fc2c058fd63f818676217252253dff4922afc5ffe9218815718552327c7cc93,
case_040,4,ok,110202,110202,53760,53760,0.05571365502718321,53760,911174,1.0,0.8947987000001376,100a3bc6be11947298e2fa956da2cd11a43738724fbb78141b73d559a76e61aa,
case_041,1,ok,6003957,6001575,30898176,30898176,0.10163681549404405,3643392,32203776,1.0003968958148486,14.188565299999937,3508f697135884600cc5e0db3cb44e7ba50bf44e4d6e6b14adfed58a148e6543,
case_041,2,ok,2967445,2967445,8973312,8973312,0.1650485436893204,2297856,11624448,1.0,8.912511900000027,4f8b1f11e8b96b97249bd01a9f51cd3d88900cbd85f53bbc0734441d7df933c4,
case_041,3,ok,1983137,1983137,10779648,10779648,0.337890625,5314560,10414080,1.0,9.436133100000006,6b2243b2047a653b519b40ab72a8f09a8454cf30ede8655c57cde1ff35fb167d,
case_041,4,ok,1490106,1489719,15003648,15003648,0.3913779830638953,7809024,12143616,1.0002597805357922,9.590412300000025,665cc6204c2e5b6b0261499b17b49afc0dbcb8c4c2c1970f9215c323561ae5ce,
case_042,1,ok,1686740,1675633,6629376,6629376,0.3186917583766532,2866176,6127392,1.0066285397816825,2.4374588000000585,bb944ac48966c775a60348a2e40415292d503474ae429a239b7b355a98ce7058,
case_042,2,ok,840934,840934,3566880,3566880,0.455278236379528,2700288,3230784,1.0,1.8802857999999105,e4381fb167f6ae88fff41c98ab19418ab375431ed84f9cc5f876576977e21bda,
case_042,3,ok,571990,571990,4482336,4482336,0.32803780251829834,2245920,4600608,1.0,1.8680613000001358,3f6fc5f6a423f8f36fa11527fcdd148a90a6167d8e03dc4b4bad46412daaef19,
case_042,4,ok,433763,433754,5769504,5769504,0.4309420956967165,3505152,4628544,1.000020749088193,1.9837898999999197,e0a67114e1691e942ef50f9619cd7c78f9ecc6d62c5f1ba85cfad9a8428bce68,
case_043,1,ok,677656,677656,49160,49160,0.03320740032104811,49152,1431000,1.0,3.9793993000002956,40c6061a8b3440ba8b55977d0383371c9739a9ddcccbcb0a98c0c68bb7b2f2e8,
case_043,2,ok,356298,356298,368640,368640,0.17923624555187828,322560,1477076,1.0,3.425771799999893,606ca3f860063cf41643e34187bc7944578496bcf88be24771c50f1fae7216fe,
case_043,3,ok,286490,285942,4486308,4486308,0.4223690656873549,1901824,2600930,1.0019164725713605,5.645829500000218,802963d05242a097df63a6af5e1bd94969e88ec3bbbc286c5235dbfdb57cd64d,
case_043,4,ok,237551,235005,5442332,5442332,0.4707936814460065,2437958,2740442,1.010833812046552,5.465569899999991,c9c9c3ad3faa7b60a244e35abedd9f5b9fde4fcacb61043727c8fc6779b0297e,
case_044,1,ok,154407,107814,4438112,4438112,0.8199885718367201,4408416,967776,1.4321609438477378,0.4957008000001224,23ff15f4d33ebef334c184eabbbe1bad485c6dce8f4f8b56fbbf4a24cce1f304,
case_044,2,ok,47521,47085,930400,930400,0.049019607843137254,92320,1791008,1.0092598492088776,0.41843350000044666,cd9c76f3840b92ffe801ddec8251eddcf978097216f9c7cb62885cb5e37c49a6,
case_044,3,ok,55668,55572,1860800,1860800,0.003366352397957443,9472,2804256,1.0017274886633556,0.39677930000016204,699e24894b7ae76cb8e463e61489e5b1a93851ad800c030e598983cea7e8a6d4,
case_044,4,ok,68165,67846,2791200,2791200,0.005743393388260231,21504,3722624,1.004701824720691,0.3807553999999982,03c3f73d883cf557d2e47784584fcbeff463ef26723ef61660b8580a404dd2bf,
case_045,1,ok,125614,125614,0,0,0.0,0,278528,1.0,0.4743680999999924,6ff4399c84008696e1bc0b0f870dbf2ed77883b7cbba223feca59e73f78f852d,
case_045,2,ok,63059,63059,0,0,0.0,0,278528,1.0,0.39401889999999185,fd8a41237af35939cf7fc007017968c5630e206b0a9d13f0a2a3789f2afc6162,
case_045,3,ok,42601,42601,0,0,0.0,0,278528,1.0,0.4440088999999716,0eb6b7af74988a025bde49f4851ea0c80e7c7376111fbbec34cab9a2ebbf6e81,
case_045,4,ok,31878,31878,0,0,0.0,0,278528,1.0,0.4337858000003507,ecd749215e7197ecc8e0b63da20682d7e83a77823fbe809d5a12a3d4b4c737d3,
case_046,1,ok,276455,244994,3176288,3176288,0.7530304668077024,3120992,1023584,1.1284153897646474,0.31332249999968553,084db12ce8f03f46de12b3e65eeae8a14aacea773e697fe01da843a047c0d723,
case_046,2,ok,112356,112356,930400,930400,0.0,0,1926336,1.0,0.30051670000011654,e356cf4fa425364ec06f45bd25b16c8c5b6ed053c8a3ecc94e52df16f9a2b31f,
case_046,3,ok,84540,84540,1860800,1860800,0.6314115129994511,1803776,1052960,1.0,0.3020448000002034,ad2613481fc6a736086c8263cdeb5feb84d618de5fbbe42c8231f1070494b4d3,
case_046,4,ok,80168,80168,2791200,2791200,0.0,0,3787136,1.0,0.3367296000001261,7aada3983c968ea15cdf0b3e1b072e83da4adc2d267ec23183ee84714eee7943,
case_047,1,ok,326508,326508,0,0,0.0,0,457286,1.0,10.32673849999992,021a719b24d258db7e8627918283acbe232f47b3270512d39fbda89af1e4c8e7,
case_047,2,ok,197819,197819,1539654,1539654,0.09536484896646562,122886,1165702,1.0,10.831868799999938,e9ad457cb786310cb7180018b1146921d7dac1ac0b0c689c83dc8d32823f3457,
case_047,3,ok,128024,127524,1353740,1353740,0.3866469339800245,503180,798214,1.003920830588752,7.637015400000109,f773632b9cdf6cf73841aae589bd8716523742793d9950c9a501ad09110d0485,
case_047,4,ok,104182,103932,1173970,1173970,0.31854889298283845,385936,825608,1.0024054189277605,6.810435499999585,d40d99c09d2281c389bb4b0c9c66f4b4c7dea9322d55632beeb7bad744d5c005,
case_048,1,ok,222220,222220,0,0,0.0,0,410182,1.0,0.6004172000002654,6927517506735ff4c11d1c83a7b399eb4ec5f9fb31c30a9391a34d45d8d6c1de,
case_048,2,ok,139780,139780,767654,767654,0.0217086208114536,18438,830902,1.0,0.9234769000004235,559ada955ab218d0b48e0dacd244dbe173dedf8bf2cc822800b755ff53c5c491,
case_048,3,ok,122292,121677,1094892,1094892,0.25291904075532295,261450,772280,1.0050543652456914,0.9548010999997132,1c7ae6d5542434b28e429becfb5213942d43370b487f6a8f1d9ee7c41e5835bf,
case_048,4,ok,111344,111329,1120402,1120402,0.2301857585139319,240894,805626,1.0001347357831294,0.924664600000142,4f1f85841100ec2941a6a50b46ba2d925b73f67da9a527e62439fa635e8b5776,
case_049,1,ok,196276,196276,0,0,0.0,0,152504,1.0,1.5927787999999055,59600ac44c57711966e0707983e647162c5ce2f62f50748409ef8d2ba3810987,
case_049,2,ok,132212,132211,795798,795798,0.05011283003227258,28292,536274,1.0000075636671684,1.7804424000000836,08890f9adbd0410b361e00474319eded3a8f63d3e551daa34a8736904b1ed368,
case_049,3,ok,104604,104567,1559248,1559248,0.07087350289809098,67472,884534,1.0003538401216445,1.879628700000012,55cb28b8c09a52d197202642e34a1c2fd672d3f081a768f34acea5174cf7f0eb,
case_049,4,ok,88796,88693,1726822,1726822,0.11878649792261005,124082,920498,1.0011613092352272,2.002041300000201,ca621bac3487b120cc791c37a228f2f80df0f744446132ffc051ce99b8f9eda1,
case_050,1,ok,149690,149690,0,0,0.0,0,319300,1.0,1.8464960999999676,3ae6d344e47cb50f3ae792f5c369afb4d76ed7a1b667cd8f87e5077bb1b1a982,
case_050,2,ok,75386,75386,597958,597958,0.19219267313297672,132006,554836,1.0,2.007970699999987,448fd606e76f57a11ae7dd2393fc9363fdac839cd4aa6beca0d4153075a64516,
case_050,3,ok,60423,60369,919320,919320,0.2700328250911235,235440,636454,1.0008944988321822,2.1013293999999405,82ef3c705a26f4cf10d9358b3f173dba7e3bdba6573790e44f123ec428438eff,
case_050,4,ok,49215,48481,1303162,1303162,0.36883782385976327,403648,690730,1.0151399517336688,2.147771400000238,403cb490188b8110586297a28b75f7186cfda632736da0e1d8066a50d34b7dc0,
case_051,1,ok,607628,607628,0,0,0.0,0,393216,1.0,0.353012900000067,d106c8225c552029b8245b91de642aaa533b7e08a727dc48a1265fe1f7024d00,
case_051,2,ok,327449,327449,668,668,0.0,0,393550,1.0,0.5051493999999366,aa937ea6fa3297b6fd50c3f21160057f9ea893b9abb42e031e78909096413840,
case_051,3,ok,228013,228013,376,376,0.00011692814511291192,46,393358,1.0,0.3908512999996674,496a298c7f7c37a28368c295d600ef35aec7f9485978d69ee18b6ef7f9f2e453,
case_051,4,ok,178135,178135,1140,1140,0.00023362943324546835,92,393694,1.0,0.5197671999999329,89e436f94bd5983cebd47194a64e3fc8fcdb7f9f7098999fd71d01e86b31c7b1,
case_052,1,ok,180301,180301,0,0,0.0,0,810044,1.0,0.31501499999967564,b8bb2cd3db276700812744c2c435fa26053213465c30f4a9e05fb2996a330fc1,
case_052,2,ok,86544,86544,268488,268488,0.061449831973115696,61440,938400,1.0,0.365786300000309,685bbd46fe56ef9d8abe76c6f6d5c2043ed6b23975df722fa90b608a76b7c4ca,
case_052,3,ok,62667,62667,640376,640376,0.15773105134474327,193536,1033464,1.0,0.40921300000036354,f83a40767bb0d074e0033c85f62da8357bc7a567e415cbad221fa061e7451913,
case_052,4,ok,45722,45076,651248,651248,0.1988269960366399,253440,1021236,1.0143313514952526,0.39712009999993825,6394cceaa0bc8bc2867ac510b85797cfb88b3ce698106bc8538c4d99ce5665eb,
case_053,1,ok,1472686,1428109,5405536,5405536,0.6248708378144704,5155968,3095286,1.0312140039730862,7.918261699999675,cf1e7920597114bd4db330d2634728512ab6c83ced7d2b75b26f56856ffe5f7b,
case_053,2,ok,718971,717639,4639598,4639598,0.15779165627464595,936342,4997698,1.001856086416708,8.908160199999656,c5d08458592b906767881d30b3cbfb2afd335a0c099459d6c0177acd74324fdb,
case_053,3,ok,501536,497346,6877352,6877352,0.1919509451873865,1488188,6264772,1.0084247184052952,8.863362499999766,54ff83a16e3837cdb17d591549194a6ee0ddef21b7de3cb0073519007287618d,
case_053,4,ok,412060,401644,10218514,10218514,0.2026694839100248,2056878,8092050,1.025933413669817,9.712153099999796,2b3ddded4165ef6138f018cd7e3af2ce851a2ac812c40873fa3160095acbae22,
case_054,1,ok,815051,815051,0,0,0.0,0,1606214,1.0,12.333925500000078,1c9f22c955565dbec481aaf9dd1e21eee9ff632c82918c3a68255e8ef56e2089,
case_054,2,ok,435929,435929,661958,661958,0.05447576592282893,108614,1885190,1.0,9.909043699999984,6eaf212fce5eb177491a0f3fc0cfb205d0aa5028ec4b31a973e67085480f8467,
case_054,3,ok,295182,295132,1733776,1733776,0.22216597454689144,595978,2086602,1.0001694157190681,8.969390799999928,af01a314360fbf80ed5dbabaacd98dcd785d549dabcd5356e3f0ec8b6c22daad,
case_054,4,ok,231708,230893,1766610,1766610,0.2213748611942524,596874,2099340,1.0035297735314626,8.068080499999724,3aa929376c23ac63bba428053d465652bb3dc9c10a9f44eededc2f3c450e1e09,
case_055,1,ok,118835,118835,69632,69632,0.10014324257468461,69632,625692,1.0,0.3287828000002264,50e8c508e994261f5f8932836ff74c53da41585f0b3d194b92eed09232a8e956,
case_055,2,ok,53535,53430,16384,16384,0.025517228490085284,16384,625692,1.001965188096575,0.33708359999991444,8cc447225f0062023ee27f88a80933874c6272ab37578fbbd609e1c70a48cea8,
case_055,3,ok,36456,36456,74240,74240,0.10606744655195076,74240,625692,1.0,0.4052707000000737,7a2f54e19f036edc1fc673069bb1db6259c03d159c89e353c3da227c03bd01c1,
case_055,4,ok,31297,31297,115712,115712,0.15607145362042826,115712,625692,1.0,0.4002989000000525,055850912e46e787a6c2bd488cfb83f901dc6eb101c91c5c3d6de526e782876f,
case_056,1,ok,277285,277285,0,0,0.0,0,221526,1.0,3.9736864999999852,06cd715d5dc996fab3c43e3272f58b7058d85def7a43f7aacb7ef58b19e0d983,
case_056,2,ok,153175,153175,2656954,2656954,0.04420484564017097,70182,1517472,1.0,4.628027600000223,abccff44eea16e3bb1295a68bd7cd4d40af62a4729e32587d0a5331674274b38,
case_056,3,ok,102094,101498,2598576,2598576,0.16286245677979855,260948,1341312,1.0058720368874263,4.169405500000266,6f81a0f922fa34fb9a95cccd8fb3dde3364a1ca718fc97f3a8d328decc6ee432,
case_056,4,ok,114358,111073,4252382,4252382,0.2861453806801828,693918,1731136,1.029575144274486,4.86409599999979,b92d12d15566356dda9e64a86a1bcd0acbf9523ffffbd568fa00b0a41217502d,
case_057,1,ok,59726,59726,94216,94216,0.21868152274837513,94208,336592,1.0,0.2505476000001181,bfcb5ca0791df41c0ee0440fe80b6c92900c9e7f9158d2947bbebc3da1bdbde6,
case_057,2,ok,33620,33620,327740,327740,0.18651640606598663,102944,448986,1.0,0.28219199999966804,ebc263d1db951fee418a61588f7459daa8b7e6c68f85199b6badb0d41547e135,
case_057,3,ok,25250,25250,288,288,0.0008549139742813379,288,336588,1.0,0.2387007000002086,acf61b387762714380990b4d4a1255b0de2ae88731c2575c48a4d43652d60b22,
case_057,4,ok,20957,20957,288,288,0.0008549139742813379,288,336588,1.0,0.2351690000000417,f0a9788f2c00f36bdb738a684f5b9ae664c101094fe5dc1c70c1325c3a33bf45,
case_058,1,ok,4539717,4539717,28696576,28696576,0.0,0,35319808,1.0,20.69012610000027,1902a0f2a2ac1a1f0db3b151ae0b2751905177deaf4a07b37c3937fa6d2d2b26,
case_058,2,ok,2192730,2192400,29540352,29540352,0.3187223921168875,11526144,24637440,1.0001505199781062,11.22440400000005,fdb1124b942bda09532a163ebf5fbbadc90b7bbc28583026cb12f2364b16c4bf,
case_058,3,ok,1468270,1466200,29638656,29638656,0.22365299898339547,8110080,28151808,1.001411812849543,12.016693900000064,e7687f9acb77bdd51b78feb90776143c95215c0e063ec36b5148cf42ee71bc54,
case_058,4,ok,1274373,1272300,27066368,27066368,0.02782462057335582,675840,23613440,1.001629332704551,11.273309500000323,b7c5f0b9fc2b701df3ed340b4df802866bf4c3434d606fc179d60fdeb4dd963b,
case_059,1,ok,829473,815938,1691648,1691648,0.6100443131462334,1691648,1081344,1.0165882701871956,1.0991188999996666,0d4f6098dae77de7b3f17912f2fc7ad972bd3a06721644b23bf7527884f87a57,
case_059,2,ok,369318,369318,360448,360448,0.0,0,1441792,1.0,0.8444911999999931,a4e6a96742cbcae03080b2d6c8b222dc903cf2f8614c8f6def699a7f720770de,
case_059,3,ok,254073,254073,1171456,1171456,0.4,901120,1351680,1.0,0.9056660999999622,cf0c73d172cf9614b873c66b7e7244cd30925d8bf56218ffad2e2a0d7dd7faeb,
case_059,4,ok,185216,185216,1081344,1081344,0.0,0,2162688,1.0,0.8765475999998671,7a7c67cc5070dad2699e61bab51db2ea511a33c24b1dc94e9d306ffcef0b492f,
case_060,1,ok,888789,887801,2068520,2068520,0.4231432279268349,1763336,2403896,1.001112862003985,2.1933289999997214,74da768a6ecd33351d86916e06c9ca44f35b76d683f04cda1bb9acbf90a50b68,
case_060,2,ok,451811,451376,2879584,2879584,0.34063064452886466,1695752,3282520,1.0009637198255998,2.3129824000002372,5884f11454dc269d42c90d6b848d9cbaef848ec8f0c9050c01080cedec464b40,
case_060,3,ok,339158,338364,2414720,2414720,0.42380725334600067,1912832,2600616,1.0023465853341371,2.163292399999591,953ef2ee094b36deda5d92b5805cb224c8f3efac054caffd03c43f7e02577a27,
case_060,4,ok,229383,228970,3699968,3699968,0.513020168672405,2974848,2823848,1.001803729746255,2.213796099999854,3b1fab878d8311078f649190c886ea5e1c1c276161e004cbb3987513e8d4c8d8,
case_061,1,ok,77191,77191,0,0,0.0,0,544036,1.0,0.3508741000000555,6f944a476ed16d7e315e08d390aa81dffb7d9d879fb495aed9e81d855dcc4e7d,
case_061,2,ok,42541,42541,73544,73544,0.11897451841488217,73472,544072,1.0,0.40134219999981724,e418fae5087d9e5ed744e72dba87d2380aa5873e6b2378560edd72e16d24ce9e,
case_061,3,ok,30435,30435,97384,97384,0.13174339848573674,84496,556872,1.0,0.38383070000008956,2ec9403dc6a6c78c7fdb30df9413f33487ef81ee01828d215433d8c5a77b734a,
case_061,4,ok,23892,23892,62208,62208,0.07094173303158464,43008,563236,1.0,0.35707519999959914,6871e8c731587968296652d1a24a05c05da3d95f9ae947c82bcff637208a6bd5,
case_062,1,ok,2854809,2854809,0,0,0.0,0,13400064,1.0,12.331861899999694,357b61b3792c63074981b67bd39cb2eb722fc424be80a5343cf0628ea54f3152,
case_062,2,ok,1505864,1505864,6441984,6441984,0.0,0,16621056,1.0,17.013735200000156,98083dc456666bef4b591bc4857473d4b096ff3f6217f9a767bf6c5935233d98,
case_062,3,ok,1031153,1031153,6445056,6445056,0.0,0,16622592,1.0,15.489784900000359,6fe273e69319c5a20e5a7e657cc6bf7fd142900e3b7607e7b071ca0902d59235,
case_062,4,ok,885322,885322,14976000,14976000,0.00018518518518518518,4608,24878592,1.0,15.64809269999978,a3c3723248ccccc67b12831a70cb2b6656927b87f98a5300e4f07fcea4817f56,
case_063,1,ok,1070397,1070397,0,0,0.0,0,5019648,1.0,4.17336350000005,01550d52f82e8b8e22057604ee4d46c7a392e107419f1f7dc6e2c91b05b61295,
case_063,2,ok,564704,564704,2251776,2251776,0.0,0,6145536,1.0,4.557032199999867,0004b5ef1e268370a5ebc51ca22ef18f109c21773c358fb8f8dc9eb4d4661418,
case_063,3,ok,351019,350979,4792320,4792320,0.005816002819880155,50688,8664576,1.0001139669324945,4.312760499999968,95213bd40757de7cc3ac8e9dfa720a1c227ec1e07a11da844e5876600be33f13,
case_063,4,ok,263878,263878,5203968,5203968,0.004591836734693878,41472,8990208,1.0,4.120899199999712,4d808b41ce86f643b602cfd7d197202ff8ebe4babbdd4963f598ca80548e61a1,
case_064,1,ok,19116,19116,0,0,0.0,0,35622,1.0,0.2095595000000685,05a8f786c3f19190506f35dd668df254133d374df6019c0ef7b01c2e132a16a1,
case_064,2,ok,13194,13194,39718,39718,0.13809651654473454,8230,51366,1.0,0.2826231999997617,74a244d5b33fbaffa93509aafd1d437930ccfac0208769cc163d52845d2ad300,
case_064,3,ok,12908,12859,124780,124780,0.31903028986294424,35242,75224,1.0038105606967882,0.2977413999997225,24aa1c7f2847ea52d628b0f5ff28fa03db73d9c3f59e5073a18b0061dd9460f2,
case_064,4,ok,13292,13287,125810,125810,0.31830479578978577,34354,73574,1.0003763076691503,0.31283180000036737,05c1d596683a830f7fd98ac24f9a3e474cafba5202fc8ee80588acd9b82b7a6c,
case_065,1,ok,53068,53068,0,0,0.0,0,299720,1.0,0.1909153999999944,2941fd949ede9695459a75fa7adc32ba5e433612cfc154fedb0a82f98e997836,
case_065,2,ok,26242,26242,13968,13968,0.015148810282828797,4752,308936,1.0,0.19921679999970365,74d7d46fb4ae7e1ff2ba0aa6470e3f8ac4f664d196aa3ccdfa32963ef55f4b1f,
case_065,3,ok,18061,18061,27792,27792,0.05671853245071936,18576,308936,1.0,0.19790119999970557,3bcc62fc28acacff687808678aa68d7325b626603986ce1d19a02258e43a8a7c,
case_065,4,ok,14588,14588,41616,41616,0.10842102796071906,37008,304328,1.0,0.19840190000013536,4cfb403efd873e8ca2b683214fc9e6894d36433bd628d8eb21876d954ff1ce8a,
case_066,1,ok,359070,359070,0,0,0.0,0,1027116,1.0,1.7436063999998623,f5e5dc3adf20485b6740be9944e184a198e0572c9a69d1e2314ba3a8e9b4e908,
case_066,2,ok,187136,187136,962412,962412,0.1746767643029678,288682,1363982,1.0,2.704722700000275,3c755967e9b6bdf630d80c3f502d5099174acbfaa8b376868a0617873474bfd8,
case_066,3,ok,138900,138821,1875416,1875416,0.2773982761288381,649006,1690612,1.0005690781654073,2.639058400000067,118b06cd94192f122e949f936746ffc44c29ddd6d80b300f2e17a3c9a3830554,
case_066,4,ok,112071,111221,2276914,2276914,0.27067136917815887,686716,1850368,1.0076424416252328,2.7270809999999983,88cbf115810a4a1f460ef963968c1b61e2419e6caf4137ecd9daa58e57dc4827,
case_067,1,ok,63834834,63834834,264449408,264449408,0.0,0,267185920,1.0,7.260368100000051,1ca36ac1f51b6b09aa1ccc024a1dd51434f3e73bd6f5de956da8d53d310d28e9,
case_067,2,ok,32288466,31356535,181168512,181168512,0.8174267023993514,146095104,32630528,1.0297204713467225,5.367979000000105,005b6e6c1ead06d5b21567853bb5207bb1c315acd8f1a7907472429942d4419f,
case_067,3,ok,23277524,21390682,178494208,178494208,0.7332998363247024,130578432,47491200,1.0882085947516773,4.754039100000227,290b1102776725161c400d7c5f746cfe240136ac9aa7b7c4d218f86cf6fcd3da,
case_067,4,ok,18148768,16449722,176901248,176901248,0.6768248999473483,120443904,57510400,1.1032872166471872,4.247984199999792,76038a2611d422bd8bf238b8958993b273e5ced58f99c6ed368ec164042ae107,
case_068,1,ok,362095,362095,0,0,0.0,0,2739974,1.0,2.488058899999942,5175cd95e43bb1c6a89ce1273bce9e50053f6fa4c02884e32d33090086698bd1,
case_068,2,ok,192023,191907,1290782,1290782,0.16033677855390085,602958,3157614,1.0006044594517136,2.3037178999998105,96b91decba6d69581ee7ca0835563f1b3f5e4537bd3a5a1ce5637b775b6ee953,
case_068,3,ok,134975,134625,2190516,2190516,0.32570904441457105,1487166,3078768,1.0025998142989787,2.249587199999951,02b8b4946eca0582678e0ac09905c095764d8b9249e7932c995ce01646223489,
case_068,4,ok,122595,113379,3057330,3057330,0.2494500677171517,1272352,3828276,1.0812848940279947,2.4554619000000457,07e45339ee1775168349cef0878be804b6b251fb6da2f2b7e5ae20caf8b14eff,
case_069,1,ok,25144,25144,0,0,0.0,0,113766,1.0,0.2146453999998812,407ae99fff927befce19051055f319758ed26395692f903e61b85fe40b17d3ae,
case_069,2,ok,13742,13742,111846,111846,0.09797419382267288,18436,169736,1.0,0.24931440000000293,69d4dacb5b989f6c1fd6fa7987089b19ac970e83fa611b1e86f814412cc93733,
case_069,3,ok,10867,10389,293004,293004,0.40777120391113153,127780,185582,1.046010203099432,0.27879029999985505,9ec67522c9c2d0892b7134a3ff453b495be6b119b8e81c6d778c678287263d3a,
case_069,4,ok,10415,10267,273330,273330,0.2849524395559316,88912,223112,1.014415116392325,0.27272529999982,2e8f3663e26e20c5d658bd1ac21a6ac8e2a7b131807f70809a2e26064f6e4fc1,
case_070,1,ok,117300,117300,0,0,0.0,0,419858,1.0,0.32386929999984204,35ce7023ce09f4f259830a2b287d1f610f990f5e0c5df54380ad9a72d89fc08b,
case_070,2,ok,58525,58525,129536,129536,0.235779786455622,129536,419858,1.0,0.3255189000001337,0a4682dc7509a24a0d28a236791ed5b83ab405debaa2ff2380162c4c7f605832,
case_070,3,ok,41388,41388,259072,259072,0.14630079684208977,99328,579602,1.0,0.33645030000025145,13b2303f89ccf825b17476c35876791cbf2c106504b76af5c4b11909b5d61792,
case_070,4,ok,32437,32437,347136,347136,0.13083805088436154,100352,666642,1.0,0.3417163999997683,2021b76b16145758d58045098141ad8e9edc6f9e2871b37373cc46fdcbcae123,
case_071,1,ok,18919,18919,0,0,0.0,0,111462,1.0,0.152886700000181,a7c073cf325d95737aeb07d2a60a98d91a29202419d62a1be4965e019039c4f1,
case_071,2,ok,12223,12223,84100,84100,0.19425264371331444,33028,136998,1.0,0.18783710000025167,0f16f89bc2c3b24b8bf7cace439a744b1cd58d557477d194195e2b7e1ee2e3d9,
case_071,3,ok,9654,9654,181832,181832,0.3612094311656124,89192,157734,1.0,0.20906809999996767,583e1ec24328c096e0f3e7a141f34938945dc728272811da7b767b68c0039ba0,
case_071,4,ok,8966,8884,198732,198732,0.2999480030702949,72684,169638,1.009230076542098,0.208828899999844,f6ac94af8c495206bf345c9f4474e901c04011dfb6bc148eb73fa0b8626e2434,
case_072,1,ok,23897828,23890756,108613680,108613680,0.026210198484652728,3137536,116569150,1.000296014073393,41.841429699999935,37c06b0e48200c61307762f2dcc1c88e96c3f935c6e17eab4b29797a85ee5161,
case_072,2,ok,11775417,11771317,76696352,76696352,0.1427293727333101,12530120,75259238,1.0003483042721557,31.63755839999976,546210eb108e644ea0ea91597c600a59cc5ef0d83562e0f30e6d4fd8ce82b187,
case_072,3,ok,7847572,7840667,76991264,76991264,0.12167393792330912,10717560,77366710,1.0008806648720063,25.136682599999858,308ed609b43db7d6cc76a935673231c4bbff3d2ee2a42661914d7b7aa87fdd44,
case_072,4,ok,5955979,5948021,78629664,78629664,0.1513813175644461,13582336,76140334,1.0013379239918623,22.59302519999983,3035df7bc947a2bb37e20241a75a727e97411ee1b2b0055462d1c0b47d179954,
case_073,1,ok,10081626,10081626,141570432,141570432,0.0,0,145160448,1.0,2.941906800000197,3d2046d0044f93d10f04fec7c73b216ead6dc688936ebed47eca937db385dc8c,
case_073,2,ok,5329133,4661261,91771264,91771264,0.8299822391560778,79076352,16198400,1.1432813996040985,2.364471599999888,a1c829dd4ac62b5ea3e6c03dff15cef8132864111d2d715350f56418c8d5796a,
case_073,3,ok,4365877,3288649,93132032,93132032,0.8789105806713106,84934656,11701632,1.3275594324599553,2.1225217999999586,3fcfcae236fd3f88044966f78b1c8d437685aa31b2f25567c7b9786d0a696dfc,
case_073,4,ok,3670429,2708423,94492800,94492800,0.7192401333319401,70483968,27513856,1.3551904558482926,2.0791583000000173,55f05e51c5819b8a911d31433372e2c57bb50105ce6d69de0d6cf6b85b3855f1,
case_074,1,ok,1682239,1678120,6070280,6070280,0.16680485013829857,1642496,8204316,1.002454532452983,1.5198975000002974,2779c2f98534ba22be17439254042effe4fd89fc373320886e992cf811fe3daa,
case_074,2,ok,825446,824949,3457024,3457024,0.33238847814907185,2404352,4829208,1.0006024614854978,1.3845479999999952,73ffaad34b23d5ca1acd23d2638cdfad327d561f45078220412e333d3d136b72,
case_074,3,ok,560063,558503,5275648,5275648,0.33438825370761355,3026944,6025240,1.002793181057219,1.4445982999995977,91bbdcd42a0d3f51bad593e1e98f37129699edccc5147919e7b4a4f7e09aa468,
case_074,4,ok,436212,433111,6995968,6995968,0.307984104716972,3317760,7454744,1.00715982738836,1.4746077999998306,f2871002d3330112e5d52b85b21884e3a4f60f932b5d59aafbea9e3086e245b4,
case_075,1,ok,1441809,1441809,0,0,0.0,0,1819782,1.0,3.8433399000000463,bed9d9e83e74b512d9fc39bb4e0590540ad7bc8cb66a39d8ca9bb40be3ad609a,
case_075,2,ok,738658,738658,1401990,1401990,0.12205756804152743,327686,2356998,1.0,3.495946500000173,0636cef50865a16407fbe82b385c14210d5b6fdf3a7e071a637217bf633d9e42,
case_075,3,ok,559640,559578,4018700,4018700,0.39516972935439865,1775628,2717702,1.0001107977797554,3.596440899999834,cb7a9b0b1f4647a7cfc27158630f0555e13f41405789466eff57f7b02c903119,
case_075,4,ok,398037,397969,3455122,3455122,0.3235900701039091,1360018,2842886,1.0001708675801382,3.333309900000131,fee69e2338b9c3e28a2cb364a0ff62e80ef8618ba9ac75f24822643e43ec2e1b,
case_076,1,ok,6185113,6183098,28280832,28280832,0.13357661937269952,4347904,28201984,1.0003258884138664,39.99526999999989,942cb3b3d622bf9f0010de6b6db391fd4d955ea8adbdf47a2f1577f4908dba33,
case_076,2,ok,3085520,3084596,10178560,10178560,0.47763838684527604,6900736,7546880,1.0002995530046723,25.009175799999866,20ac5ca79eb9c22b472eb6c7c8b4c6edd99b5467c870c1c7f24a0158051df5a7,
case_076,3,ok,2046418,2046322,10626048,10626048,0.25690911590815346,3826688,11068416,1.0000469134378656,22.097663099999863,ee30148f43bbc2ce86515e1d6f138c1bb7de42a42852934b35724dd30a54bbe1,
case_076,4,ok,1531122,1530920,14709760,14709760,0.46827452249919066,8887296,10091520,1.0001319468032295,21.355084100000113,62f1076a86f63c63b62356ee7bbaa0f1394222ff6891d9b08169f2c25426ca43,
case_077,1,ok,495320,495320,0,0,0.0,0,2141260,1.0,1.6492426999998315,313a53144f59c7d21461950a087d241efd2668313bf912d71f68862af0734dcf,
case_077,2,ok,262954,262846,580106,580106,0.09775834827793771,251080,2317294,1.0004108869832526,1.6534966999997778,f89dc64c44ba776feac23e852050856bfb1b620db0570f7cc0c7fb4c9d0174ac,
case_077,3,ok,188863,188537,792452,792452,0.14957033125125727,411914,2342068,1.0017291035711824,1.5616128000001481,1b76247fb80763a9c7d11df5e631a768ad31e12804a2fb38b5f223fcdcff7bcd,
case_077,4,ok,153109,152982,1205822,1205822,0.18838323384524713,577904,2489800,1.0008301630257155,1.6802677000000585,243ae7189a012d3fa3a5dccc8bcbdfea28f55704c878f5bb74b835be8adecabd,
case_078,1,ok,2296143,2296143,12644568,12644568,0.0,0,14776152,1.0,0.3650294999997641,69e0e695ade21e7c3734f75bdadd7b92833241347217999b102e74c4b7836aef,
case_078,2,ok,1055740,1055740,2148480,2148480,0.0,0,4395264,1.0,0.2952440000003662,dd512d08343ea8a420864219616b9e37c2ec57aa5a8e0d25277a72cce778b002,
case_078,3,ok,792172,792172,4296960,4296960,0.11764274397042428,769824,5773920,1.0,0.29293150000012247,3e0d59208fd26ec164968115b81123b9ed63cc3acb45e6da22ff627c52c52c57,
case_078,4,ok,557664,557664,6445440,6445440,0.0,0,8692224,1.0,0.29593690000001516,408c2d623ae7906c6c18ccae0597a4c67ded37fd77becd4f167416f6e542cf3c,
case_079,1,ok,31052251,31052251,32448512,32448512,0.0,0,38260736,1.0,26.073585600000115,e8c2977025670b0dec3c92b1c955c5fa59854ec91c26b072e18ddca966af5564,
case_079,2,ok,15594940,15575492,36859904,36859904,0.2808586762075134,9003008,23052288,1.0012486282937323,12.7571724000004,d51c695f16c51d6d91b38999972040e77f6852bca3d40a4d015d1bb171f19bdd,
case_079,3,ok,10436715,10432969,55062528,55062528,0.12024703317994671,6100992,44636160,1.0003590540717604,15.002361500000006,85f9b40468c944f136e64016b366cda2c078a76d99f6b97a8d8354a383cbeb50,
case_079,4,ok,7786118,7780871,31670272,31670272,0.13396143088473428,3727360,24096768,1.000674346098271,11.141918100000112,f1f39499be98db8028a851f6f431e0daa39ad40820c828996d8da65466a29286,
case_080,1,ok,292138,291826,548864,548864,0.1686143572621035,413696,2039808,1.0010691302351402,0.40668840000034834,4bde11275202a3123e3211f6020879016dce6dd6e065878203a696a24797bbac,
case_080,2,ok,153702,153702,1921024,1921024,0.1006423982869379,385024,3440640,1.0,0.4139641000001575,cdb2d593766bd90bc7ed6e611b308690efd18cc54c1b22c445a079746c3e2cac,
case_080,3,ok,100098,100098,983040,983040,0.0,0,2740224,1.0,0.3704378999996152,f787fb65eda1728918e758483a68fd5181701e5ea27fcece0914931226fa0ab6,
case_080,4,ok,107717,79440,4444160,4444160,0.43584656084656087,2699264,3493888,1.3559541792547836,0.5427884000000631,4de91d19bd4023f364490397d689a1da2530311d460b1e0e938e865993e5f61b,
case_081,1,ok,151795,151795,0,0,0.0,0,1044820,1.0,1.65133139999989,e0c3a84e75f5cccea24be436c009615eacaeea8dc4e49c81e869f8ffa0539f00,
case_081,2,ok,76860,76860,0,0,0.0,0,1044820,1.0,1.3600553000001128,38d67cf6c28fac291aac83471e998b1d4df4007407ebbd1d57a02e3949f048bd,
case_081,3,ok,51943,51943,0,0,0.0,0,1044820,1.0,1.2661324999999124,d68ac76f4bbba1d8b60aa20c255a9cabd714ed94c6686cf599309686826f889c,
case_081,4,ok,39588,39588,0,0,0.0,0,1044820,1.0,1.1993954999998095,6a60e3a9bbc1f246a0658bb1bf739967c2feba8eda9c86978335e639c3b60689,
case_082,1,ok,721041,721041,0,0,0.0,0,566406,1.0,1.3760025000001406,6eb39ce98179d639db67413478cb56976f77b63d3afc1ad94cbd85377017ba62,
case_082,2,ok,365555,365554,567942,567942,0.10928238898349926,98310,801286,1.0000027355739507,1.478269900000214,e667ab7b0d097b0ba2cfadbe16203912a442382b7abd426668b5655594ba896b,
case_082,3,ok,249583,249485,1538572,1538572,0.32618174746840645,499852,1032582,1.000392809186925,1.5590508000000227,213037075f8e71bed93d8f639a4f34222e67abe2d060b80736ec3c035c244049,
case_082,4,ok,202367,202415,1418386,1418386,0.3308694809077247,491410,993798,0.9997628634241533,1.4466459999998733,4dec74e4095e85090b6c73620265c118ac2593d4103e52ff1502112d02b88472,
case_083,1,ok,1057993,946145,13934688,13934688,0.7958684091545202,11829024,3034016,1.1182144385902795,1.883603100000073,7ec4e87335d7c4fad3623f4332ab33b69d05a0210b052cebef7267c241d7bedc,
case_083,2,ok,447790,447715,930400,930400,0.43954846714886664,929536,1185216,1.0001675172821995,1.4082565999997314,c9188db4633d9a506e875ba4de40c57580c98591034206ec200a2d8503281d68,
case_083,3,ok,308067,308067,1860800,1860800,0.30525110076607015,929536,2115616,1.0,1.3330852000003688,163a381039564a1b6b10d0687b4fb4a82a8471b4c6a3401066834aad95d289c3,
case_083,4,ok,224609,224609,2791200,2791200,0.7014391963682024,2788608,1186944,1.0,1.3346999000000324,06cb98df169d10f9dda4d24e406d18d2f029d314f774986c9328a4eba37c3a64,
case_084,1,ok,2507412,2507412,0,0,0.0,0,9927786,1.0,8.150140199999896,394128f58f59436607e94c6d809e84dc37c2bb9623f4570355de7e12960c1e4c,
case_084,2,ok,686924,686924,9427968,9427968,0.0,0,14641770,1.0,7.372167700000318,c53cbb4f339adb9013e0da728f8c6ea12750731e63a78b6ebe0f3a5b79cc393c,
case_084,3,ok,458172,458172,9179136,9179136,0.0,0,14517354,1.0,6.622082200000023,17df49ba5e33bc6b79dc196c9e7f7eb44109f01ac006ad44c499d85d7173f0fe,
case_084,4,ok,384788,384788,8930304,8930304,0.0,0,14392938,1.0,6.33372640000016,f4e9c842ce60c8ca75d030fa21de8df965aaa44e52d6c15c9d2be0dd0f9a9248,
case_085,1,ok,3187899,3187899,0,0,0.0,0,1655942,1.0,18.062422699999843,684cfd0441b7faf7f2c3f58f65970994db8dc62ead0591c028c1518df373ad26,
case_085,2,ok,1662788,1662787,2148486,2148486,0.10248364323273938,294918,2582790,1.0000006013999387,13.739689800000178,083e187e6aff98d9172d047bb063fadf4be8447ad0180091392134369c68b998,
case_085,3,ok,1126371,1126373,5683212,5683212,0.3915372286538827,1991948,3095558,0.9999982243892565,12.712564399999792,75a93c335578dc3a749028a8c1ba37dbe314845d0095398918000f9b75e0c85a,
case_085,4,ok,838581,838456,5003666,5003666,0.30923819693848253,1473426,3291270,1.0001490835535793,11.344617499999913,8cece95d2e79e82e1d64dc409126568dbd694acec6c5883748ff6d78ed19789b,
case_086,1,ok,118403,118403,0,0,0.0,0,321126,1.0,1.9520516000002317,0f4e862bfccb3b103c1999ac88e283efe57b077628d0cdcbc5ba535fcad3106b,
case_086,2,ok,62866,62866,418278,418278,0.1573806547680034,92164,493448,1.0,1.862289900000178,35b4dc19fe6de0140349a30ac16fecc69b2281b416c9ed1a6b370b1e1fb0b490,
case_086,3,ok,48546,47249,1081164,1081164,0.4327925129756018,444780,582918,1.027450316408813,1.9723171000000548,270189df897b9402eac4cd5208f327a5555f5f1225acead7d182265cc187dfbc,
case_086,4,ok,38996,38226,952434,952434,0.3114209910067014,300018,663366,1.020143357923926,1.8393044999997983,861855f6c09ec10488e4ec539762204e7a961c0e477ccb0e47746470b405658b,
case_087,1,ok,3974071,3969779,7902720,7902720,0.18336776784760794,2534400,11287004,1.0010811684982968,36.648023300000204,91acd6dff66221ddc3c11406e7b6f4cdc7b6973022b5518ef28c2f6c02a954f4,
case_087,2,ok,2008482,2008511,4631040,4631040,0.30051061051454997,3170304,7379420,0.9999855614432781,16.755303500000082,39a0c4998f517fde789a956791e922d67291627d4ef127ec5e00e8c2ff9e118e,
case_087,3,ok,1382997,1382997,5902848,5902848,0.16488421297679523,1949184,9872348,1.0,13.673735300000317,a19952710b95f5b275a60beae898c33b9d5ebd03743a927c65f5d08ef44b4f9d,
case_087,4,ok,1025060,1021202,22413298,22413298,0.493625108353013,12570348,12895026,1.0037779009441814,20.703630099999828,f6d8f7482764cd9fb2fa42ef5cff0c8f0cf5b65983e1d636e4cd10085ce99c43,
case_088,1,ok,243623,243623,0,0,0.0,0,1829730,1.0,1.1924192999999832,163f203a2937e442470e3ecfbb02b80323d01d3c6887661bb73f55d35b22ac06,
case_088,2,ok,135849,135313,850054,850054,0.18078630320797973,454854,2061122,1.0039611862866096,1.2497800000001007,ec9c72f07bc2d16c3909b622e25384f47039a8571fcdd2828ca8ab936b5983a4,
case_088,3,ok,96111,95879,1473104,1473104,0.3074813000078188,943820,2125700,1.0024197165176942,1.1590961000001698,f6ff33b6b1872685d56ba097edf7aa72d30ccbbd550601986244315808d7f5b0,
case_088,4,ok,87538,81865,2048310,2048310,0.2558772351681021,877902,2553048,1.0692970133756794,1.354569999999967,c764181a7d11820a9ba8e1e639b5e9afb269114bfd966a1ae003d8d6a6d98aef,
case_089,1,ok,693092,693092,0,0,0.0,0,402560,1.0,2.190658099999837,4fc10e9b5c244c9674e677b5fc6937fd0b87f194d682ef550a0ce29592c22599,
case_089,2,ok,333104,333104,238720,238720,0.0,0,641280,1.0,2.029186500000378,fe37cb9dd10ca5d78706e2e36ff6b5c62a66e1f6dfbdbe1f5236f9bdaf9646a5,
case_089,3,ok,233146,233146,477440,477440,0.2711090909090909,238576,641424,1.0,1.8013640999997733,cd558c7aa63d9537847387ca2b42be34710397e24b433ffd180a0d607acf3574,
case_089,4,ok,166784,166784,716160,716160,0.0,0,1118720,1.0,1.7402092000002085,c05288df336750edcf46764a1d5e8970abc40498ab4bb9f32df6cdf1f0ed5333,
case_090,1,ok,1178363,1178363,21233592,21233592,0.0,0,23365560,1.0,0.671536500000002,00f2e18102897420f917354e90524cc9061b95a3ad982b75fecb9f63b5a465d9,
case_090,2,ok,481849,474598,2148480,2148480,0.4837413670975739,2097936,2238960,1.0152781933341481,0.5589331000001039,6dccdbc1381d4e468d67ccfa7c9506665df947ec8a28d1cd08b26404097699a4,
case_090,3,ok,359580,338917,4296960,4296960,0.30420317958434484,1972872,4512504,1.0609677295621052,0.4989467999998851,e432b8e948f84de5c15dd8b7a1024ef209ae267c02b4aa71634b38456af2c390,
case_090,4,ok,300013,271108,6445440,6445440,0.21889732698808043,1889928,6743928,1.1066180267642416,0.48860999999988053,53394a52f028a6468ccb08b283a6c6cf2da735f8c32d1c96d5ca80999879c6b3,
case_091,1,ok,9186769,9168820,53947008,53947008,0.10538579237748164,6374016,54108672,1.001957612866214,37.52661970000008,220eff77c868dc051d126bfdc2c7fc5a0fbed7471a8128d8b3fb07db31c8a47b,
case_091,2,ok,4558277,4547581,28271584,28271584,0.4437133582231571,15444448,19362816,1.0023520196781541,28.07643280000002,d24ac85f57399384cc35ff897e7de2bc159f1b2898159d6d399cd0976a5f4e97,
case_091,3,ok,3051376,3045559,25428800,25428800,0.26992962188028713,8628160,23336320,1.0019099941915426,21.71146269999963,9a59824e658e6b4a4383ebb636755850ea4fea403a88bea69ab3751770f23990,
case_091,4,ok,2292534,2292459,26478240,26478240,0.15113624798266914,4989600,28024320,1.0000327159613323,20.611544400000184,56283ba511e316bf731318a5607c75a994d2d819714e974e15ad63e945e4d980,
case_092,1,ok,4815554,4333631,66000096,66000096,0.7935495964003455,52970464,13780832,1.111205361047122,20.364436899999873,13032b95691d7d95912166112d908978e2250d20d1b79f9ff370fd6738d13f5d,
case_092,2,ok,2024032,2024032,5358176,5358176,0.0,0,5237952,1.0,12.585355500000333,1fcd43118b7ce7f1651fab7ff44d8bd4b1d51a5d6cd48d60e6152316e8384847,
case_092,3,ok,1363611,1362889,5690560,5690560,0.1581750873692188,928384,4940960,1.0005297570088247,10.970206800000142,32f622492069a77ab353e4731a3d37afbd7937c43dae663a537cd6f77d473d87,
case_092,4,ok,1040221,1025333,6264608,6264608,0.2807600858286134,1859072,4762496,1.0145201607672825,9.402387499999804,b2c8e1a96bfc8db9f29cf9add8774bbedf9416c8d2c862979e675b2551c76a15,
case_093,1,ok,74205,74205,0,0,0.0,0,573440,1.0,0.2102122999999665,d740ca1eb54c74eab83a22fcf0c9a2ee98f0b8970396131df3ef725168ce19e3,
case_093,2,ok,37827,37827,8192,8192,0.0,0,581632,1.0,0.20205600000008417,1469376cc0cae5c34dfe2b96bb51cb4a7622e7a839eb29b6ac55960acadc677f,
case_093,3,ok,25103,25103,16384,16384,0.0,0,589824,1.0,0.19596199999978126,d881d5b76b1d96eb7fa2e6e118e738073020ed1bb58fd1526ad5d9ad05a2f30a,
case_093,4,ok,19779,19779,24576,24576,0.0,0,598016,1.0,0.19452180000007502,d2ad824bd9839e8f80ed32db071c1d06ec76ecd2bb9accbaaa0d02c8f0932074,
case_094,1,ok,94892,94892,0,0,0.0,0,471328,1.0,0.17905870000004143,90f14f38bd9283ba93052db846f68a96f7317d4b0a088f56294fd5f4c59c5589,
case_094,2,ok,49187,49187,320548,320548,0.17701066485792216,122656,570274,1.0,0.20451150000008056,0da7241638925333098212691b751367ee9eb011384d11314f4028c1ede64251,
case_094,3,ok,38896,37772,955340,955340,0.2422713118336195,264992,828790,1.0297574923223551,0.2952307999998993,02c514ee5779483cb66e4c86089536007e7e9928132286cbce826127c424bb0e,
case_094,4,ok,30007,29551,752352,752352,0.2926383598129394,302368,730880,1.0154309498832528,0.2268927000000076,9e73cf354f79626a2bd17976f925c8fc5a71891a366886481df942cad7de09bb,
case_095,1,ok,2084853,2084853,0,0,0.0,0,8516508,1.0,2.372734799999762,63844efdce53667d1c9880a22ccbba187bf1b0b94b7998c8421f3b04e046c508,
case_095,2,ok,573788,573788,16588800,16588800,0.0,0,16810908,1.0,2.2357069999998203,68791bc0effc4847e5434a6aed173d4580ebe559755be78fddf67449782175a0,
case_095,3,ok,474501,474501,16367616,16367616,0.0,0,16700316,1.0,2.184577399999853,9399b70a8917502bd8ee705afae70077219f727759a526e4168d2b050918621c,
case_095,4,ok,524422,524422,0,0,0.0,0,8516508,1.0,1.8117395999997825,fdfaea2ee55f85e27957b535630142b49bc1238bd49e55f3a705d7e12b5fa100,
case_096,1,ok,84194,84194,0,0,0.0,0,210260,1.0,0.3318691999998009,93da29da2f8708b13093282b0af603acc6a81dd4698a737118e1cea3da38b2cd,
case_096,2,ok,46819,46819,67392,67392,0.2427211041159437,67392,210260,1.0,0.3460076000001209,2c7471d4983641febf1e29014a0377369927d95b06e0c1b8a758722d0b27e716,
case_096,3,ok,33662,33662,67392,67392,0.2427211041159437,67392,210260,1.0,0.30747999999994136,9b05ab4ac3348211722ab390fd6de236036367f85d9ce2dcad73e024b28ffb60,
case_096,4,ok,26984,26984,78336,78336,0.2714382735727453,78336,210260,1.0,0.3180136000000857,fa24e4ae4d75279843c888c55b02e0c9c7742a5dc41e6026a64037043af6b2ed,
case_097,1,ok,11491509,11491509,10584064,10584064,0.0,0,14843904,1.0,5.129178800000318,57ee6ed9eb0b93fc2819d6a977f235b1e66cfc35ab0d556135bdf0d4cb14e297,
case_097,2,ok,5182192,5178654,12130304,12130304,0.15456703736098962,2533376,13856768,1.0006831891066674,4.335399000000052,f123cf2c16f403e7cbe272ff648402084c50ac5db87019f344c1770320efd406,
case_097,3,ok,3555469,3555366,13991936,13991936,0.25998653500897667,4745216,13506560,1.000028970294479,3.57366009999987,207b776f34208a29b25f0df1191b889ea15dcf8e1a6df7c6acc60aa7c4d820ac,
case_097,4,ok,2698156,2688480,12335104,12335104,0.39133654202147355,6494208,10100736,1.0035990596917217,3.448689700000159,0501b0ad177cd25f01fa1515d4fd7223e9b568719730b2ba516e4a6937ba6860,
case_098,1,ok,177430,177430,0,0,0.0,0,697912,1.0,0.40001600000005055,12827684fcb5eb70cc7deb4cda3e3555a20650761f267a8c6b5bc3bf71bcbca9,
case_098,2,ok,89756,89756,0,0,0.0,0,697912,1.0,0.4112599999998565,5658d8da1f1e59248ab8c4632d504599258e6153b2f94a1b59159775d90d3345,
case_098,3,ok,76529,71975,2460304,2460304,0.15903149588830384,344078,1819506,1.0632719694338313,0.6673981999997523,4fe855a3f7294d0b8e45cbe9bae8b10236f49f9faf4c2c186e54848fc85a4786,
case_098,4,ok,67101,63843,2390740,2390740,0.15409359799296457,319514,1753992,1.051031436492646,0.7143037000000731,622867cb5aee9497b2df65fa7cf325f8717411cf06147b56eac47694048fc11f,
case_099,1,ok,1622999,1618902,5484544,5484544,0.25235465023466686,2023424,5994752,1.002530727616619,2.35340159999987,23fce5f517d500d2a378a58d70967cd6ada40f9eea222b6cdc87baf0a2004661,
case_099,2,ok,807032,807032,2809856,2809856,0.38633641546495473,2064384,3279104,1.0,2.372973699999875,7acf7cf5a5a512a3a87a57c7bea4475fb2a4516b874071ad116f8f524f68bcc7,
case_099,3,ok,545287,545139,4001792,4001792,0.34846644991969916,2277376,4258048,1.0002714903905243,2.5475792000002,cfb0e69df5333b6ecb91b0f620021031af688cf78041ed7ab22ba3d47d04f952,
case_099,4,ok,412325,412226,5935104,5935104,0.4459357335026148,3776512,4692224,1.0002401595241446,2.5320953000000372,479f95f3a57960485559c8e00b0e2a874c319a5bfb785fa9c6e7bed0afacafd7,
case_100,1,ok,151223,151223,0,0,0.0,0,436006,1.0,0.38383859999976266,681e653563d3c768f3caa97d5ce84b5b07d871ec759557bc231b2ab6ffdbe411,
case_100,2,ok,85932,85932,839412,839412,0.25354205359511806,248456,731484,1.0,0.5904344000000492,ed49a87d0a43fe9f6d9f5d432d305b65940f64f93649df22b80fb22fffcca716,
case_100,3,ok,62351,59960,1366594,1366594,0.29686544226175077,390194,924186,1.039876584389593,0.6784634999999071,f610e3c242052307a0b5f3cb6230142ec7ee4d74c8791f5323fe6a9a00b7c985,
case_100,4,ok,51190,46910,1711060,1711060,0.2978931770191404,463576,1092606,1.0912385418887232,0.7185918000000129,f3399bb9491e9597fa840444e824837d04fe74a61f137f568944817e210aaa42,
