case,cores,singlecore_cycles,baseline_cycles,selected_cycles,speedup,added_copy_bytes,partition_added_copy_bytes,spill_added_copy_bytes,peak_l1_bytes,peak_ub_bytes,strategy,source_plan,source_result
case_001,2,233110,116868,116868,1.9946435294520313,1152,1152,0,13440,8192,band_w4_k2_trimmed,q2_optimization/transfer/case_001/n2/band_w4_k2_trimmed/case_001_multicore_res.json,q2_optimization/transfer/case_001/n2/band_w4_k2_trimmed/result.json.gz
case_001,3,233110,78545,78545,2.9678528232223567,2304,2304,0,13440,8192,band_w4_k3_trimmed,q2_optimization/transfer/case_001/n3/band_w4_k3_trimmed/case_001_multicore_res.json,q2_optimization/transfer/case_001/n3/band_w4_k3_trimmed/result.json.gz
case_001,4,233110,58984,58984,3.952088702020887,3456,3456,0,13440,8192,band_w4_k4_trimmed,q2_optimization/transfer/case_001/n4/band_w4_k4_trimmed/case_001_multicore_res.json,q2_optimization/transfer/case_001/n4/band_w4_k4_trimmed/result.json.gz
case_001,5,233110,47502,47502,4.9073723211654245,4608,4608,0,13440,8192,baseline,baseline_results/case_001/q2_n5/case_001_multicore_res.json,baseline_results/case_001/q2_n5/result.json.gz
case_002,2,261945,261945,132196,1.9814896063420981,27648,27648,0,12288,19968,band_w12_k2_trimmed,q2_optimization/transfer/case_002/n2/band_w12_k2_trimmed/case_002_multicore_res.json,q2_optimization/transfer/case_002/n2/band_w12_k2_trimmed/result.json.gz
case_002,3,261945,261945,89027,2.94230963640244,41472,41472,0,7680,15360,band_w12_k3_trimmed,q2_optimization/transfer/case_002/n3/band_w12_k3_trimmed/case_002_multicore_res.json,q2_optimization/transfer/case_002/n3/band_w12_k3_trimmed/result.json.gz
case_002,4,261945,261945,67434,3.88446481003648,508416,508416,0,233472,76800,band_w4_k4_trimmed,q2_optimization/transfer/case_002/n4/band_w4_k4_trimmed/case_002_multicore_res.json,q2_optimization/transfer/case_002/n4/band_w4_k4_trimmed/result.json.gz
case_002,5,261945,261945,54745,4.784820531555393,517632,517632,0,187392,61440,band_w4_k5,q2_optimization/band/case_002/n5/band_w4_k5/case_002_multicore_res.json,q2_optimization/band/case_002/n5/band_w4_k5/result.json.gz
case_003,2,602212,538381,338772,1.7776321537789428,1221510,1221510,0,118016,33286,q1_selected,q2_optimization/case_003/n2/q1_selected/case_003_multicore_res.json,q2_optimization/case_003/n2/q1_selected/result.json.gz
case_003,3,602212,538764,218198,2.7599336382551627,2209040,2209040,0,116736,32134,q1_selected,q2_optimization/case_003/n3/q1_selected/case_003_multicore_res.json,q2_optimization/case_003/n3/q1_selected/result.json.gz
case_003,4,602212,539155,195722,3.0768743421792135,3244694,3244694,0,118528,26886,q1_selected,q2_optimization/case_003/n4/q1_selected/case_003_multicore_res.json,q2_optimization/case_003/n4/q1_selected/result.json.gz
case_003,5,602212,539607,159542,3.774629878025849,4421404,4421404,0,118016,20484,q1_selected,q2_optimization/case_003/n5/q1_selected/case_003_multicore_res.json,q2_optimization/case_003/n5/q1_selected/result.json.gz
case_004,2,392357,199074,196032,2.0014946539340515,983040,110592,872448,258048,129024,band_w4_k2_trimmed,q2_optimization/transfer/case_004/n2/band_w4_k2_trimmed/case_004_multicore_res.json,q2_optimization/transfer/case_004/n2/band_w4_k2_trimmed/result.json.gz
case_004,3,392357,134043,131412,2.985701458009923,847872,221184,626688,199680,129024,band_w4_k3_trimmed,q2_optimization/transfer/case_004/n3/band_w4_k3_trimmed/case_004_multicore_res.json,q2_optimization/transfer/case_004/n3/band_w4_k3_trimmed/result.json.gz
case_004,4,392357,104188,101428,3.8683302441140515,712704,331776,380928,172032,129024,band_w4_k4_trimmed,q2_optimization/transfer/case_004/n4/band_w4_k4_trimmed/case_004_multicore_res.json,q2_optimization/transfer/case_004/n4/band_w4_k4_trimmed/result.json.gz
case_004,5,392357,88341,85236,4.603184100614763,577536,442368,135168,156672,129024,band_w4_k5,q2_optimization/band/case_004/n5/band_w4_k5/case_004_multicore_res.json,q2_optimization/band/case_004/n5/band_w4_k5/result.json.gz
case_005,2,95618,95618,55420,1.725333814507398,398118,398118,0,67488,23476,q1_selected,q2_optimization/case_005/n2/q1_selected/case_005_multicore_res.json,q2_optimization/case_005/n2/q1_selected/result.json.gz
case_005,3,95618,95618,41929,2.2804741348470032,795084,795084,0,70752,19252,q1_selected,q2_optimization/case_005/n3/q1_selected/case_005_multicore_res.json,q2_optimization/case_005/n3/q1_selected/result.json.gz
case_005,4,95618,95618,33901,2.820506769711808,1080882,1080882,0,63840,17812,q1_selected,q2_optimization/case_005/n4/q1_selected/case_005_multicore_res.json,q2_optimization/case_005/n4/q1_selected/result.json.gz
case_005,5,95618,95618,32820,2.9134064594759295,1307352,1307352,0,44544,16276,q1_selected,q2_optimization/case_005/n5/q1_selected/case_005_multicore_res.json,q2_optimization/case_005/n5/q1_selected/result.json.gz
case_006,2,82837,46100,40084,2.0665851711406047,820626,700778,119848,145024,123926,band_w4_k2_trimmed,q2_optimization/transfer/case_006/n2/band_w4_k2_trimmed/case_006_multicore_res.json,q2_optimization/transfer/case_006/n2/band_w4_k2_trimmed/result.json.gz
case_006,3,82837,31153,31152,2.659123009758603,30084,30084,0,196608,94220,data_band_w12_k3_trimmed,q2_optimization/transfer_data_band/case_006/n3/data_band_w12_k3_trimmed/case_006_multicore_res.json,q2_optimization/transfer_data_band/case_006/n3/data_band_w12_k3_trimmed/result.json.gz
case_006,4,82837,31428,24586,3.369275197266737,637248,637248,0,100992,51200,data_band_w4_k4_trimmed,q2_optimization/transfer_data_band/case_006/n4/data_band_w4_k4_trimmed/case_006_multicore_res.json,q2_optimization/transfer_data_band/case_006/n4/data_band_w4_k4_trimmed/result.json.gz
case_006,5,82837,31733,22039,3.758655111393439,483828,483828,0,55424,70146,data_band_w4_k5,q2_optimization/data_band/case_006/n5/data_band_w4_k5/case_006_multicore_res.json,q2_optimization/data_band/case_006/n5/data_band_w4_k5/result.json.gz
case_007,2,1012562,507494,490814,2.063025912056298,2933760,27648,2906112,451584,129024,band_w4_k2_trimmed,q2_optimization/transfer/case_007/n2/band_w4_k2_trimmed/case_007_multicore_res.json,q2_optimization/transfer/case_007/n2/band_w4_k2_trimmed/result.json.gz
case_007,3,1012562,338094,326994,3.096576695596861,2709504,55296,2654208,308736,129024,band_w4_k3_trimmed,q2_optimization/transfer/case_007/n3/band_w4_k3_trimmed/case_007_multicore_res.json,q2_optimization/transfer/case_007/n3/band_w4_k3_trimmed/result.json.gz
case_007,4,1012562,254398,246058,4.115135455868129,2485248,82944,2402304,238080,129024,band_w4_k4_trimmed,q2_optimization/transfer/case_007/n4/band_w4_k4_trimmed/case_007_multicore_res.json,q2_optimization/transfer/case_007/n4/band_w4_k4_trimmed/result.json.gz
case_007,5,1012562,203834,197052,5.1385522603170735,2260992,110592,2150400,195072,129024,band_w4_k5,q2_optimization/band/case_007/n5/band_w4_k5/case_007_multicore_res.json,q2_optimization/band/case_007/n5/band_w4_k5/result.json.gz
case_008,2,487605,244266,136244,3.5789098969495905,3538944,0,3538944,30720,129216,band_w4_k2_trimmed,q2_optimization/transfer/case_008/n2/band_w4_k2_trimmed/case_008_multicore_res.json,q2_optimization/transfer/case_008/n2/band_w4_k2_trimmed/result.json.gz
case_008,3,487605,163359,110229,4.4235636719919444,3317760,0,3317760,30720,129216,band_w4_k3_trimmed,q2_optimization/transfer/case_008/n3/band_w4_k3_trimmed/case_008_multicore_res.json,q2_optimization/transfer/case_008/n3/band_w4_k3_trimmed/result.json.gz
case_008,4,487605,123060,104264,4.676638149313281,3096576,0,3096576,30720,129216,band_w4_k4_trimmed,q2_optimization/transfer/case_008/n4/band_w4_k4_trimmed/case_008_multicore_res.json,q2_optimization/transfer/case_008/n4/band_w4_k4_trimmed/result.json.gz
case_008,5,487605,100603,97488,5.001692516001969,2875392,0,2875392,30720,129216,band_w4_k5,q2_optimization/band/case_008/n5/band_w4_k5/case_008_multicore_res.json,q2_optimization/band/case_008/n5/band_w4_k5/result.json.gz
case_009,2,153261,92198,82880,1.8491916023166024,329102,329102,0,39520,44894,q1_selected,q2_optimization/case_009/n2/q1_selected/case_009_multicore_res.json,q2_optimization/case_009/n2/q1_selected/result.json.gz
case_009,3,153261,92207,56946,2.691339163417975,505340,505340,0,38624,40184,q1_selected,q2_optimization/case_009/n3/q1_selected/case_009_multicore_res.json,q2_optimization/case_009/n3/q1_selected/result.json.gz
case_009,4,153261,92216,47865,3.2019429645879036,656170,656170,0,38816,33458,q1_selected,q2_optimization/case_009/n4/q1_selected/case_009_multicore_res.json,q2_optimization/case_009/n4/q1_selected/result.json.gz
case_009,5,153261,92225,42204,3.63143303952232,789448,789448,0,38400,32842,q1_selected,q2_optimization/case_009/n5/q1_selected/case_009_multicore_res.json,q2_optimization/case_009/n5/q1_selected/result.json.gz
case_010,2,86969,45272,43584,1.9954341042584434,20740,20740,0,231296,35080,data_band_w12_k2_trimmed,q2_optimization/transfer_data_band/case_010/n2/data_band_w12_k2_trimmed/case_010_multicore_res.json,q2_optimization/transfer_data_band/case_010/n2/data_band_w12_k2_trimmed/result.json.gz
case_010,3,86969,30856,30856,2.8185442053409386,48384,48384,0,229376,32776,baseline,baseline_results/case_010/q2_n3/case_010_multicore_res.json,baseline_results/case_010/q2_n3/result.json.gz
case_010,4,86969,29856,25173,3.4548524212449845,365144,365144,0,115072,55042,data_band_w4_k4_trimmed,q2_optimization/transfer_data_band/case_010/n4/data_band_w4_k4_trimmed/case_010_multicore_res.json,q2_optimization/transfer_data_band/case_010/n4/data_band_w4_k4_trimmed/result.json.gz
case_010,5,86969,31015,23614,3.6829423223511477,418324,418324,0,115072,54112,data_band_w4_k5,q2_optimization/data_band/case_010/n5/data_band_w4_k5/case_010_multicore_res.json,q2_optimization/data_band/case_010/n5/data_band_w4_k5/result.json.gz
case_011,2,184697,92646,92646,1.9935777043801135,180224,180224,0,241664,0,baseline,baseline_results/case_011/q2_n2/case_011_multicore_res.json,baseline_results/case_011/q2_n2/result.json.gz
case_011,3,184697,69625,63552,2.906234264853978,1978368,1978368,0,180224,0,band_w12_k3_trimmed,q2_optimization/transfer/case_011/n3/band_w12_k3_trimmed/case_011_multicore_res.json,q2_optimization/transfer/case_011/n3/band_w12_k3_trimmed/result.json.gz
case_011,4,184697,46880,46880,3.9397824232081913,540672,540672,0,110592,0,baseline,baseline_results/case_011/q2_n4/case_011_multicore_res.json,baseline_results/case_011/q2_n4/result.json.gz
case_011,5,184697,47287,45978,4.017073382922267,2101248,2101248,0,102400,0,band_w12_k5,q2_optimization/band/case_011/n5/band_w12_k5/case_011_multicore_res.json,q2_optimization/band/case_011/n5/band_w12_k5/result.json.gz
case_012,2,59088,30094,29291,2.017274930866136,340804,340804,0,33984,82472,band_w4_k2_trimmed,q2_optimization/transfer/case_012/n2/band_w4_k2_trimmed/case_012_multicore_res.json,q2_optimization/transfer/case_012/n2/band_w4_k2_trimmed/result.json.gz
case_012,3,59088,21894,20332,2.906157780838088,191960,191960,0,30272,49160,band_w8_k3_trimmed,q2_optimization/transfer/case_012/n3/band_w8_k3_trimmed/case_012_multicore_res.json,q2_optimization/transfer/case_012/n3/band_w8_k3_trimmed/result.json.gz
case_012,4,59088,17236,16548,3.57070340826686,172336,172336,0,28224,30728,band_w12_k4_trimmed,q2_optimization/transfer/case_012/n4/band_w12_k4_trimmed/case_012_multicore_res.json,q2_optimization/transfer/case_012/n4/band_w12_k4_trimmed/result.json.gz
case_012,5,59088,14300,14300,4.132027972027972,49536,49536,0,28224,30728,baseline,baseline_results/case_012/q2_n5/case_012_multicore_res.json,baseline_results/case_012/q2_n5/result.json.gz
case_013,2,263949,132198,132198,1.9966187083011846,8192,8192,0,20480,0,band_w4_k2_trimmed,q2_optimization/transfer/case_013/n2/band_w4_k2_trimmed/case_013_multicore_res.json,q2_optimization/transfer/case_013/n2/band_w4_k2_trimmed/result.json.gz
case_013,3,263949,88351,88351,2.98750438591527,16384,16384,0,20480,0,band_w4_k3_trimmed,q2_optimization/transfer/case_013/n3/band_w4_k3_trimmed/case_013_multicore_res.json,q2_optimization/transfer/case_013/n3/band_w4_k3_trimmed/result.json.gz
case_013,4,263949,66982,66982,3.9405959810098237,24576,24576,0,20480,0,band_w4_k4_trimmed,q2_optimization/transfer/case_013/n4/band_w4_k4_trimmed/case_013_multicore_res.json,q2_optimization/transfer/case_013/n4/band_w4_k4_trimmed/result.json.gz
case_013,5,263949,54363,54363,4.855305998565201,32768,32768,0,20480,0,baseline,baseline_results/case_013/q2_n5/case_013_multicore_res.json,baseline_results/case_013/q2_n5/result.json.gz
case_014,2,17698626,8891974,8810735,2.0087570446733447,68201188,9913060,58288128,523776,4870,band_w12_k2_trimmed,q2_optimization/transfer/case_014/n2/band_w12_k2_trimmed/case_014_multicore_res.json,q2_optimization/transfer/case_014/n2/band_w12_k2_trimmed/result.json.gz
case_014,3,17698626,5980632,5929977,2.984602807059791,73513820,18166964,55346856,523944,2206,band_w12_k3_trimmed,q2_optimization/transfer/case_014/n3/band_w12_k3_trimmed/case_014_multicore_res.json,q2_optimization/transfer/case_014/n3/band_w12_k3_trimmed/result.json.gz
case_014,4,17698626,4526660,4484418,3.9466940860553144,77920772,29739524,48181248,523776,2480,band_w12_k4_trimmed,q2_optimization/transfer/case_014/n4/band_w12_k4_trimmed/case_014_multicore_res.json,q2_optimization/transfer/case_014/n4/band_w12_k4_trimmed/result.json.gz
case_014,5,17698626,3694640,3643027,4.858219826534363,84785044,36384148,48400896,523776,1312,band_w12_k5,q2_optimization/band/case_014/n5/band_w12_k5/case_014_multicore_res.json,q2_optimization/band/case_014/n5/band_w12_k5/result.json.gz
case_015,2,177362,92411,92209,1.9234781854265852,576808,158984,417824,317696,122906,band_w12_k2_trimmed,q2_optimization/transfer/case_015/n2/band_w12_k2_trimmed/case_015_multicore_res.json,q2_optimization/transfer/case_015/n2/band_w12_k2_trimmed/result.json.gz
case_015,3,177362,60807,60807,2.916802341835644,306448,208128,98320,196608,122898,baseline,baseline_results/case_015/q2_n3/case_015_multicore_res.json,baseline_results/case_015/q2_n3/result.json.gz
case_015,4,177362,53421,53421,3.320080118305535,263936,231168,32768,196608,122898,baseline,baseline_results/case_015/q2_n4/case_015_multicore_res.json,baseline_results/case_015/q2_n4/result.json.gz
case_015,5,177362,43437,43029,4.121917776383369,411652,411652,0,196608,114700,component1_cut10_to0,q2_optimization/component_split/case_015/n5/component1_cut10_to0/case_015_multicore_res.json,q2_optimization/component_split/case_015/n5/component1_cut10_to0/result.json.gz
case_016,2,7715523,7715523,4033697,1.9127671215760629,401752,401752,0,393216,65546,q1_selected,q2_optimization/case_016/n2/q1_selected/case_016_multicore_res.json,q2_optimization/case_016/n2/q1_selected/result.json.gz
case_016,3,7715523,7715523,2876681,2.682091966401558,12192,12192,0,131072,65542,band_w4_k3_trimmed,q2_optimization/transfer/case_016/n3/band_w4_k3_trimmed/case_016_multicore_res.json,q2_optimization/transfer/case_016/n3/band_w4_k3_trimmed/result.json.gz
case_016,4,7715523,7715523,2241799,3.441665822850309,14628,14628,0,98304,65540,band_w4_k4_trimmed,q2_optimization/transfer/case_016/n4/band_w4_k4_trimmed/case_016_multicore_res.json,q2_optimization/transfer/case_016/n4/band_w4_k4_trimmed/result.json.gz
case_016,5,7715523,7715523,2118172,3.642538471852144,212452,212452,0,196608,65540,q1_selected,q2_optimization/case_016/n5/q1_selected/case_016_multicore_res.json,q2_optimization/case_016/n5/q1_selected/result.json.gz
case_017,2,162810,87680,82940,1.9629852905714975,265932,265932,0,104448,118806,band_w8_k2_trimmed,q2_optimization/transfer/case_017/n2/band_w8_k2_trimmed/case_017_multicore_res.json,q2_optimization/transfer/case_017/n2/band_w8_k2_trimmed/result.json.gz
case_017,3,162810,58579,57855,2.8141042260824474,455788,455788,0,98304,119824,band_w8_k3_trimmed,q2_optimization/transfer/case_017/n3/band_w8_k3_trimmed/case_017_multicore_res.json,q2_optimization/transfer/case_017/n3/band_w8_k3_trimmed/result.json.gz
case_017,4,162810,42384,42384,3.841308040770102,259200,259200,0,86016,49164,baseline,baseline_results/case_017/q2_n4/case_017_multicore_res.json,baseline_results/case_017/q2_n4/result.json.gz
case_017,5,162810,35496,35496,4.586713995943205,340992,340992,0,86016,49164,baseline,baseline_results/case_017/q2_n5/case_017_multicore_res.json,baseline_results/case_017/q2_n5/result.json.gz
case_018,2,1004367,502105,502105,2.0003126836020355,3191808,1299456,1892352,524288,65536,baseline,baseline_results/case_018/q2_n2/case_018_multicore_res.json,baseline_results/case_018/q2_n2/result.json.gz
case_018,3,1004367,338272,338272,2.969110656513102,3867008,2474368,1392640,524288,65536,baseline,baseline_results/case_018/q2_n3/case_018_multicore_res.json,baseline_results/case_018/q2_n3/result.json.gz
case_018,4,1004367,258133,258133,3.89088958017766,4853504,3649280,1204224,524288,65536,baseline,baseline_results/case_018/q2_n4/case_018_multicore_res.json,baseline_results/case_018/q2_n4/result.json.gz
case_018,5,1004367,203865,203865,4.926627915532338,5693440,4628480,1064960,524288,65536,baseline,baseline_results/case_018/q2_n5/case_018_multicore_res.json,baseline_results/case_018/q2_n5/result.json.gz
case_019,2,81144,43224,38791,2.091825423422959,219960,219960,0,50944,112640,band_w4_k2_trimmed,q2_optimization/transfer/case_019/n2/band_w4_k2_trimmed/case_019_multicore_res.json,q2_optimization/transfer/case_019/n2/band_w4_k2_trimmed/result.json.gz
case_019,3,81144,29121,29121,2.7864427732564128,24576,24576,0,36864,18432,baseline,baseline_results/case_019/q2_n3/case_019_multicore_res.json,baseline_results/case_019/q2_n3/result.json.gz
case_019,4,81144,24099,24099,3.3671106684924688,51744,51744,0,36864,18432,baseline,baseline_results/case_019/q2_n4/case_019_multicore_res.json,baseline_results/case_019/q2_n4/result.json.gz
case_019,5,81144,24169,21198,3.827908293235211,133716,133716,0,36864,39040,band_w12_k5,q2_optimization/band/case_019/n5/band_w12_k5/case_019_multicore_res.json,q2_optimization/band/case_019/n5/band_w12_k5/result.json.gz
case_020,2,532746,266580,266580,1.9984469952734638,0,0,0,0,32768,baseline,baseline_results/case_020/q2_n2/case_020_multicore_res.json,baseline_results/case_020/q2_n2/result.json.gz
case_020,3,532746,177950,177950,2.993796010115201,0,0,0,0,32768,baseline,baseline_results/case_020/q2_n3/case_020_multicore_res.json,baseline_results/case_020/q2_n3/result.json.gz
case_020,4,532746,133704,133704,3.984518039849219,0,0,0,0,32768,baseline,baseline_results/case_020/q2_n4/case_020_multicore_res.json,baseline_results/case_020/q2_n4/result.json.gz
case_020,5,532746,107650,107650,4.948871342313051,0,0,0,0,32768,baseline,baseline_results/case_020/q2_n5/case_020_multicore_res.json,baseline_results/case_020/q2_n5/result.json.gz
case_021,2,6567937,3194570,3194570,2.0559690349561914,3174400,1536000,1638400,524288,0,band_w8_k2_trimmed,q2_optimization/transfer/case_021/n2/band_w8_k2_trimmed/case_021_multicore_res.json,q2_optimization/transfer/case_021/n2/band_w8_k2_trimmed/result.json.gz
case_021,3,6567937,2144024,2144024,3.063369160046716,7766016,4710400,3055616,524288,0,band_w8_k3_trimmed,q2_optimization/transfer/case_021/n3/band_w8_k3_trimmed/case_021_multicore_res.json,q2_optimization/transfer/case_021/n3/band_w8_k3_trimmed/result.json.gz
case_021,4,6567937,1550324,1550324,4.236493145948847,4608000,4608000,0,425984,0,band_w8_k4_trimmed,q2_optimization/transfer/case_021/n4/band_w8_k4_trimmed/case_021_multicore_res.json,q2_optimization/transfer/case_021/n4/band_w8_k4_trimmed/result.json.gz
case_021,5,6567937,1250168,1250168,5.253643510312214,11431936,9420800,2011136,524288,0,baseline,baseline_results/case_021/q2_n5/case_021_multicore_res.json,baseline_results/case_021/q2_n5/result.json.gz
case_022,2,56780,28333,28333,2.004023576747962,6912,6912,0,22528,69644,baseline,baseline_results/case_022/q2_n2/case_022_multicore_res.json,baseline_results/case_022/q2_n2/result.json.gz
case_022,3,56780,19128,19128,2.968423253868674,13824,13824,0,22528,72720,baseline,baseline_results/case_022/q2_n3/case_022_multicore_res.json,baseline_results/case_022/q2_n3/result.json.gz
case_022,4,56780,14654,14654,3.874709976798144,13824,13824,0,22528,60424,baseline,baseline_results/case_022/q2_n4/case_022_multicore_res.json,baseline_results/case_022/q2_n4/result.json.gz
case_022,5,56780,11828,11828,4.800473452823808,20736,20736,0,22528,62472,baseline,baseline_results/case_022/q2_n5/case_022_multicore_res.json,baseline_results/case_022/q2_n5/result.json.gz
case_023,2,122614,61227,58867,2.0828987378327417,855920,656728,199192,64512,130310,band_w4_k2_trimmed,q2_optimization/transfer/case_023/n2/band_w4_k2_trimmed/case_023_multicore_res.json,q2_optimization/transfer/case_023/n2/band_w4_k2_trimmed/result.json.gz
case_023,3,122614,41662,37942,3.231616678087607,1147244,1112428,34816,62976,129934,band_w4_k3_trimmed,q2_optimization/transfer/case_023/n3/band_w4_k3_trimmed/case_023_multicore_res.json,q2_optimization/transfer/case_023/n3/band_w4_k3_trimmed/result.json.gz
case_023,4,122614,31519,31519,3.890161489894984,281280,281280,0,90112,28806,baseline,baseline_results/case_023/q2_n4/case_023_multicore_res.json,baseline_results/case_023/q2_n4/result.json.gz
case_023,5,122614,25191,25191,4.867373268230717,280992,280992,0,90112,28806,baseline,baseline_results/case_023/q2_n5/case_023_multicore_res.json,baseline_results/case_023/q2_n5/result.json.gz
case_024,2,2555343,2555343,1336613,1.9118046884176647,396040,396040,0,393216,65546,q1_selected,q2_optimization/case_024/n2/q1_selected/case_024_multicore_res.json,q2_optimization/case_024/n2/q1_selected/result.json.gz
case_024,3,2555343,2555343,953369,2.680329442220169,4032,4032,0,131072,65542,band_w4_k3_trimmed,q2_optimization/transfer/case_024/n3/band_w4_k3_trimmed/case_024_multicore_res.json,q2_optimization/transfer/case_024/n3/band_w4_k3_trimmed/result.json.gz
case_024,4,2555343,2555343,743623,3.43634207118392,4836,4836,0,98304,65540,band_w4_k4_trimmed,q2_optimization/transfer/case_024/n4/band_w4_k4_trimmed/case_024_multicore_res.json,q2_optimization/transfer/case_024/n4/band_w4_k4_trimmed/result.json.gz
case_024,5,2555343,2555343,703840,3.630573709934076,201844,201844,0,196608,65540,q1_selected,q2_optimization/case_024/n5/q1_selected/case_024_multicore_res.json,q2_optimization/case_024/n5/q1_selected/result.json.gz
case_025,2,4863026,2431840,2431840,1.9997310678334101,27648,27648,0,35328,6144,band_w8_k2_trimmed,q2_optimization/transfer/case_025/n2/band_w8_k2_trimmed/case_025_multicore_res.json,q2_optimization/transfer/case_025/n2/band_w8_k2_trimmed/result.json.gz
case_025,3,4863026,1622164,1622164,2.9978633479722148,55296,55296,0,35328,6144,band_w8_k3_trimmed,q2_optimization/transfer/case_025/n3/band_w8_k3_trimmed/case_025_multicore_res.json,q2_optimization/transfer/case_025/n3/band_w8_k3_trimmed/result.json.gz
case_025,4,4863026,1217444,1217444,3.9944555971362954,82944,82944,0,35328,6144,band_w8_k4_trimmed,q2_optimization/transfer/case_025/n4/band_w8_k4_trimmed/case_025_multicore_res.json,q2_optimization/transfer/case_025/n4/band_w8_k4_trimmed/result.json.gz
case_025,5,4863026,975282,975282,4.986276789687495,110592,110592,0,35328,6144,baseline,baseline_results_15_55/case_025/q2_n5/case_025_multicore_res.json,baseline_results_15_55/case_025/q2_n5/result.json.gz
case_026,2,99203,58112,56007,1.7712607352652348,23336,23336,0,183040,58112,data_band_w12_k2_trimmed,q2_optimization/transfer_data_band/case_026/n2/data_band_w12_k2_trimmed/case_026_multicore_res.json,q2_optimization/transfer_data_band/case_026/n2/data_band_w12_k2_trimmed/result.json.gz
case_026,3,99203,41655,41655,2.3815388308726444,95664,95664,0,163840,57344,baseline,baseline_results_15_55/case_026/q2_n3/case_026_multicore_res.json,baseline_results_15_55/case_026/q2_n3/result.json.gz
case_026,4,99203,42226,41655,2.3815388308726444,95664,95664,0,163840,57344,q1_selected,q2_optimization/case_026/n4/q1_selected/case_026_multicore_res.json,q2_optimization/case_026/n4/q1_selected/result.json.gz
case_026,5,99203,44114,41655,2.3815388308726444,95664,95664,0,163840,57344,q1_selected,q2_optimization/case_026/n5/q1_selected/case_026_multicore_res.json,q2_optimization/case_026/n5/q1_selected/result.json.gz
case_027,2,2363952,1120962,1120962,2.10886006840553,1744896,1105920,638976,524288,0,baseline,baseline_results_15_55/case_027/q2_n2/case_027_multicore_res.json,baseline_results_15_55/case_027/q2_n2/result.json.gz
case_027,3,2363952,837049,837049,2.8241500796249683,3686400,3686400,0,518144,0,baseline,baseline_results_15_55/case_027/q2_n3/case_027_multicore_res.json,baseline_results_15_55/case_027/q2_n3/result.json.gz
case_027,4,2363952,559196,559196,4.227412213249022,3317760,3317760,0,245760,0,baseline,baseline_results_15_55/case_027/q2_n4/case_027_multicore_res.json,baseline_results_15_55/case_027/q2_n4/result.json.gz
case_027,5,2363952,558753,537810,4.395515144753723,15810560,15810560,0,393216,0,band_w12_k5,q2_optimization/band/case_027/n5/band_w12_k5/case_027_multicore_res.json,q2_optimization/band/case_027/n5/band_w12_k5/result.json.gz
case_028,2,43836040,23638628,20602291,2.1277264746915767,41688192,2240640,39447552,523776,0,band_w4_k2_trimmed,q2_optimization/transfer/case_028/n2/band_w4_k2_trimmed/case_028_multicore_res.json,q2_optimization/transfer/case_028/n2/band_w4_k2_trimmed/result.json.gz
case_028,3,43836040,16770711,13725435,3.1937814721354916,33456384,4296960,29159424,523776,0,band_w4_k3_trimmed,q2_optimization/transfer/case_028/n3/band_w4_k3_trimmed/case_028_multicore_res.json,q2_optimization/transfer/case_028/n3/band_w4_k3_trimmed/result.json.gz
case_028,4,43836040,13608312,10387905,4.219911522101906,34603392,20545920,14057472,519336,0,band_w4_k4_trimmed,q2_optimization/transfer/case_028/n4/band_w4_k4_trimmed/case_028_multicore_res.json,q2_optimization/transfer/case_028/n4/band_w4_k4_trimmed/result.json.gz
case_028,5,43836040,11491035,8280730,5.293741010756298,32745984,22694400,10051584,517392,0,band_w4_k5,q2_optimization/band/case_028/n5/band_w4_k5/case_028_multicore_res.json,q2_optimization/band/case_028/n5/band_w4_k5/result.json.gz
case_029,2,37555,19740,19706,1.9057647417030346,266326,266326,0,0,53270,band_w4_k2_trimmed,q2_optimization/transfer/case_029/n2/band_w4_k2_trimmed/case_029_multicore_res.json,q2_optimization/transfer/case_029/n2/band_w4_k2_trimmed/result.json.gz
case_029,3,37555,12743,12743,2.9471082162756024,0,0,0,0,14340,band_w12_k3_trimmed,q2_optimization/transfer/case_029/n3/band_w12_k3_trimmed/case_029_multicore_res.json,q2_optimization/transfer/case_029/n3/band_w12_k3_trimmed/result.json.gz
case_029,4,37555,11028,11028,3.405422560754443,0,0,0,0,14340,band_w12_k4_trimmed,q2_optimization/transfer/case_029/n4/band_w12_k4_trimmed/case_029_multicore_res.json,q2_optimization/transfer/case_029/n4/band_w12_k4_trimmed/result.json.gz
case_029,5,37555,9383,9383,4.002451241607162,0,0,0,0,47114,band_w8_k5,q2_optimization/band/case_029/n5/band_w8_k5/case_029_multicore_res.json,q2_optimization/band/case_029/n5/band_w8_k5/result.json.gz
case_030,2,2808034,1401423,1401423,2.003701951516423,6940672,1950720,4989952,524288,132,band_w12_k2_trimmed,q2_optimization/transfer/case_030/n2/band_w12_k2_trimmed/case_030_multicore_res.json,q2_optimization/transfer/case_030/n2/band_w12_k2_trimmed/result.json.gz
case_030,3,2808034,933969,933815,3.0070560014563914,6868416,3901888,2966528,524288,168,band_w8_k3_trimmed,q2_optimization/transfer/case_030/n3/band_w8_k3_trimmed/case_030_multicore_res.json,q2_optimization/transfer/case_030/n3/band_w8_k3_trimmed/result.json.gz
case_030,4,2808034,699591,699591,4.0138223619228945,8632320,5255168,3377152,524288,132,band_w12_k4_trimmed,q2_optimization/transfer/case_030/n4/band_w12_k4_trimmed/case_030_multicore_res.json,q2_optimization/transfer/case_030/n4/band_w12_k4_trimmed/result.json.gz
case_030,5,2808034,561192,560435,5.010454379187595,7753200,6205936,1547264,524288,154,band_w8_k5,q2_optimization/band/case_030/n5/band_w8_k5/case_030_multicore_res.json,q2_optimization/band/case_030/n5/band_w8_k5/result.json.gz
case_031,2,1414369,735345,714328,1.9799993840364651,5943150,2187534,3755616,524288,131012,band_w12_k2_trimmed,q2_optimization/transfer/case_031/n2/band_w12_k2_trimmed/case_031_multicore_res.json,q2_optimization/transfer/case_031/n2/band_w12_k2_trimmed/result.json.gz
case_031,3,1414369,486363,484719,2.917915328262354,4003202,2956422,1046780,524288,131072,band_w8_k3_trimmed,q2_optimization/transfer/case_031/n3/band_w8_k3_trimmed/case_031_multicore_res.json,q2_optimization/transfer/case_031/n3/band_w8_k3_trimmed/result.json.gz
case_031,4,1414369,398198,363420,3.8918303890815036,8740064,5923328,2816736,524288,122050,band_w12_k4_trimmed,q2_optimization/transfer/case_031/n4/band_w12_k4_trimmed/case_031_multicore_res.json,q2_optimization/transfer/case_031/n4/band_w12_k4_trimmed/result.json.gz
case_031,5,1414369,308135,305233,4.633735539735219,8914468,7131844,1782624,524288,131072,band_w12_k5,q2_optimization/band/case_031/n5/band_w12_k5/case_031_multicore_res.json,q2_optimization/band/case_031/n5/band_w12_k5/result.json.gz
case_032,2,41443,21880,20568,2.0149260987942434,288944,288944,0,47104,71692,band_w4_k2_trimmed,q2_optimization/transfer/case_032/n2/band_w4_k2_trimmed/case_032_multicore_res.json,q2_optimization/transfer/case_032/n2/band_w4_k2_trimmed/result.json.gz
case_032,3,41443,15402,14950,2.772107023411371,221452,221452,0,53248,43018,band_w8_k3_trimmed,q2_optimization/transfer/case_032/n3/band_w8_k3_trimmed/case_032_multicore_res.json,q2_optimization/transfer/case_032/n3/band_w8_k3_trimmed/result.json.gz
case_032,4,41443,14274,14154,2.9280062173237247,187652,187652,0,53248,40960,band_w8_k4_trimmed,q2_optimization/transfer/case_032/n4/band_w8_k4_trimmed/case_032_multicore_res.json,q2_optimization/transfer/case_032/n4/band_w8_k4_trimmed/result.json.gz
case_032,5,41443,10415,10415,3.9791646663466156,12360,12360,0,40960,36876,baseline,baseline_results_29_55/case_032/q2_n5/case_032_multicore_res.json,baseline_results_29_55/case_032/q2_n5/result.json.gz
case_033,2,1774196,897883,893740,1.9851366169131963,6290596,2372732,3917864,524288,126984,band_w8_k2_trimmed,q2_optimization/transfer/case_033/n2/band_w8_k2_trimmed/case_033_multicore_res.json,q2_optimization/transfer/case_033/n2/band_w8_k2_trimmed/result.json.gz
case_033,3,1774196,604202,598061,2.966580332106591,7528152,4624580,2903572,523776,130060,band_w8_k3_trimmed,q2_optimization/transfer/case_033/n3/band_w8_k3_trimmed/case_033_multicore_res.json,q2_optimization/transfer/case_033/n3/band_w8_k3_trimmed/result.json.gz
case_033,4,1774196,460454,451620,3.928515123333776,10032392,8806664,1225728,523776,63488,band_w4_k4_trimmed,q2_optimization/transfer/case_033/n4/band_w4_k4_trimmed/case_033_multicore_res.json,q2_optimization/transfer/case_033/n4/band_w4_k4_trimmed/result.json.gz
case_033,5,1774196,376794,358066,4.954941267810963,9318688,8778016,540672,523776,123910,band_w8_k5,q2_optimization/band/case_033/n5/band_w8_k5/case_033_multicore_res.json,q2_optimization/band/case_033/n5/band_w8_k5/result.json.gz
case_034,2,842996,418129,418129,2.016114644045259,1648128,1066496,581632,524288,122898,baseline,baseline_results_29_55/case_034/q2_n2/case_034_multicore_res.json,baseline_results_29_55/case_034/q2_n2/result.json.gz
case_034,3,842996,282515,282179,2.987451227766772,3616304,3169320,446984,524288,124944,band_w12_k3_trimmed,q2_optimization/transfer/case_034/n3/band_w12_k3_trimmed/case_034_multicore_res.json,q2_optimization/transfer/case_034/n3/band_w12_k3_trimmed/result.json.gz
case_034,4,842996,213112,213112,3.955647734524569,3176960,3119616,57344,472576,122890,baseline,baseline_results_29_55/case_034/q2_n4/case_034_multicore_res.json,baseline_results_29_55/case_034/q2_n4/result.json.gz
case_034,5,842996,178096,178096,4.733379750247058,3536896,3487744,49152,326144,122890,baseline,baseline_results_29_55/case_034/q2_n5/case_034_multicore_res.json,baseline_results_29_55/case_034/q2_n5/result.json.gz
case_035,2,169571,95406,95406,1.7773620107750037,0,0,0,73728,74792,baseline,baseline_results_29_55/case_035/q2_n2/case_035_multicore_res.json,baseline_results_29_55/case_035/q2_n2/result.json.gz
case_035,3,169571,95424,80298,2.1117711524570972,1106104,1106104,0,131200,62018,band_w8_k3_trimmed,q2_optimization/transfer/case_035/n3/band_w8_k3_trimmed/case_035_multicore_res.json,q2_optimization/transfer/case_035/n3/band_w8_k3_trimmed/result.json.gz
case_035,4,169571,95442,62702,2.7043953940863132,449344,449344,0,73728,19954,q1_selected,q2_optimization/case_035/n4/q1_selected/case_035_multicore_res.json,q2_optimization/case_035/n4/q1_selected/result.json.gz
case_035,5,169571,95460,47399,3.5775227325471,560392,560392,0,73728,20654,q1_selected,q2_optimization/case_035/n5/q1_selected/case_035_multicore_res.json,q2_optimization/case_035/n5/q1_selected/result.json.gz
case_036,2,931510,466068,466068,1.998656848356892,1152,1152,0,13440,8192,band_w4_k2_trimmed,q2_optimization/transfer/case_036/n2/band_w4_k2_trimmed/case_036_multicore_res.json,q2_optimization/transfer/case_036/n2/band_w4_k2_trimmed/result.json.gz
case_036,3,931510,311345,311345,2.991890025534375,2304,2304,0,13440,8192,band_w4_k3_trimmed,q2_optimization/transfer/case_036/n3/band_w4_k3_trimmed/case_036_multicore_res.json,q2_optimization/transfer/case_036/n3/band_w4_k3_trimmed/result.json.gz
case_036,4,931510,233584,233584,3.987901568600589,3456,3456,0,13440,8192,band_w4_k4_trimmed,q2_optimization/transfer/case_036/n4/band_w4_k4_trimmed/case_036_multicore_res.json,q2_optimization/transfer/case_036/n4/band_w4_k4_trimmed/result.json.gz
case_036,5,931510,187182,187182,4.976493466252097,4608,4608,0,13440,8192,baseline,baseline_results_29_55/case_036/q2_n5/case_036_multicore_res.json,baseline_results_29_55/case_036/q2_n5/result.json.gz
case_037,2,210001,105374,105374,1.992910964754114,204800,204800,0,225280,0,band_w8_k2_trimmed,q2_optimization/transfer/case_037/n2/band_w8_k2_trimmed/case_037_multicore_res.json,q2_optimization/transfer/case_037/n2/band_w8_k2_trimmed/result.json.gz
case_037,3,210001,74038,73521,2.8563403653377946,1310720,1310720,0,262144,0,band_w4_k3_trimmed,q2_optimization/transfer/case_037/n3/band_w4_k3_trimmed/case_037_multicore_res.json,q2_optimization/transfer/case_037/n3/band_w4_k3_trimmed/result.json.gz
case_037,4,210001,53320,53320,3.938503375843961,614400,614400,0,110592,0,band_w8_k4_trimmed,q2_optimization/transfer/case_037/n4/band_w8_k4_trimmed/case_037_multicore_res.json,q2_optimization/transfer/case_037/n4/band_w8_k4_trimmed/result.json.gz
case_037,5,210001,43800,43800,4.794543378995434,1925120,1925120,0,28672,0,baseline,baseline_results_29_55/case_037/q2_n5/case_037_multicore_res.json,baseline_results_29_55/case_037/q2_n5/result.json.gz
case_038,2,1364555,683459,680340,2.005695681570979,4273240,1496664,2776576,524288,115758,band_w8_k2_trimmed,q2_optimization/transfer/case_038/n2/band_w8_k2_trimmed/case_038_multicore_res.json,q2_optimization/transfer/case_038/n2/band_w8_k2_trimmed/result.json.gz
case_038,3,1364555,462076,456366,2.990045270681865,6225452,4177964,2047488,524288,109128,band_w8_k3_trimmed,q2_optimization/transfer/case_038/n3/band_w8_k3_trimmed/case_038_multicore_res.json,q2_optimization/transfer/case_038/n3/band_w8_k3_trimmed/result.json.gz
case_038,4,1364555,346382,344336,3.962858951721574,7129036,5400452,1728584,523776,129120,band_w8_k4_trimmed,q2_optimization/transfer/case_038/n4/band_w8_k4_trimmed/case_038_multicore_res.json,q2_optimization/transfer/case_038/n4/band_w8_k4_trimmed/result.json.gz
case_038,5,1364555,280919,280919,4.857467811006019,9070080,7592448,1477632,524288,36864,baseline,baseline_results_29_55/case_038/q2_n5/case_038_multicore_res.json,baseline_results_29_55/case_038/q2_n5/result.json.gz
case_039,2,1435262,708561,708561,2.025601183243221,11067392,4202496,6864896,524288,0,band_w8_k2_trimmed,q2_optimization/transfer/case_039/n2/band_w8_k2_trimmed/case_039_multicore_res.json,q2_optimization/transfer/case_039/n2/band_w8_k2_trimmed/result.json.gz
case_039,3,1435262,485565,485565,2.9558596686334475,14323712,8404992,5918720,524288,0,band_w8_k3_trimmed,q2_optimization/transfer/case_039/n3/band_w8_k3_trimmed/case_039_multicore_res.json,q2_optimization/transfer/case_039/n3/band_w8_k3_trimmed/result.json.gz
case_039,4,1435262,395323,395323,3.6306058590064327,17604608,12607488,4997120,524288,0,band_w8_k4_trimmed,q2_optimization/transfer/case_039/n4/band_w8_k4_trimmed/case_039_multicore_res.json,q2_optimization/transfer/case_039/n4/band_w8_k4_trimmed/result.json.gz
case_039,5,1435262,431161,395323,3.6306058590064327,17604608,12607488,4997120,524288,0,band_w8_k4,q2_optimization/band/case_039/n5/band_w8_k4/case_039_multicore_res.json,q2_optimization/band/case_039/n5/band_w8_k4/result.json.gz
case_040,2,253454,144027,144027,1.7597672658598735,12288,12288,0,245760,90112,baseline,baseline_results_29_55/case_040/q2_n2/case_040_multicore_res.json,baseline_results_29_55/case_040/q2_n2/result.json.gz
case_040,3,253454,110105,94945,2.6694823318763494,702726,702726,0,245760,92934,q1_selected,q2_optimization/case_040/n3/q1_selected/case_040_multicore_res.json,q2_optimization/case_040/n3/q1_selected/result.json.gz
case_040,4,253454,110202,95217,2.661856601237174,1066250,1066250,0,245760,93236,q1_selected,q2_optimization/case_040/n4/q1_selected/case_040_multicore_res.json,q2_optimization/case_040/n4/q1_selected/result.json.gz
case_040,5,253454,110337,95398,2.65680622235267,873200,873200,0,245760,91700,valley_merge_16_heft,q2_optimization/replay/case_040/n5/valley_merge_16_heft/case_040_multicore_res.json,q2_optimization/replay/case_040/n5/valley_merge_16_heft/result.json.gz
case_041,2,6003957,3002984,3002984,1.9993303327623457,30557184,4709376,25847808,524288,8198,baseline,baseline_results_29_55/case_041/q2_n2/case_041_multicore_res.json,baseline_results_29_55/case_041/q2_n2/result.json.gz
case_041,3,6003957,1998385,1998385,3.0044045566795186,34762752,9787392,24975360,524288,8198,baseline,baseline_results_29_55/case_041/q2_n3/case_041_multicore_res.json,baseline_results_29_55/case_041/q2_n3/result.json.gz
case_041,4,6003957,1501288,1500477,4.001365565750091,34744364,13714476,21029888,524288,14338,band_w12_k4_trimmed,q2_optimization/transfer/case_041/n4/band_w12_k4_trimmed/case_041_multicore_res.json,q2_optimization/transfer/case_041/n4/band_w12_k4_trimmed/result.json.gz
case_041,5,6003957,1213259,1213259,4.948619379703756,38200320,18302976,19897344,524288,8198,baseline,baseline_results_29_55/case_041/q2_n5/case_041_multicore_res.json,baseline_results_29_55/case_041/q2_n5/result.json.gz
case_042,2,1686740,849537,849537,1.9854815034542346,6469920,2052384,4417536,524288,32776,baseline,baseline_results_29_55/case_042/q2_n2/case_042_multicore_res.json,baseline_results_29_55/case_042/q2_n2/result.json.gz
case_042,3,1686740,567781,567781,2.97075809158813,8368416,4104480,4263936,524288,32776,baseline,baseline_results_29_55/case_042/q2_n3/case_042_multicore_res.json,baseline_results_29_55/case_042/q2_n3/result.json.gz
case_042,4,1686740,444517,444517,3.7945455404405233,8168736,5542176,2626560,524288,32776,baseline,baseline_results_29_55/case_042/q2_n4/case_042_multicore_res.json,baseline_results_29_55/case_042/q2_n4/result.json.gz
case_042,5,1686740,362266,362266,4.656081442917635,10073088,7901184,2171904,524288,32776,baseline,baseline_results_29_55/case_042/q2_n5/case_042_multicore_res.json,baseline_results_29_55/case_042/q2_n5/result.json.gz
case_043,2,677656,353177,346000,1.958543352601156,1690534,1690534,0,515072,124008,q1_selected,q2_optimization/case_043/n2/q1_selected/case_043_multicore_res.json,q2_optimization/case_043/n2/q1_selected/result.json.gz
case_043,3,677656,268777,243660,2.7811540671427397,3029114,3029114,0,330352,112576,q1_selected,q2_optimization/case_043/n3/q1_selected/case_043_multicore_res.json,q2_optimization/case_043/n3/q1_selected/result.json.gz
case_043,4,677656,269194,193488,3.502315389068056,3853190,3853190,0,238592,113304,q1_selected,q2_optimization/case_043/n4/q1_selected/case_043_multicore_res.json,q2_optimization/case_043/n4/q1_selected/result.json.gz
case_043,5,677656,269612,175302,3.8656489943069676,4716778,4716778,0,192512,87952,q1_selected,q2_optimization/case_043/n5/q1_selected/case_043_multicore_res.json,q2_optimization/case_043/n5/q1_selected/result.json.gz
case_044,2,154407,131105,43931,3.514761785527304,930400,930400,0,172160,0,band_w2_k2_trimmed,q2_optimization/transfer/case_044/n2/band_w2_k2_trimmed/case_044_multicore_res.json,q2_optimization/transfer/case_044/n2/band_w2_k2_trimmed/result.json.gz
case_044,3,154407,123553,43931,3.514761785527304,930400,930400,0,172160,0,band_w2_k2_trimmed,q2_optimization/transfer/case_044/n3/band_w2_k2_trimmed/case_044_multicore_res.json,q2_optimization/transfer/case_044/n3/band_w2_k2_trimmed/result.json.gz
case_044,4,154407,124268,43931,3.514761785527304,930400,930400,0,172160,0,band_w2_k2_trimmed,q2_optimization/transfer/case_044/n4/band_w2_k2_trimmed/case_044_multicore_res.json,q2_optimization/transfer/case_044/n4/band_w2_k2_trimmed/result.json.gz
case_044,5,154407,132892,43931,3.514761785527304,930400,930400,0,172160,0,band_w2_k2,q2_optimization/band/case_044/n5/band_w2_k2/case_044_multicore_res.json,q2_optimization/band/case_044/n5/band_w2_k2/result.json.gz
case_045,2,125614,63059,63059,1.99200748505368,0,0,0,0,32768,baseline,baseline_results_29_55/case_045/q2_n2/case_045_multicore_res.json,baseline_results_29_55/case_045/q2_n2/result.json.gz
case_045,3,125614,42601,42601,2.94861622966597,0,0,0,0,32768,baseline,baseline_results_29_55/case_045/q2_n3/case_045_multicore_res.json,baseline_results_29_55/case_045/q2_n3/result.json.gz
case_045,4,125614,31878,31878,3.940460505677897,0,0,0,0,32768,baseline,baseline_results_29_55/case_045/q2_n4/case_045_multicore_res.json,baseline_results_29_55/case_045/q2_n4/result.json.gz
case_045,5,125614,26164,26164,4.801024308209754,0,0,0,0,32768,baseline,baseline_results_29_55/case_045/q2_n5/case_045_multicore_res.json,baseline_results_29_55/case_045/q2_n5/result.json.gz
case_046,2,276455,166578,111408,2.481464526784432,930400,930400,0,214016,0,data_band_w4_k2_trimmed,q2_optimization/transfer_data_band/case_046/n2/data_band_w4_k2_trimmed/case_046_multicore_res.json,q2_optimization/transfer_data_band/case_046/n2/data_band_w4_k2_trimmed/result.json.gz
case_046,3,276455,142176,83766,3.3003247140844736,1860800,1860800,0,197632,0,data_band_w4_k3_trimmed,q2_optimization/transfer_data_band/case_046/n3/data_band_w4_k3_trimmed/case_046_multicore_res.json,q2_optimization/transfer_data_band/case_046/n3/data_band_w4_k3_trimmed/result.json.gz
case_046,4,276455,124612,79548,3.4753230753758735,2791200,2791200,0,181248,0,data_band_w4_k4_trimmed,q2_optimization/transfer_data_band/case_046/n4/data_band_w4_k4_trimmed/case_046_multicore_res.json,q2_optimization/transfer_data_band/case_046/n4/data_band_w4_k4_trimmed/result.json.gz
case_046,5,276455,131039,79548,3.4753230753758735,2791200,2791200,0,181248,0,data_band_w4_k4,q2_optimization/data_band/case_046/n5/data_band_w4_k4/case_046_multicore_res.json,q2_optimization/data_band/case_046/n5/data_band_w4_k4/result.json.gz
case_047,2,326508,326508,177209,1.8425023559751479,528198,528198,0,20928,13220,q1_selected,q2_optimization/case_047/n2/q1_selected/case_047_multicore_res.json,q2_optimization/case_047/n2/q1_selected/result.json.gz
case_047,3,326508,326508,130202,2.507703414694091,1195788,1195788,0,21120,11108,q1_selected,q2_optimization/case_047/n3/q1_selected/case_047_multicore_res.json,q2_optimization/case_047/n3/q1_selected/result.json.gz
case_047,4,326508,326508,101551,3.2152120609348995,1104338,1104338,0,16128,8804,q1_selected,q2_optimization/case_047/n4/q1_selected/case_047_multicore_res.json,q2_optimization/case_047/n4/q1_selected/result.json.gz
case_047,5,326508,326508,92091,3.5454930449229565,2182936,2182936,0,19648,8964,q1_selected,q2_optimization/case_047/n5/q1_selected/case_047_multicore_res.json,q2_optimization/case_047/n5/q1_selected/result.json.gz
case_048,2,222220,222220,134500,1.6521933085501859,600998,600998,0,18560,12100,q1_selected,q2_optimization/case_048/n2/q1_selected/case_048_multicore_res.json,q2_optimization/case_048/n2/q1_selected/result.json.gz
case_048,3,222220,222220,100024,2.2216667999680078,727692,727692,0,14528,13444,q1_selected,q2_optimization/case_048/n3/q1_selected/case_048_multicore_res.json,q2_optimization/case_048/n3/q1_selected/result.json.gz
case_048,4,222220,222220,97230,2.2855085878843977,705230,705230,0,16448,13572,q1_selected,q2_optimization/case_048/n4/q1_selected/case_048_multicore_res.json,q2_optimization/case_048/n4/q1_selected/result.json.gz
case_048,5,222220,222220,93714,2.3712572294427727,614544,614544,0,8384,10308,valley_merge_6_heft,q2_optimization/replay/case_048/n5/valley_merge_6_heft/case_048_multicore_res.json,q2_optimization/replay/case_048/n5/valley_merge_6_heft/result.json.gz
case_049,2,196276,160206,118841,1.651584890736362,977242,977242,0,86176,110564,band_w4_k2_trimmed,q2_optimization/transfer/case_049/n2/band_w4_k2_trimmed/case_049_multicore_res.json,q2_optimization/transfer/case_049/n2/band_w4_k2_trimmed/result.json.gz
case_049,3,196276,160224,100334,1.9562262044770466,1503824,1503824,0,60032,92130,band_w4_k3_trimmed,q2_optimization/transfer/case_049/n3/band_w4_k3_trimmed/case_049_multicore_res.json,q2_optimization/transfer/case_049/n3/band_w4_k3_trimmed/result.json.gz
case_049,4,196276,160242,86256,2.2755054720831014,1742718,1742718,0,54432,95842,band_w4_k4_trimmed,q2_optimization/transfer/case_049/n4/band_w4_k4_trimmed/case_049_multicore_res.json,q2_optimization/transfer/case_049/n4/band_w4_k4_trimmed/result.json.gz
case_049,5,196276,160260,82372,2.382799980575924,2032176,2032176,0,49280,95778,band_w4_k5,q2_optimization/band/case_049/n5/band_w4_k5/case_049_multicore_res.json,q2_optimization/band/case_049/n5/band_w4_k5/result.json.gz
case_050,2,149690,108121,78136,1.915762260673697,231070,231070,0,17920,103602,q1_selected,q2_optimization/case_050/n2/q1_selected/case_050_multicore_res.json,q2_optimization/case_050/n2/q1_selected/result.json.gz
case_050,3,149690,108134,54550,2.7440879926672777,389776,389776,0,15968,82192,q1_selected,q2_optimization/case_050/n3/q1_selected/case_050_multicore_res.json,q2_optimization/case_050/n3/q1_selected/result.json.gz
case_050,4,149690,108147,42792,3.498083753972705,572750,572750,0,15424,65678,q1_selected,q2_optimization/case_050/n4/q1_selected/case_050_multicore_res.json,q2_optimization/case_050/n4/q1_selected/result.json.gz
case_050,5,149690,108160,38528,3.8852263289036544,682208,682208,0,15136,54154,q1_selected,q2_optimization/case_050/n5/q1_selected/case_050_multicore_res.json,q2_optimization/case_050/n5/q1_selected/result.json.gz
case_051,2,607628,607628,318596,1.9072053635324988,393884,393884,0,393216,65546,q1_selected,q2_optimization/case_051/n2/q1_selected/case_051_multicore_res.json,q2_optimization/case_051/n2/q1_selected/result.json.gz
case_051,3,607628,607628,227413,2.6719140946208,952,952,0,131072,65542,band_w4_k3_trimmed,q2_optimization/transfer/case_051/n3/band_w4_k3_trimmed/case_051_multicore_res.json,q2_optimization/transfer/case_051/n3/band_w4_k3_trimmed/result.json.gz
case_051,4,607628,607628,178135,3.4110534145451483,1140,1140,0,98304,65540,band_w4_k4_trimmed,q2_optimization/transfer/case_051/n4/band_w4_k4_trimmed/case_051_multicore_res.json,q2_optimization/transfer/case_051/n4/band_w4_k4_trimmed/result.json.gz
case_051,5,607628,607628,169999,3.5743033782551663,197840,197840,0,196608,65540,q1_selected,q2_optimization/case_051/n5/q1_selected/case_051_multicore_res.json,q2_optimization/case_051/n5/q1_selected/result.json.gz
case_052,2,180301,91254,86318,2.088799555133344,485988,477796,8192,85632,130590,band_w4_k2_trimmed,q2_optimization/transfer/case_052/n2/band_w4_k2_trimmed/case_052_multicore_res.json,q2_optimization/transfer/case_052/n2/band_w4_k2_trimmed/result.json.gz
case_052,3,180301,63361,63361,2.845614810372311,181248,181248,0,101376,50280,baseline,baseline_results_29_55/case_052/q2_n3/case_052_multicore_res.json,baseline_results_29_55/case_052/q2_n3/result.json.gz
case_052,4,180301,47721,47721,3.778231805703988,259584,259584,0,105984,49160,baseline,baseline_results_29_55/case_052/q2_n4/case_052_multicore_res.json,baseline_results_29_55/case_052/q2_n4/result.json.gz
case_052,5,180301,51670,40822,4.416760570280731,416844,416844,0,101376,32782,q1_selected,q2_optimization/case_052/n5/q1_selected/case_052_multicore_res.json,q2_optimization/case_052/n5/q1_selected/result.json.gz
case_053,2,1472686,774929,731721,2.0126332304252577,3251338,3251338,0,354592,101158,band_w8_k2_trimmed,q2_optimization/transfer/case_053/n2/band_w8_k2_trimmed/case_053_multicore_res.json,q2_optimization/transfer/case_053/n2/band_w8_k2_trimmed/result.json.gz
case_053,3,1472686,546106,518285,2.841459814580781,5687408,5687408,0,305152,114002,band_w8_k3_trimmed,q2_optimization/transfer/case_053/n3/band_w8_k3_trimmed/case_053_multicore_res.json,q2_optimization/transfer/case_053/n3/band_w8_k3_trimmed/result.json.gz
case_053,4,1472686,492232,437275,3.3678714767594764,7017212,7017212,0,420224,96932,band_w12_k4_trimmed,q2_optimization/transfer/case_053/n4/band_w12_k4_trimmed/case_053_multicore_res.json,q2_optimization/transfer/case_053/n4/band_w12_k4_trimmed/result.json.gz
case_053,5,1472686,492699,370991,3.9696003407090736,8302434,8302434,0,403328,130580,q1_selected,q2_optimization/case_053/n5/q1_selected/case_053_multicore_res.json,q2_optimization/case_053/n5/q1_selected/result.json.gz
case_054,2,815051,517960,425972,1.9133910210060756,799686,799686,0,109504,24724,q1_selected,q2_optimization/case_054/n2/q1_selected/case_054_multicore_res.json,q2_optimization/case_054/n2/q1_selected/result.json.gz
case_054,3,815051,517986,291396,2.797056239618938,1583882,1583882,0,109056,21652,q1_selected,q2_optimization/case_054/n3/q1_selected/case_054_multicore_res.json,q2_optimization/case_054/n3/q1_selected/result.json.gz
case_054,4,815051,518015,256479,3.1778469192409515,1458514,1458514,0,104448,20116,q1_selected,q2_optimization/case_054/n4/q1_selected/case_054_multicore_res.json,q2_optimization/case_054/n4/q1_selected/result.json.gz
case_054,5,815051,518133,192335,4.237663451789846,2732950,2732950,0,102656,15556,q1_selected,q2_optimization/case_054/n5/q1_selected/case_054_multicore_res.json,q2_optimization/case_054/n5/q1_selected/result.json.gz
case_055,2,118835,65764,60919,1.95070503455408,407128,300628,106500,93184,128016,band_w8_k2_trimmed,q2_optimization/transfer/case_055/n2/band_w8_k2_trimmed/case_055_multicore_res.json,q2_optimization/transfer/case_055/n2/band_w8_k2_trimmed/result.json.gz
case_055,3,118835,43687,42897,2.7702403431475395,473160,473160,0,64000,108556,band_w12_k3_trimmed,q2_optimization/transfer/case_055/n3/band_w12_k3_trimmed/case_055_multicore_res.json,q2_optimization/transfer/case_055/n3/band_w12_k3_trimmed/result.json.gz
case_055,4,118835,31367,30952,3.8393318686999223,514712,514712,0,82432,82950,band_w8_k4_trimmed,q2_optimization/transfer/case_055/n4/band_w8_k4_trimmed/case_055_multicore_res.json,q2_optimization/transfer/case_055/n4/band_w8_k4_trimmed/result.json.gz
case_055,5,118835,26781,26682,4.45375159283412,601664,601664,0,47616,61448,band_w12_k5,q2_optimization/band/case_055/n5/band_w12_k5/case_055_multicore_res.json,q2_optimization/band/case_055/n5/band_w12_k5/result.json.gz
case_056,2,277285,265710,148424,1.868195170592357,318614,318614,0,24992,42190,q1_selected,q2_optimization/case_056/n2/q1_selected/case_056_multicore_res.json,q2_optimization/case_056/n2/q1_selected/result.json.gz
case_056,3,277285,265728,96817,2.864011485586209,655984,655984,0,22112,38606,q1_selected,q2_optimization/case_056/n3/q1_selected/case_056_multicore_res.json,q2_optimization/case_056/n3/q1_selected/result.json.gz
case_056,4,277285,265746,78516,3.5315731825360435,822978,822978,0,22112,28678,q1_selected,q2_optimization/case_056/n4/q1_selected/case_056_multicore_res.json,q2_optimization/case_056/n4/q1_selected/result.json.gz
case_056,5,277285,265764,70177,3.95122333528079,1067204,1067204,0,22112,33990,q1_selected,q2_optimization/case_056/n5/q1_selected/case_056_multicore_res.json,q2_optimization/case_056/n5/q1_selected/result.json.gz
case_057,2,59726,33730,32922,1.8141668185407933,280404,280404,0,19968,107534,band_w8_k2_trimmed,q2_optimization/transfer/case_057/n2/band_w8_k2_trimmed/case_057_multicore_res.json,q2_optimization/transfer/case_057/n2/band_w8_k2_trimmed/result.json.gz
case_057,3,59726,25250,22930,2.604709986916703,243556,243556,0,17280,86026,band_w8_k3_trimmed,q2_optimization/transfer/case_057/n3/band_w8_k3_trimmed/case_057_multicore_res.json,q2_optimization/transfer/case_057/n3/band_w8_k3_trimmed/result.json.gz
case_057,4,59726,20957,19820,3.0134207870837537,392992,392992,0,17920,77836,band_w12_k4_trimmed,q2_optimization/transfer/case_057/n4/band_w12_k4_trimmed/case_057_multicore_res.json,q2_optimization/transfer/case_057/n4/band_w12_k4_trimmed/result.json.gz
case_057,5,59726,16538,14502,4.118466418425045,38176,38176,0,15744,69644,component1_cut61_to3,q2_optimization/component_split/case_057/n5/component1_cut61_to3/case_057_multicore_res.json,q2_optimization/component_split/case_057/n5/component1_cut61_to3/result.json.gz
case_058,2,4539717,2271316,2271316,1.9987166030618373,33431552,6623232,26808320,524288,0,band_w8_k2_trimmed,q2_optimization/transfer/case_058/n2/band_w8_k2_trimmed/case_058_multicore_res.json,q2_optimization/transfer/case_058/n2/band_w8_k2_trimmed/result.json.gz
case_058,3,4539717,1554831,1554831,2.9197494775959574,30400512,9191424,21209088,524288,0,band_w8_k3_trimmed,q2_optimization/transfer/case_058/n3/band_w8_k3_trimmed/case_058_multicore_res.json,q2_optimization/transfer/case_058/n3/band_w8_k3_trimmed/result.json.gz
case_058,4,4539717,1154519,1154519,3.9321284448328697,42622976,19869696,22753280,524288,0,band_w8_k4_trimmed,q2_optimization/transfer/case_058/n4/band_w8_k4_trimmed/case_058_multicore_res.json,q2_optimization/transfer/case_058/n4/band_w8_k4_trimmed/result.json.gz
case_058,5,4539717,1004819,977119,4.646022644120112,30605312,25067520,5537792,524288,0,band_w4_k5,q2_optimization/band/case_058/n5/band_w4_k5/case_058_multicore_res.json,q2_optimization/band/case_058/n5/band_w4_k5/result.json.gz
case_059,2,829473,369318,369318,2.2459587672412393,360448,360448,0,421888,0,baseline,baseline_results_56_100/case_059/q2_n2/case_059_multicore_res.json,baseline_results_56_100/case_059/q2_n2/result.json.gz
case_059,3,829473,266217,266217,3.1157777301975456,2998272,2162688,835584,524288,0,baseline,baseline_results_56_100/case_059/q2_n3/case_059_multicore_res.json,baseline_results_56_100/case_059/q2_n3/result.json.gz
case_059,4,829473,185216,185216,4.478408992743607,1081344,1081344,0,241664,0,baseline,baseline_results_56_100/case_059/q2_n4/case_059_multicore_res.json,baseline_results_56_100/case_059/q2_n4/result.json.gz
case_059,5,829473,150782,150782,5.501140719714555,4325376,4325376,0,520192,0,baseline,baseline_results_56_100/case_059/q2_n5/case_059_multicore_res.json,baseline_results_56_100/case_059/q2_n5/result.json.gz
case_060,2,888789,469437,469437,1.8933083672569482,2768912,1198080,1570832,524288,122908,baseline,baseline_results_56_100/case_060/q2_n2/case_060_multicore_res.json,baseline_results_56_100/case_060/q2_n2/result.json.gz
case_060,3,888789,334622,334622,2.656098523109658,3439756,2406528,1033228,524288,122904,baseline,baseline_results_56_100/case_060/q2_n3/case_060_multicore_res.json,baseline_results_56_100/case_060/q2_n3/result.json.gz
case_060,4,888789,229383,229383,3.8746942885915696,3699968,3553536,146432,524288,122894,baseline,baseline_results_56_100/case_060/q2_n4/case_060_multicore_res.json,baseline_results_56_100/case_060/q2_n4/result.json.gz
case_060,5,888789,183272,183272,4.849562399057139,4290944,4209024,81920,452608,122894,baseline,baseline_results_56_100/case_060/q2_n5/case_060_multicore_res.json,baseline_results_56_100/case_060/q2_n5/result.json.gz
case_061,2,77191,39299,39299,1.9641975622789385,34560,34560,0,46848,47136,baseline,baseline_results_56_100/case_061/q2_n2/case_061_multicore_res.json,baseline_results_56_100/case_061/q2_n2/result.json.gz
case_061,3,77191,28409,28409,2.7171318948220633,43008,43008,0,44544,52260,baseline,baseline_results_56_100/case_061/q2_n3/case_061_multicore_res.json,baseline_results_56_100/case_061/q2_n3/result.json.gz
case_061,4,77191,27166,27166,2.8414562320547745,62208,62208,0,44544,34840,baseline,baseline_results_56_100/case_061/q2_n4/case_061_multicore_res.json,baseline_results_56_100/case_061/q2_n4/result.json.gz
case_061,5,77191,22283,18732,4.120809310271194,104192,104192,0,46848,25616,component0_cut23_to4,q2_optimization/component_split/case_061/n5/component0_cut23_to4/case_061_multicore_res.json,q2_optimization/component_split/case_061/n5/component0_cut23_to4/result.json.gz
case_062,2,2854809,2854809,1505864,1.895794706560486,6441984,3351552,3090432,7680,130560,q1_selected,q2_optimization/case_062/n2/q1_selected/case_062_multicore_res.json,q2_optimization/case_062/n2/q1_selected/result.json.gz
case_062,3,2854809,2854809,1031153,2.7685600487997415,6445056,4466688,1978368,7680,130560,q1_selected,q2_optimization/case_062/n3/q1_selected/case_062_multicore_res.json,q2_optimization/case_062/n3/q1_selected/result.json.gz
case_062,4,2854809,2854809,793258,3.5988404781294356,6445056,5025792,1419264,7680,130560,q1_selected,q2_optimization/case_062/n4/q1_selected/case_062_multicore_res.json,q2_optimization/case_062/n4/q1_selected/result.json.gz
case_062,5,2854809,2854809,578617,4.9338491610167,360960,360960,0,7680,29184,band_w12_k5,q2_optimization/band/case_062/n5/band_w12_k5/case_062_multicore_res.json,q2_optimization/band/case_062/n5/band_w12_k5/result.json.gz
case_063,2,1070397,1070397,564704,1.8955010058366861,2251776,1256448,995328,7680,130560,q1_selected,q2_optimization/case_063/n2/q1_selected/case_063_multicore_res.json,q2_optimization/case_063/n2/q1_selected/result.json.gz
case_063,3,1070397,1070397,386935,2.766348353082559,2254848,1674240,580608,7680,130560,q1_selected,q2_optimization/case_063/n3/q1_selected/case_063_multicore_res.json,q2_optimization/case_063/n3/q1_selected/result.json.gz
case_063,4,1070397,1070397,298152,3.590105047090075,2254848,1883136,371712,7680,130560,q1_selected,q2_optimization/case_063/n4/q1_selected/case_063_multicore_res.json,q2_optimization/case_063/n4/q1_selected/result.json.gz
case_063,5,1070397,1070397,221945,4.822802946675978,148992,148992,0,7680,15360,band_w12_k5,q2_optimization/band/case_063/n5/band_w12_k5/case_063_multicore_res.json,q2_optimization/band/case_063/n5/band_w12_k5/result.json.gz
case_064,2,19116,19116,11444,1.670394966794827,38438,38438,0,8256,4036,q1_selected,q2_optimization/case_064/n2/q1_selected/case_064_multicore_res.json,q2_optimization/case_064/n2/q1_selected/result.json.gz
case_064,3,19116,19116,9338,2.04711929749411,74892,74892,0,5664,3396,q1_selected,q2_optimization/case_064/n3/q1_selected/case_064_multicore_res.json,q2_optimization/case_064/n3/q1_selected/result.json.gz
case_064,4,19116,19116,7736,2.471044467425026,98802,98802,0,4640,2948,q1_selected,q2_optimization/case_064/n4/q1_selected/case_064_multicore_res.json,q2_optimization/case_064/n4/q1_selected/result.json.gz
case_064,5,19116,19116,7307,2.6161215273025866,100564,100564,0,3616,2916,valley_merge_8_heft,q2_optimization/replay/case_064/n5/valley_merge_8_heft/case_064_multicore_res.json,q2_optimization/replay/case_064/n5/valley_merge_8_heft/result.json.gz
case_065,2,53068,26928,26928,1.970736779560309,13968,13968,0,36864,53330,baseline,baseline_results_56_100/case_065/q2_n2/case_065_multicore_res.json,baseline_results_56_100/case_065/q2_n2/result.json.gz
case_065,3,53068,18165,18165,2.921442334159097,27792,27792,0,36864,40968,baseline,baseline_results_56_100/case_065/q2_n3/case_065_multicore_res.json,baseline_results_56_100/case_065/q2_n3/result.json.gz
case_065,4,53068,14502,14502,3.659357330023445,41616,41616,0,36864,40968,baseline,baseline_results_56_100/case_065/q2_n4/case_065_multicore_res.json,baseline_results_56_100/case_065/q2_n4/result.json.gz
case_065,5,53068,12156,11645,4.557148990983254,175696,175696,0,32256,36872,band_w12_k5,q2_optimization/band/case_065/n5/band_w12_k5/case_065_multicore_res.json,q2_optimization/band/case_065/n5/band_w12_k5/result.json.gz
case_066,2,359070,248146,192837,1.8620389240654023,707578,707578,0,182784,52426,q1_selected,q2_optimization/case_066/n2/q1_selected/case_066_multicore_res.json,q2_optimization/case_066/n2/q1_selected/result.json.gz
case_066,3,359070,248976,138681,2.589179483851429,1711128,1711128,0,101376,37062,q1_selected,q2_optimization/case_066/n3/q1_selected/case_066_multicore_res.json,q2_optimization/case_066/n3/q1_selected/result.json.gz
case_066,4,359070,249811,110060,3.2624931855351624,1896230,1896230,0,165888,33224,q1_selected,q2_optimization/case_066/n4/q1_selected/case_066_multicore_res.json,q2_optimization/case_066/n4/q1_selected/result.json.gz
case_066,5,359070,250449,97018,3.7010657816075367,2263674,2263674,0,58368,31012,q1_selected,q2_optimization/case_066/n5/q1_selected/case_066_multicore_res.json,q2_optimization/case_066/n5/q1_selected/result.json.gz
case_067,2,63834834,33768704,31850916,2.004175766875904,259629440,8341888,251287552,515072,0,q1_selected,q2_optimization/case_067/n2/q1_selected/case_067_multicore_res.json,q2_optimization/case_067/n2/q1_selected/result.json.gz
case_067,3,63834834,23568859,22518138,2.834818491653262,259615488,14422784,245192704,506880,0,q1_selected,q2_optimization/case_067/n3/q1_selected/case_067_multicore_res.json,q2_optimization/case_067/n3/q1_selected/result.json.gz
case_067,4,63834834,18473155,17577539,3.6316138453739173,263066752,16440448,246626304,506880,0,q1_selected,q2_optimization/case_067/n4/q1_selected/case_067_multicore_res.json,q2_optimization/case_067/n4/q1_selected/result.json.gz
case_067,5,63834834,15931687,14379259,4.439368815875699,259423744,20538880,238884864,506880,0,q1_selected,q2_optimization/case_067/n5/q1_selected/case_067_multicore_res.json,q2_optimization/case_067/n5/q1_selected/result.json.gz
case_068,2,362095,302408,198145,1.8274243609477907,1288478,1288478,0,142080,124190,q1_selected,q2_optimization/case_068/n2/q1_selected/case_068_multicore_res.json,q2_optimization/case_068/n2/q1_selected/result.json.gz
case_068,3,362095,303144,150264,2.4097255496991963,2631348,2631348,0,69504,111254,q1_selected,q2_optimization/case_068/n3/q1_selected/case_068_multicore_res.json,q2_optimization/case_068/n3/q1_selected/result.json.gz
case_068,4,362095,303921,112595,3.215906567787202,2803642,2803642,0,67776,105038,q1_selected,q2_optimization/case_068/n4/q1_selected/case_068_multicore_res.json,q2_optimization/case_068/n4/q1_selected/result.json.gz
case_068,5,362095,304058,116294,3.113617211550037,3076416,3076416,0,58752,105038,q1_selected,q2_optimization/case_068/n5/q1_selected/case_068_multicore_res.json,q2_optimization/case_068/n5/q1_selected/result.json.gz
case_069,2,25144,25144,14728,1.7072243346007605,123268,123268,0,60864,15460,q1_selected,q2_optimization/case_069/n2/q1_selected/case_069_multicore_res.json,q2_optimization/case_069/n2/q1_selected/result.json.gz
case_069,3,25144,25144,11338,2.2176750749691303,205064,205064,0,59232,13924,q1_selected,q2_optimization/case_069/n3/q1_selected/case_069_multicore_res.json,q2_optimization/case_069/n3/q1_selected/result.json.gz
case_069,4,25144,25144,10947,2.296884991321823,284172,284172,0,40032,13922,q1_selected,q2_optimization/case_069/n4/q1_selected/case_069_multicore_res.json,q2_optimization/case_069/n4/q1_selected/result.json.gz
case_069,5,25144,25144,9385,2.6791688865210443,307984,307984,0,56928,13922,q1_selected,q2_optimization/case_069/n5/q1_selected/case_069_multicore_res.json,q2_optimization/case_069/n5/q1_selected/result.json.gz
case_070,2,117300,58525,58525,2.0042716787697565,129536,129536,0,114176,16392,baseline,baseline_results_56_100/case_070/q2_n2/case_070_multicore_res.json,baseline_results_56_100/case_070/q2_n2/result.json.gz
case_070,3,117300,45661,45661,2.568931911259061,259072,259072,0,118016,12290,baseline,baseline_results_56_100/case_070/q2_n3/case_070_multicore_res.json,baseline_results_56_100/case_070/q2_n3/result.json.gz
case_070,4,117300,36336,36336,3.228203434610304,360960,360960,0,102400,16392,baseline,baseline_results_56_100/case_070/q2_n4/case_070_multicore_res.json,baseline_results_56_100/case_070/q2_n4/result.json.gz
case_070,5,117300,27664,26584,4.412428528438158,491524,491524,0,104192,16392,component0_cut27_to1,q2_optimization/component_split/case_070/n5/component0_cut27_to1/case_070_multicore_res.json,q2_optimization/component_split/case_070/n5/component0_cut27_to1/result.json.gz
case_071,2,18919,18919,12223,1.5478196842019145,84100,84100,0,54624,13924,q1_selected,q2_optimization/case_071/n2/q1_selected/case_071_multicore_res.json,q2_optimization/case_071/n2/q1_selected/result.json.gz
case_071,3,18919,18919,9654,1.9597058214211727,181832,181832,0,35424,13156,q1_selected,q2_optimization/case_071/n3/q1_selected/case_071_multicore_res.json,q2_optimization/case_071/n3/q1_selected/result.json.gz
case_071,4,18919,18919,8966,2.110082534017399,198732,198732,0,50784,11618,q1_selected,q2_optimization/case_071/n4/q1_selected/case_071_multicore_res.json,q2_optimization/case_071/n4/q1_selected/result.json.gz
case_071,5,18919,18919,7554,2.5045009266613714,252402,252402,0,23040,11616,mask_band_32,q2_optimization/replay/case_071/n5/mask_band_32/case_071_multicore_res.json,q2_optimization/replay/case_071/n5/mask_band_32/result.json.gz
case_072,2,23897828,11833111,11833111,2.0195727057745,113945376,10948952,102996424,524288,30198,baseline,baseline_results_71_78/case_072/q2_n2/case_072_multicore_res.json,baseline_results_71_78/case_072/q2_n2/result.json.gz
case_072,3,23897828,7945629,7945629,3.007669751507401,114002720,19804504,94198216,524288,30198,baseline,baseline_results_71_78/case_072/q2_n3/case_072_multicore_res.json,baseline_results_71_78/case_072/q2_n3/result.json.gz
case_072,4,23897828,5994354,5994354,3.9867228395253265,122293024,28660056,93632968,524288,30198,baseline,baseline_results_71_78/case_072/q2_n4/case_072_multicore_res.json,baseline_results_71_78/case_072/q2_n4/result.json.gz
case_072,5,23897828,4863110,4863110,4.9141039376037146,121488048,39609008,81879040,524288,30198,baseline,baseline_results_71_78/case_072/q2_n5/case_072_multicore_res.json,baseline_results_71_78/case_072/q2_n5/result.json.gz
case_073,2,10081626,5980423,5110707,1.9726480113221125,69960576,3721600,66238976,443904,0,data_band_w4_k2_trimmed,q2_optimization/transfer_data_band/case_073/n2/data_band_w4_k2_trimmed/case_073_multicore_res.json,q2_optimization/transfer_data_band/case_073/n2/data_band_w4_k2_trimmed/result.json.gz
case_073,3,10081626,4515227,3998716,2.5212158102750983,71907584,7443200,64464384,443904,0,data_band_w4_k3_trimmed,q2_optimization/transfer_data_band/case_073/n3/data_band_w4_k3_trimmed/case_073_multicore_res.json,q2_optimization/transfer_data_band/case_073/n3/data_band_w4_k3_trimmed/result.json.gz
case_073,4,10081626,3903787,3256669,3.095686420695502,73854592,11164800,62689792,443904,0,data_band_w4_k4_trimmed,q2_optimization/transfer_data_band/case_073/n4/data_band_w4_k4_trimmed/case_073_multicore_res.json,q2_optimization/transfer_data_band/case_073/n4/data_band_w4_k4_trimmed/result.json.gz
case_073,5,10081626,3517515,2877163,3.504016282706263,75801600,14886400,60915200,443904,0,data_band_w4_k5,q2_optimization/data_band/case_073/n5/data_band_w4_k5/case_073_multicore_res.json,q2_optimization/data_band/case_073/n5/data_band_w4_k5/result.json.gz
case_074,2,1682239,822510,822510,2.0452505136715664,7077888,2285568,4792320,524288,122892,baseline,baseline_results_71_78/case_074/q2_n2/case_074_multicore_res.json,baseline_results_71_78/case_074/q2_n2/result.json.gz
case_074,3,1682239,553814,553814,3.0375523190096314,7614464,4571136,3043328,524288,122892,baseline,baseline_results_71_78/case_074/q2_n3/case_074_multicore_res.json,baseline_results_71_78/case_074/q2_n3/result.json.gz
case_074,4,1682239,423088,423088,3.9760971712740614,8429568,6643712,1785856,524288,122892,baseline,baseline_results_71_78/case_074/q2_n4/case_074_multicore_res.json,baseline_results_71_78/case_074/q2_n4/result.json.gz
case_074,5,1682239,347042,347042,4.847364295964177,9035776,7757824,1277952,524288,122896,baseline,baseline_results_71_78/case_074/q2_n5/case_074_multicore_res.json,baseline_results_71_78/case_074/q2_n5/result.json.gz
case_075,2,1441809,1441809,800955,1.8001123658632507,1861510,1861510,0,96512,34308,q1_selected,q2_optimization/case_075/n2/q1_selected/case_075_multicore_res.json,q2_optimization/case_075/n2/q1_selected/result.json.gz
case_075,3,1441809,1441809,639714,2.2538337444545533,3325964,3325964,0,96384,28806,q1_selected,q2_optimization/case_075/n3/q1_selected/case_075_multicore_res.json,q2_optimization/case_075/n3/q1_selected/result.json.gz
case_075,4,1441809,1441809,429207,3.359239248194927,4516242,4516242,0,60032,22660,q1_selected,q2_optimization/case_075/n4/q1_selected/case_075_multicore_res.json,q2_optimization/case_075/n4/q1_selected/result.json.gz
case_075,5,1441809,1441809,360593,3.9984386829472562,5792024,5792024,0,45184,20614,q1_selected,q2_optimization/case_075/n5/q1_selected/case_075_multicore_res.json,q2_optimization/case_075/n5/q1_selected/result.json.gz
case_076,2,6185113,3069464,3069464,2.015046600970072,30744576,4074496,26670080,524288,8192,baseline,baseline_results_71_78/case_076/q2_n2/case_076_multicore_res.json,baseline_results_71_78/case_076/q2_n2/result.json.gz
case_076,3,6185113,2061609,2061609,3.0001387265965564,35117056,8148992,26968064,524288,8192,baseline,baseline_results_71_78/case_076/q2_n3/case_076_multicore_res.json,baseline_results_71_78/case_076/q2_n3/result.json.gz
case_076,4,6185113,1550155,1550155,3.9899964842225453,35703808,12223488,23480320,524288,8192,baseline,baseline_results_71_78/case_076/q2_n4/case_076_multicore_res.json,baseline_results_71_78/case_076/q2_n4/result.json.gz
case_076,5,6185113,1238120,1238120,4.995568280942074,37194752,16297984,20896768,524288,8192,baseline,baseline_results_71_78/case_076/q2_n5/case_076_multicore_res.json,baseline_results_71_78/case_076/q2_n5/result.json.gz
case_077,2,495320,250735,250735,1.9754721119907472,57344,57344,0,106496,36864,baseline,baseline_results_71_78/case_077/q2_n2/case_077_multicore_res.json,baseline_results_71_78/case_077/q2_n2/result.json.gz
case_077,3,495320,178739,178739,2.771191513883372,114688,114688,0,106496,36864,baseline,baseline_results_71_78/case_077/q2_n3/case_077_multicore_res.json,baseline_results_71_78/case_077/q2_n3/result.json.gz
case_077,4,495320,144734,144734,3.4222781101883455,172032,172032,0,106496,36864,baseline,baseline_results_71_78/case_077/q2_n4/case_077_multicore_res.json,baseline_results_71_78/case_077/q2_n4/result.json.gz
case_077,5,495320,121081,121081,4.090815239385205,172032,172032,0,106496,36864,baseline,baseline_results_71_78/case_077/q2_n5/case_077_multicore_res.json,baseline_results_71_78/case_077/q2_n5/result.json.gz
case_078,2,2296143,1260358,1182594,1.9416156347825204,9891456,2148480,7742976,523008,0,q1_selected,q2_optimization/case_078/n2/q1_selected/case_078_multicore_res.json,q2_optimization/case_078/n2/q1_selected/result.json.gz
case_078,3,2296143,993959,823972,2.7866760035535187,12293376,4493568,7799808,524160,0,q1_selected,q2_optimization/case_078/n3/q1_selected/case_078_multicore_res.json,q2_optimization/case_078/n3/q1_selected/result.json.gz
case_078,4,2296143,690924,665620,3.4496304197590217,11079552,6445440,4634112,523392,0,q1_selected,q2_optimization/case_078/n4/q1_selected/case_078_multicore_res.json,q2_optimization/case_078/n4/q1_selected/result.json.gz
case_078,5,2296143,663941,534221,4.298114450761014,11932800,8432640,3500160,524160,0,q1_selected,q2_optimization/case_078/n5/q1_selected/case_078_multicore_res.json,q2_optimization/case_078/n5/q1_selected/result.json.gz
case_079,2,31052251,15446486,15446486,2.010311665708304,31780864,3649536,28131328,524288,0,baseline,baseline_results_79_85/case_079/q2_n2/case_079_multicore_res.json,baseline_results_79_85/case_079/q2_n2/result.json.gz
case_079,3,31052251,10181692,10181692,3.049812447675691,39960576,11624448,28336128,524288,0,baseline,baseline_results_79_85/case_079/q2_n3/case_079_multicore_res.json,baseline_results_79_85/case_079/q2_n3/result.json.gz
case_079,4,31052251,7635624,7635624,4.066760097144647,30445568,10948608,19496960,524288,0,baseline,baseline_results_79_85/case_079/q2_n4/case_079_multicore_res.json,baseline_results_79_85/case_079/q2_n4/result.json.gz
case_079,5,31052251,6075976,6075976,5.110660575354478,47677440,23248896,24428544,524288,0,baseline,baseline_results_79_85/case_079/q2_n5/case_079_multicore_res.json,baseline_results_79_85/case_079/q2_n5/result.json.gz
case_080,2,292138,145926,145926,2.0019598974822856,2191360,1904640,286720,524288,0,baseline,baseline_results_79_85/case_080/q2_n2/case_080_multicore_res.json,baseline_results_79_85/case_080/q2_n2/result.json.gz
case_080,3,292138,100325,100098,2.9185198505464647,983040,983040,0,491520,0,data_band_w4_k3_trimmed,q2_optimization/transfer_data_band/case_080/n3/data_band_w4_k3_trimmed/case_080_multicore_res.json,q2_optimization/transfer_data_band/case_080/n3/data_band_w4_k3_trimmed/result.json.gz
case_080,4,292138,111314,100098,2.9185198505464647,983040,983040,0,491520,0,data_band_w4_k3_trimmed,q2_optimization/transfer_data_band/case_080/n4/data_band_w4_k3_trimmed/case_080_multicore_res.json,q2_optimization/transfer_data_band/case_080/n4/data_band_w4_k3_trimmed/result.json.gz
case_080,5,292138,113455,100098,2.9185198505464647,983040,983040,0,491520,0,data_band_w4_k3,q2_optimization/data_band/case_080/n5/data_band_w4_k3/case_080_multicore_res.json,q2_optimization/data_band/case_080/n5/data_band_w4_k3/result.json.gz
case_081,2,151795,76860,76860,1.9749544626593807,0,0,0,0,14340,baseline,baseline_results_79_85/case_081/q2_n2/case_081_multicore_res.json,baseline_results_79_85/case_081/q2_n2/result.json.gz
case_081,3,151795,51943,51943,2.9223379473653814,0,0,0,0,14340,baseline,baseline_results_79_85/case_081/q2_n3/case_081_multicore_res.json,baseline_results_79_85/case_081/q2_n3/result.json.gz
case_081,4,151795,39588,39588,3.834369000707285,0,0,0,0,14340,baseline,baseline_results_79_85/case_081/q2_n4/case_081_multicore_res.json,baseline_results_79_85/case_081/q2_n4/result.json.gz
case_081,5,151795,30943,30943,4.905632937982743,0,0,0,0,14340,baseline,baseline_results_79_85/case_081/q2_n5/case_081_multicore_res.json,baseline_results_79_85/case_081/q2_n5/result.json.gz
case_082,2,721041,721041,364558,1.977849889455176,593798,593798,0,53760,50372,q1_selected,q2_optimization/case_082/n2/q1_selected/case_082_multicore_res.json,q2_optimization/case_082/n2/q1_selected/result.json.gz
case_082,3,721041,721041,250314,2.8805460341810685,1430284,1430284,0,59392,36804,q1_selected,q2_optimization/case_082/n3/q1_selected/case_082_multicore_res.json,q2_optimization/case_082/n3/q1_selected/result.json.gz
case_082,4,721041,721041,199865,3.607640157106047,1224850,1224850,0,54272,32452,q1_selected,q2_optimization/case_082/n4/q1_selected/case_082_multicore_res.json,q2_optimization/case_082/n4/q1_selected/result.json.gz
case_082,5,721041,721041,184992,3.8976874675661652,2697752,2697752,0,55296,31428,q1_selected,q2_optimization/case_082/n5/q1_selected/case_082_multicore_res.json,q2_optimization/case_082/n5/q1_selected/result.json.gz
case_083,2,1057993,644672,451436,2.343616813900531,1323616,930400,393216,517632,0,q1_selected,q2_optimization/case_083/n2/q1_selected/case_083_multicore_res.json,q2_optimization/case_083/n2/q1_selected/result.json.gz
case_083,3,1057993,512623,311028,3.4016004989904447,1942720,1860800,81920,520192,0,q1_selected,q2_optimization/case_083/n3/q1_selected/case_083_multicore_res.json,q2_optimization/case_083/n3/q1_selected/result.json.gz
case_083,4,1057993,450029,242608,4.360915551012333,2791200,2791200,0,499712,0,q1_selected,q2_optimization/case_083/n4/q1_selected/case_083_multicore_res.json,q2_optimization/case_083/n4/q1_selected/result.json.gz
case_083,5,1057993,442480,214373,4.935290358394014,3721600,3721600,0,483328,0,q1_selected,q2_optimization/case_083/n5/q1_selected/case_083_multicore_res.json,q2_optimization/case_083/n5/q1_selected/result.json.gz
case_084,2,2507412,1255052,1255052,1.9978550689533183,0,0,0,13824,9312,baseline,baseline_results_79_85/case_084/q2_n2/case_084_multicore_res.json,baseline_results_79_85/case_084/q2_n2/result.json.gz
case_084,3,2507412,836220,836220,2.998507569778288,0,0,0,13824,9312,baseline,baseline_results_79_85/case_084/q2_n3/case_084_multicore_res.json,baseline_results_79_85/case_084/q2_n3/result.json.gz
case_084,4,2507412,629028,629028,3.986169137144928,0,0,0,13824,9312,baseline,baseline_results_79_85/case_084/q2_n4/case_084_multicore_res.json,baseline_results_79_85/case_084/q2_n4/result.json.gz
case_084,5,2507412,503472,503472,4.98024120507198,0,0,0,13824,9312,baseline,baseline_results_79_85/case_084/q2_n5/case_084_multicore_res.json,baseline_results_79_85/case_084/q2_n5/result.json.gz
case_085,2,3187899,3187899,1660638,1.9196832783544637,2179718,2179718,0,67328,71684,q1_selected,q2_optimization/case_085/n2/q1_selected/case_085_multicore_res.json,q2_optimization/case_085/n2/q1_selected/result.json.gz
case_085,3,3187899,3187899,1121541,2.8424275171393645,5678092,5678092,0,74752,53892,q1_selected,q2_optimization/case_085/n3/q1_selected/case_085_multicore_res.json,q2_optimization/case_085/n3/q1_selected/result.json.gz
case_085,4,3187899,3187899,849039,3.7547144477462164,4356242,4356242,0,66560,43524,q1_selected,q2_optimization/case_085/n4/q1_selected/case_085_multicore_res.json,q2_optimization/case_085/n4/q1_selected/result.json.gz
case_085,5,3187899,3187899,744387,4.2825828500497725,9371160,9371160,0,64768,40196,q1_selected,q2_optimization/case_085/n5/q1_selected/case_085_multicore_res.json,q2_optimization/case_085/n5/q1_selected/result.json.gz
case_086,2,118403,118403,61451,1.9267871963027452,466662,466662,0,72192,27796,q1_selected,q2_optimization/case_086/n2/q1_selected/case_086_multicore_res.json,q2_optimization/case_086/n2/q1_selected/result.json.gz
case_086,3,118403,118403,47796,2.477257511088794,846924,846924,0,76320,23044,q1_selected,q2_optimization/case_086/n3/q1_selected/case_086_multicore_res.json,q2_optimization/case_086/n3/q1_selected/result.json.gz
case_086,4,118403,118403,38218,3.098095138416453,1160946,1160946,0,68448,18004,q1_selected,q2_optimization/case_086/n4/q1_selected/case_086_multicore_res.json,q2_optimization/case_086/n4/q1_selected/result.json.gz
case_086,5,118403,118403,39990,2.96081520380095,1583256,1583256,0,68448,17668,q1_selected,q2_optimization/case_086/n5/q1_selected/case_086_multicore_res.json,q2_optimization/case_086/n5/q1_selected/result.json.gz
case_087,2,3974071,1985234,1985234,2.0018148994022873,9999360,2004480,7994880,520704,59414,baseline,baseline_results_86_92/case_087/q2_n2/case_087_multicore_res.json,baseline_results_86_92/case_087/q2_n2/result.json.gz
case_087,3,3974071,1385253,1385253,2.8688412874760063,10722816,3663360,7059456,520704,59414,baseline,baseline_results_86_92/case_087/q2_n3/case_087_multicore_res.json,baseline_results_86_92/case_087/q2_n3/result.json.gz
case_087,4,3974071,1069661,1069661,3.715262125103187,11796480,5184000,6612480,520704,59414,baseline,baseline_results_86_92/case_087/q2_n4/case_087_multicore_res.json,baseline_results_86_92/case_087/q2_n4/result.json.gz
case_087,5,3974071,888504,888504,4.472766582930409,11773440,6289920,5483520,520704,59414,baseline,baseline_results_86_92/case_087/q2_n5/case_087_multicore_res.json,baseline_results_86_92/case_087/q2_n5/result.json.gz
case_088,2,243623,202290,142850,1.7054462723136157,832714,832714,0,141696,43398,q1_selected,q2_optimization/case_088/n2/q1_selected/case_088_multicore_res.json,q2_optimization/case_088/n2/q1_selected/result.json.gz
case_088,3,243623,202428,104238,2.3371802989312918,1725712,1725712,0,81280,39942,q1_selected,q2_optimization/case_088/n3/q1_selected/case_088_multicore_res.json,q2_optimization/case_088/n3/q1_selected/result.json.gz
case_088,4,243623,202670,80851,3.0132342209743848,1908310,1908310,0,78400,40324,q1_selected,q2_optimization/case_088/n4/q1_selected/case_088_multicore_res.json,q2_optimization/case_088/n4/q1_selected/result.json.gz
case_088,5,243623,202791,78740,3.094018288036576,2062102,2062102,0,78400,40134,q1_selected,q2_optimization/case_088/n5/q1_selected/case_088_multicore_res.json,q2_optimization/case_088/n5/q1_selected/result.json.gz
case_089,2,693092,346832,346832,1.998350786547954,238720,238720,0,259200,0,baseline,baseline_results_86_92/case_089/q2_n2/case_089_multicore_res.json,baseline_results_86_92/case_089/q2_n2/result.json.gz
case_089,3,693092,243614,243614,2.8450417463692563,477440,477440,0,259200,0,baseline,baseline_results_86_92/case_089/q2_n3/case_089_multicore_res.json,baseline_results_86_92/case_089/q2_n3/result.json.gz
case_089,4,693092,178160,178160,3.8902784014369107,716160,716160,0,259200,0,baseline,baseline_results_86_92/case_089/q2_n4/case_089_multicore_res.json,baseline_results_86_92/case_089/q2_n4/result.json.gz
case_089,5,693092,147432,147432,4.701096098540344,954880,954880,0,259200,0,baseline,baseline_results_86_92/case_089/q2_n5/case_089_multicore_res.json,baseline_results_86_92/case_089/q2_n5/result.json.gz
case_090,2,1178363,769224,473953,2.4862444166404685,2424960,2424960,0,505728,0,q1_selected,q2_optimization/case_090/n2/q1_selected/case_090_multicore_res.json,q2_optimization/case_090/n2/q1_selected/result.json.gz
case_090,3,1178363,657430,356824,3.302364751249916,4389120,4389120,0,516864,0,q1_selected,q2_optimization/case_090/n3/q1_selected/case_090_multicore_res.json,q2_optimization/case_090/n3/q1_selected/result.json.gz
case_090,4,1178363,608275,304033,3.875773353550437,6744960,6744960,0,499200,0,q1_selected,q2_optimization/case_090/n4/q1_selected/case_090_multicore_res.json,q2_optimization/case_090/n4/q1_selected/result.json.gz
case_090,5,1178363,542638,287918,4.092703478073618,8893440,8893440,0,498816,0,q1_selected,q2_optimization/case_090/n5/q1_selected/case_090_multicore_res.json,q2_optimization/case_090/n5/q1_selected/result.json.gz
case_091,2,9186769,4590046,4590046,2.0014546695174733,57827296,6478336,51348960,523776,4100,baseline,baseline_results_86_92/case_091/q2_n2/case_091_multicore_res.json,baseline_results_86_92/case_091/q2_n2/result.json.gz
case_091,3,9186769,3070809,3070809,2.9916445470884057,63099200,12956672,50142528,523776,4100,baseline,baseline_results_86_92/case_091/q2_n3/case_091_multicore_res.json,baseline_results_86_92/case_091/q2_n3/result.json.gz
case_091,4,9186769,2315529,2315529,3.967460135459327,67391136,19435008,47956128,523776,4100,baseline,baseline_results_86_92/case_091/q2_n4/case_091_multicore_res.json,baseline_results_86_92/case_091/q2_n4/result.json.gz
case_091,5,9186769,1874503,1874503,4.900909200998878,71279104,25913344,45365760,523776,4100,baseline,baseline_results_86_92/case_091/q2_n5/case_091_multicore_res.json,baseline_results_86_92/case_091/q2_n5/result.json.gz
case_092,2,4815554,2828252,2022314,2.381209841795092,7950944,930400,7020544,523776,0,q1_selected,q2_optimization/case_092/n2/q1_selected/case_092_multicore_res.json,q2_optimization/case_092/n2/q1_selected/result.json.gz
case_092,3,4815554,2231804,1354532,3.555142292688545,7050432,1860800,5189632,523776,0,q1_selected,q2_optimization/case_092/n3/q1_selected/case_092_multicore_res.json,q2_optimization/case_092/n3/q1_selected/result.json.gz
case_092,4,4815554,1927728,1024174,4.701890499075352,6657824,2791200,3866624,523776,0,q1_selected,q2_optimization/case_092/n4/q1_selected/case_092_multicore_res.json,q2_optimization/case_092/n4/q1_selected/result.json.gz
case_092,5,4815554,1649430,828993,5.808919978817674,6695296,3721600,2973696,523264,0,q1_selected,q2_optimization/case_092/n5/q1_selected/case_092_multicore_res.json,q2_optimization/case_092/n5/q1_selected/result.json.gz
case_093,2,74205,37827,37827,1.9616940280751844,8192,8192,0,20480,0,baseline,baseline_results_93_100/case_093/q2_n2/case_093_multicore_res.json,baseline_results_93_100/case_093/q2_n2/result.json.gz
case_093,3,74205,25103,25103,2.956021192686133,16384,16384,0,20480,0,baseline,baseline_results_93_100/case_093/q2_n3/case_093_multicore_res.json,baseline_results_93_100/case_093/q2_n3/result.json.gz
case_093,4,74205,19779,19779,3.751706355225239,24576,24576,0,20480,0,baseline,baseline_results_93_100/case_093/q2_n4/case_093_multicore_res.json,baseline_results_93_100/case_093/q2_n4/result.json.gz
case_093,5,74205,15876,15876,4.674036281179139,32768,32768,0,20480,0,baseline,baseline_results_93_100/case_093/q2_n5/case_093_multicore_res.json,baseline_results_93_100/case_093/q2_n5/result.json.gz
case_094,2,94892,53614,53614,1.7699108441824896,106272,106272,0,133632,40960,baseline,baseline_results_93_100/case_094/q2_n2/case_094_multicore_res.json,baseline_results_93_100/case_094/q2_n2/result.json.gz
case_094,3,94892,39889,39889,2.37890145152799,212544,212544,0,129024,40960,baseline,baseline_results_93_100/case_094/q2_n3/case_094_multicore_res.json,baseline_results_93_100/case_094/q2_n3/result.json.gz
case_094,4,94892,30709,30709,3.090038750854798,318816,318816,0,75776,40960,baseline,baseline_results_93_100/case_094/q2_n4/case_094_multicore_res.json,baseline_results_93_100/case_094/q2_n4/result.json.gz
case_094,5,94892,25530,25530,3.716882099490795,259200,259200,0,80640,40960,baseline,baseline_results_93_100/case_094/q2_n5/case_094_multicore_res.json,baseline_results_93_100/case_094/q2_n5/result.json.gz
case_095,2,2084853,1042890,1042890,1.9991111238960964,0,0,0,36864,37056,baseline,baseline_results_93_100/case_095/q2_n2/case_095_multicore_res.json,baseline_results_93_100/case_095/q2_n2/result.json.gz
case_095,3,2084853,695775,695775,2.9964471273040854,0,0,0,36864,37056,baseline,baseline_results_93_100/case_095/q2_n3/case_095_multicore_res.json,baseline_results_93_100/case_095/q2_n3/result.json.gz
case_095,4,2084853,524422,524422,3.9755254356224565,0,0,0,36864,37056,baseline,baseline_results_93_100/case_095/q2_n4/case_095_multicore_res.json,baseline_results_93_100/case_095/q2_n4/result.json.gz
case_095,5,2084853,420852,420852,4.953886401870491,0,0,0,36864,37056,baseline,baseline_results_93_100/case_095/q2_n5/case_095_multicore_res.json,baseline_results_93_100/case_095/q2_n5/result.json.gz
case_096,2,84194,47175,47175,1.7847164811870695,67392,67392,0,72576,20480,baseline,baseline_results_93_100/case_096/q2_n2/case_096_multicore_res.json,baseline_results_93_100/case_096/q2_n2/result.json.gz
case_096,3,84194,33662,33662,2.5011585764363375,67392,67392,0,72576,20480,baseline,baseline_results_93_100/case_096/q2_n3/case_096_multicore_res.json,baseline_results_93_100/case_096/q2_n3/result.json.gz
case_096,4,84194,26984,26984,3.120145271271865,78336,78336,0,72576,20480,baseline,baseline_results_93_100/case_096/q2_n4/case_096_multicore_res.json,baseline_results_93_100/case_096/q2_n4/result.json.gz
case_096,5,84194,27053,25481,3.304187433774185,306820,306820,0,72576,20480,component0_cut26_to1,q2_optimization/component_split/case_096/n5/component0_cut26_to1/case_096_multicore_res.json,q2_optimization/component_split/case_096/n5/component0_cut26_to1/result.json.gz
case_097,2,11491509,5617602,5617602,2.045625339780212,11796480,2555904,9240576,524288,0,baseline,baseline_results_93_100/case_097/q2_n2/case_097_multicore_res.json,baseline_results_93_100/case_097/q2_n2/result.json.gz
case_097,3,11491509,3660459,3660459,3.1393628503966307,16031744,8519680,7512064,524288,0,baseline,baseline_results_93_100/case_097/q2_n3/case_097_multicore_res.json,baseline_results_93_100/case_097/q2_n3/result.json.gz
case_097,4,11491509,2626908,2626908,4.37453805005733,14221312,7667712,6553600,524288,0,baseline,baseline_results_93_100/case_097/q2_n4/case_097_multicore_res.json,baseline_results_93_100/case_097/q2_n4/result.json.gz
case_097,5,11491509,2102348,2102348,5.466035594487687,21311488,17039360,4272128,524288,0,baseline,baseline_results_93_100/case_097/q2_n5/case_097_multicore_res.json,baseline_results_93_100/case_097/q2_n5/result.json.gz
case_098,2,177430,89756,89756,1.9768037791345425,0,0,0,229376,110620,baseline,baseline_results_93_100/case_098/q2_n2/case_098_multicore_res.json,baseline_results_93_100/case_098/q2_n2/result.json.gz
case_098,3,177430,89825,76698,2.3133588881066,1822728,1708036,114692,262144,131072,data_band_w4_k3_trimmed,q2_optimization/transfer_data_band/case_098/n3/data_band_w4_k3_trimmed/case_098_multicore_res.json,q2_optimization/transfer_data_band/case_098/n3/data_band_w4_k3_trimmed/result.json.gz
case_098,4,177430,89894,68466,2.5915052726900942,2124936,2026632,98304,262144,131072,data_band_w4_k4_trimmed,q2_optimization/transfer_data_band/case_098/n4/data_band_w4_k4_trimmed/case_098_multicore_res.json,q2_optimization/transfer_data_band/case_098/n4/data_band_w4_k4_trimmed/result.json.gz
case_098,5,177430,90168,66750,2.65812734082397,2165060,2066756,98304,262144,131072,data_band_w4_k5,q2_optimization/data_band/case_098/n5/data_band_w4_k5/case_098_multicore_res.json,q2_optimization/data_band/case_098/n5/data_band_w4_k5/result.json.gz
case_099,2,1622999,811392,811392,2.0002649767313456,7303168,1904640,5398528,524288,6144,baseline,baseline_results_93_100/case_099/q2_n2/case_099_multicore_res.json,baseline_results_93_100/case_099/q2_n2/result.json.gz
case_099,3,1622999,539533,539533,3.008155200886693,8011776,3809280,4202496,524288,6144,baseline,baseline_results_93_100/case_099/q2_n3/case_099_multicore_res.json,baseline_results_93_100/case_099/q2_n3/result.json.gz
case_099,4,1622999,406807,406807,3.989604407003813,9322496,5713920,3608576,524288,6144,baseline,baseline_results_93_100/case_099/q2_n4/case_099_multicore_res.json,baseline_results_93_100/case_099/q2_n4/result.json.gz
case_099,5,1622999,337221,337221,4.81286456062938,10698752,7618560,3080192,524288,6144,baseline,baseline_results_93_100/case_099/q2_n5/case_099_multicore_res.json,baseline_results_93_100/case_099/q2_n5/result.json.gz
case_100,2,151223,90243,81220,1.861893622260527,71808,71808,0,260480,131072,data_band_w12_k2_trimmed,q2_optimization/transfer_data_band/case_100/n2/data_band_w12_k2_trimmed/case_100_multicore_res.json,q2_optimization/transfer_data_band/case_100/n2/data_band_w12_k2_trimmed/result.json.gz
case_100,3,151223,57811,57811,2.6158170590372074,72192,72192,0,229376,81920,baseline,baseline_results_93_100/case_100/q2_n3/case_100_multicore_res.json,baseline_results_93_100/case_100/q2_n3/result.json.gz
case_100,4,151223,58086,57811,2.6158170590372074,72192,72192,0,229376,81920,q1_selected,q2_optimization/case_100/n4/q1_selected/case_100_multicore_res.json,q2_optimization/case_100/n4/q1_selected/result.json.gz
case_100,5,151223,58085,55955,2.702582432311679,900096,900096,0,229376,81920,component0_cut22_to1,q2_optimization/component_split/case_100/n5/component0_cut22_to1/case_100_multicore_res.json,q2_optimization/component_split/case_100/n5/component0_cut22_to1/result.json.gz
