case,cores,strategy,status,makespan_cycles,added_copy_bytes,scheduled_copy_bytes,subgraphs,wall_seconds,error
case_002,5,first_join,ok,61214,611328,1835520,6,0.403,
case_062,5,first_join,ok,651747,6700032,20101632,6,35.406,
case_063,5,first_join,ok,245593,2509824,7531008,6,4.279,
case_005,5,terminal_branch,ok,78721,372596,706010,6,1.54,
case_048,5,terminal_branch,ok,212734,67852,482642,4,0.516,
case_064,5,terminal_branch,ok,16589,31408,68822,5,0.151,
case_069,5,terminal_branch,ok,11254,267954,394008,6,0.17,
case_071,5,terminal_branch,ok,7854,233394,354840,6,0.118,
case_082,5,terminal_branch,ok,584799,607124,1199130,6,1.53,
case_086,5,terminal_branch,ok,94998,409460,747482,6,2.503,
case_016,5,fork_join,ok,3496783,119555952,119949170,1830,18.267,
case_024,5,fork_join,ok,1157515,39327648,39720866,606,2.778,
case_051,5,fork_join,ok,274556,9045396,9438614,144,0.355,
case_005,5,band_4,ok,91538,3137052,3470466,167,1.359,
case_005,5,band_8,ok,68620,2341952,2675366,82,1.028,
case_005,5,band_16,ok,63202,1463306,1796720,37,1.073,
case_005,5,band_32,ok,81471,712676,1046090,17,1.302,
case_009,5,band_4,ok,110837,2249454,2744786,446,3.299,
case_009,5,band_8,ok,74896,1282612,1777944,210,1.948,
case_009,5,band_16,ok,79574,672150,1167482,87,1.446,
case_009,5,band_32,ok,88808,355744,851076,32,1.332,
case_064,5,band_4,ok,21857,253430,290844,123,0.267,
case_064,5,band_8,ok,16805,170580,207994,56,0.204,
case_064,5,band_16,ok,16758,103684,141098,27,0.167,
case_064,5,band_32,ok,17408,51384,88798,11,0.172,
case_069,5,band_4,ok,27499,760820,886874,56,0.272,
case_069,5,band_8,ok,19881,521166,647220,26,0.25,
case_069,5,band_16,ok,16259,315786,441840,13,0.2,
case_069,5,band_32,ok,21404,93322,219376,6,0.218,
case_016,5,fork_join_k2,ok,4823794,119554128,119947346,915,12.008,
case_016,5,fork_join_k3,ok,3712678,119554736,119947954,1220,14.275,
case_016,5,fork_join_k4,ok,3241338,119555344,119948562,1525,16.179,
case_024,5,fork_join_k2,ok,1596718,39327048,39720266,303,2.105,
case_024,5,fork_join_k3,ok,1228774,39327248,39720466,404,2.373,
case_024,5,fork_join_k4,ok,1072818,39327448,39720666,505,2.493,
case_051,5,fork_join_k2,ok,378655,9045258,9438476,72,0.305,
case_051,5,fork_join_k3,ok,291222,9045304,9438522,96,0.311,
case_051,5,fork_join_k4,ok,254308,9045350,9438568,120,0.328,
case_005,5,valley_stage,ok,49597,1149672,1483086,43,0.65,
case_064,5,valley_stage,ok,29744,219004,256418,64,0.212,
case_069,5,valley_stage,ok,16171,287166,413220,21,0.138,
case_071,5,valley_stage,ok,13823,238010,359456,21,0.111,
case_005,5,terminal_branch_k2,ok,85147,174056,507470,3,1.564,
case_005,5,terminal_branch_k3,ok,80957,230988,564402,4,1.56,
case_005,5,terminal_branch_k4,ok,77916,315664,649078,5,1.506,
case_069,5,terminal_branch_k2,ok,15079,166470,292524,3,0.202,
case_069,5,terminal_branch_k3,ok,11285,218794,344848,4,0.177,
case_069,5,terminal_branch_k4,ok,11326,271118,397172,5,0.174,
case_071,5,terminal_branch_k2,ok,12639,117990,239436,3,0.123,
case_071,5,terminal_branch_k3,ok,10106,193450,314896,4,0.123,
case_071,5,terminal_branch_k4,ok,9190,185678,307124,5,0.126,
case_082,5,terminal_branch_k2,ok,627285,305672,897678,3,1.607,
case_082,5,terminal_branch_k3,ok,595031,406156,998162,4,1.557,
case_082,5,terminal_branch_k4,ok,586113,506640,1098646,5,1.542,
case_086,5,terminal_branch_k2,ok,103573,224840,562862,3,2.448,
case_086,5,terminal_branch_k3,ok,99039,286380,624402,4,2.374,
case_086,5,terminal_branch_k4,ok,95724,347920,685942,5,2.324,
case_047,5,valley_stage,ok,128654,1992086,2456028,121,3.123,
case_048,5,valley_stage,ok,184092,1368614,1783404,152,0.522,
case_056,5,valley_stage,ok,236732,202040,423640,7,7.064,
case_082,5,valley_stage,ok,279088,1868618,2460624,44,0.859,
case_086,5,valley_stage,ok,54792,1272746,1610768,44,1.19,
case_075,5,valley_stage,ok,558103,3996736,5833926,110,1.405,
case_085,5,valley_stage,ok,1065695,6887618,8577352,110,5.699,
case_005,5,valley_stage_k2,ok,69138,790202,1123616,20,0.817,
case_005,5,valley_stage_k3,ok,57164,1004778,1338192,28,0.713,
case_005,5,valley_stage_k4,ok,51160,1178072,1511486,36,0.642,
case_047,5,valley_stage_k2,ok,210459,1045330,1509272,55,4.141,
case_047,5,valley_stage_k3,ok,164518,1477182,1941124,77,4.123,
case_047,5,valley_stage_k4,ok,143223,1386666,1850608,99,3.934,
case_075,5,valley_stage_k2,ok,981904,3025874,4863064,55,2.004,
case_075,5,valley_stage_k3,ok,813972,3828094,5665284,77,2.063,
case_075,5,valley_stage_k4,ok,640083,4495252,6332442,88,2.125,
case_082,5,valley_stage_k2,ok,461414,1300378,1892384,20,1.153,
case_082,5,valley_stage_k3,ok,350624,1719466,2311472,28,0.992,
case_082,5,valley_stage_k4,ok,301898,1917114,2509120,36,1.137,
case_085,5,valley_stage_k2,ok,1994323,5239754,6929488,50,7.925,
case_085,5,valley_stage_k3,ok,1506414,6449778,8139512,70,6.575,
case_085,5,valley_stage_k4,ok,1197424,7420314,9110048,90,6.046,
case_086,5,valley_stage_k2,ok,81322,973754,1311776,20,1.233,
case_086,5,valley_stage_k3,ok,67893,1188426,1526448,28,1.038,
case_086,5,valley_stage_k4,ok,58545,1285594,1623616,36,1.164,
case_005,5,valley_split,ok,46927,1599626,1933040,60,0.721,
case_047,5,valley_split,ok,125168,2352214,2816156,165,3.79,
case_075,5,valley_split,ok,406613,6383958,8221148,165,2.624,
case_082,5,valley_split,ok,210172,2741962,3333968,60,1.035,
case_085,5,valley_split,ok,817447,9757250,11446984,150,7.2,
case_086,5,valley_split,ok,54235,1845290,2183312,60,1.647,
case_011,5,valley_split,ok,87817,4505600,5111808,10,0.259,
case_027,5,valley_split,ok,608523,17694720,19734528,10,0.413,
case_028,5,valley_split,ok,10291425,236587968,242496576,45,34.083,
case_029,5,valley_split,ok,26399,911996,1342160,20,0.36,
case_039,5,valley_split,ok,432927,20942848,25432064,10,11.164,
case_048,5,valley_split,ok,154311,1431450,1846240,247,0.861,
case_052,5,valley_split,ok,43555,443480,1253684,14,0.357,
case_054,5,valley_split,ok,541791,338516,1944792,9,39.119,
case_056,5,valley_split,ok,234443,202104,423704,11,8.568,
case_064,5,valley_split,ok,26680,230898,268312,98,0.338,
case_069,5,valley_split,ok,15739,437984,564038,29,0.236,
case_071,5,valley_split,ok,13703,365982,487428,29,0.19,
case_078,5,valley_split,ok,665269,13626072,15971160,45,0.357,
case_080,5,valley_split,ok,113730,4743168,6721536,10,0.618,
case_088,5,valley_split,ok,189764,520348,2350146,8,1.369,
case_090,5,valley_split,ok,493779,19107648,21336000,45,0.524,
case_003,5,band_8,ok,300082,5826926,7111190,175,4.251,
case_003,5,band_16,ok,274616,4575698,5859962,80,5.07,
case_003,5,band_32,ok,363102,2812690,4096954,35,5.746,
case_035,5,band_8,ok,95494,2207924,2618778,160,1.494,
case_035,5,band_16,ok,91371,1143216,1554070,69,1.365,
case_035,5,band_32,ok,95523,462810,873664,28,1.294,
case_044,5,band_8,ok,94167,4222848,5198304,80,0.407,
case_044,5,band_16,ok,91980,3955328,4930784,40,0.297,
case_044,5,band_32,ok,98151,4309632,5285088,20,0.325,
case_049,5,band_8,ok,112634,2310466,2463006,110,1.508,
case_049,5,band_16,ok,114690,1332844,1485384,49,1.384,
case_049,5,band_32,ok,142866,563436,715976,20,1.358,
case_050,5,band_8,ok,76295,2008588,2327964,110,1.591,
case_050,5,band_16,ok,72963,990196,1309572,48,1.472,
case_050,5,band_32,ok,89651,408500,727876,22,1.396,
case_066,5,band_8,ok,149608,3069250,4176284,92,2.286,
case_066,5,band_16,ok,160338,2140090,3247124,46,2.183,
case_066,5,band_32,ok,220127,1083324,2190358,21,3.081,
case_068,5,band_8,ok,201561,3672808,6444058,136,2.607,
case_068,5,band_16,ok,171087,2497414,5268664,62,1.887,
case_068,5,band_32,ok,230376,1308592,4079842,26,1.856,
case_098,5,band_8,ok,92545,2462904,3160898,26,0.357,
case_098,5,band_16,ok,88231,1167472,1865466,14,0.391,
case_098,5,band_32,ok,88756,262216,960210,8,0.433,
case_003,5,valley_mode,ok,186476,4572928,5857192,90,2.86,
case_035,5,valley_mode,ok,102967,1624558,2035412,210,1.894,
case_049,5,valley_mode,ok,114380,1683518,1836058,74,1.493,
case_050,5,valley_mode,ok,64624,1515782,1835158,105,1.874,
case_066,5,valley_mode,ok,120969,2342666,3449700,60,1.928,
case_068,5,valley_mode,ok,148067,3419686,6190936,84,1.857,
case_098,5,valley_mode,ok,89844,1913070,2611064,29,0.367,
case_005,5,valley_split_aff025,ok,45346,1597130,1930544,60,0.791,
case_005,5,valley_split_aff100,ok,46447,1541546,1874960,60,0.825,
case_047,5,valley_split_aff025,ok,124239,2347286,2811228,165,3.516,
case_047,5,valley_split_aff100,ok,124493,2339030,2802972,165,3.827,
case_075,5,valley_split_aff025,ok,405703,6376534,8213724,165,2.494,
case_075,5,valley_split_aff100,ok,405703,6376534,8213724,165,2.481,
case_082,5,valley_split_aff025,ok,208631,2740294,3332300,60,0.954,
case_082,5,valley_split_aff100,ok,208384,2739270,3331276,60,0.943,
case_085,5,valley_split_aff025,ok,816229,9750338,11440072,150,6.341,
case_085,5,valley_split_aff100,ok,815646,9748802,11438536,150,6.483,
case_086,5,valley_split_aff025,ok,52926,1842794,2180816,60,1.564,
case_086,5,valley_split_aff100,ok,52775,1805738,2143760,60,1.615,
case_064,5,mask_global,ok,16624,31440,68854,6,0.141,
case_064,5,mask_band_32,ok,18519,72384,109798,22,0.135,
case_064,5,mask_band_64,ok,15063,50908,88322,18,0.14,
case_056,5,mask_global,ok,240319,337404,559004,42,7.875,
case_056,5,mask_band_32,ok,221421,1554952,1776552,86,2.896,
case_056,5,mask_band_64,ok,273061,984820,1206420,68,3.538,
case_088,5,mask_global,ok,185195,594064,2423862,36,1.59,
case_088,5,mask_band_32,ok,133601,1464278,3294076,57,1.015,
case_088,5,mask_band_64,ok,178339,764770,2594568,48,1.042,
case_048,5,mask_global,ok,212872,67916,482706,5,0.726,
case_048,5,mask_band_32,ok,189406,433958,848748,31,0.424,
case_048,5,mask_band_64,ok,210655,200234,615024,19,0.356,
case_054,5,mask_global,ok,553044,1486624,3092900,34,40.038,
case_054,5,mask_band_32,ok,398986,3735460,5341736,87,8.106,
case_054,5,mask_band_64,ok,492205,2695612,4301888,60,12.156,
case_044,5,mask_global,ok,175986,9304000,10279456,11,0.363,
case_044,5,mask_band_32,ok,177806,9439168,10414624,44,0.327,
case_044,5,mask_band_64,ok,175130,9394112,10369568,22,0.301,
case_049,5,mask_global,ok,148703,187744,340284,20,2.541,
case_049,5,mask_band_32,ok,128977,708256,860796,52,1.372,
case_049,5,mask_band_64,ok,138887,499186,651726,38,1.549,
case_035,5,mask_global,ok,105486,260624,671478,91,2.171,
case_035,5,mask_band_32,ok,106634,687108,1097962,117,1.35,
case_035,5,mask_band_64,ok,94065,363724,774578,108,1.315,
case_009,5,mask_global,ok,105135,512604,1007936,85,5.026,
case_009,5,mask_band_32,ok,94055,767566,1262898,118,1.905,
case_009,5,mask_band_64,ok,101251,617460,1112792,100,2.222,
case_046,5,baseline_k2,ok,166578,3521632,4583104,2,0.176,
case_046,5,baseline_k3,ok,142176,4021280,5082752,3,0.167,
case_046,5,baseline_k4,ok,124612,4513952,5575424,4,0.153,
case_026,5,baseline_k2,ok,58112,288,529142,2,0.117,
case_026,5,baseline_k3,ok,41655,95664,624518,3,0.12,
case_026,5,baseline_k4,ok,42226,170832,699686,4,0.118,
case_040,5,baseline_k2,ok,144027,12288,923526,2,1.44,
case_040,5,baseline_k3,ok,110105,0,911238,3,1.882,
case_040,5,baseline_k4,ok,110202,53760,964998,4,2.08,
case_083,5,baseline_k2,ok,644672,14241216,15679520,2,3.011,
case_083,5,baseline_k3,ok,512623,14842752,16281056,3,2.151,
case_083,5,baseline_k4,ok,450029,14977600,16415904,4,1.516,
case_043,5,baseline_k2,ok,353177,385024,1816146,2,19.404,
case_043,5,baseline_k3,ok,268777,279560,1710682,3,18.402,
case_043,5,baseline_k4,ok,269194,648200,2079322,4,16.513,
case_080,5,baseline_k2,ok,145926,2191360,4169728,2,0.654,
case_080,5,baseline_k3,ok,100325,3047424,5025792,3,0.423,
case_080,5,baseline_k4,ok,111314,4190208,6168576,4,0.423,
case_100,5,baseline_k2,ok,90243,12288,466886,2,0.537,
case_100,5,baseline_k3,ok,57811,72192,526790,3,0.579,
case_100,5,baseline_k4,ok,58086,144384,598982,4,0.602,
case_006,5,baseline_k2,ok,46100,29576,572924,2,0.269,
case_006,5,baseline_k3,ok,31153,30080,573428,3,0.215,
case_006,5,baseline_k4,ok,31428,33536,576884,4,0.274,
case_010,5,baseline_k2,ok,45272,48384,432534,2,0.207,
case_010,5,baseline_k3,ok,30856,48384,432534,3,0.199,
case_010,5,baseline_k4,ok,29856,96768,480918,4,0.224,
case_073,5,baseline_k2,ok,5980423,141121024,145162112,2,5.908,
case_073,5,baseline_k3,ok,4515227,140671616,144712704,3,3.957,
case_073,5,baseline_k4,ok,3903787,140222208,144263296,4,3.169,
case_092,5,baseline_k2,ok,2828252,66389088,69646016,2,63.652,
case_044,5,band_2,ok,112127,5084544,6060000,310,0.531,
case_044,5,band_6,ok,96403,4327040,5302496,105,0.291,
case_044,5,band_12,ok,91881,4022912,4998368,55,0.216,
case_044,5,band_24,ok,116068,5262720,6238176,30,0.202,
case_044,5,band_48,ok,119504,5596544,6572000,15,0.2,
case_044,5,band_64,ok,99621,4301440,5276896,10,0.224,
case_044,5,mask_stage_16,ok,185264,9537728,10513184,88,0.281,
case_044,5,mask_stage_32,ok,181046,9439168,10414624,44,0.223,
case_044,5,mask_stage_64,ok,179578,9394112,10369568,22,0.21,
case_054,5,band_2,ok,404629,15138806,16745082,885,18.53,
case_054,5,band_6,ok,322725,7188178,8794454,279,9.382,
case_054,5,band_12,ok,314577,5688200,7294476,130,5.523,
case_054,5,band_24,ok,373277,4420372,6026648,51,4.987,
case_054,5,band_48,ok,522176,694440,2300716,16,5.867,
case_054,5,band_64,ok,487847,1668454,3274730,14,9.027,
case_054,5,mask_stage_16,ok,297141,6079882,7686158,159,5.446,
case_054,5,mask_stage_32,ok,366681,3973380,5579656,101,5.71,
case_054,5,mask_stage_64,ok,478146,2723280,4329556,70,10.819,
case_056,5,band_2,ok,226186,7745532,7967132,749,7.37,
case_056,5,band_6,ok,154633,4026980,4248580,238,3.857,
case_056,5,band_12,ok,136379,2818592,3040192,113,2.615,
case_056,5,band_24,ok,167154,2102234,2323834,45,2.351,
case_056,5,band_48,ok,255488,281374,502974,15,2.811,
case_056,5,band_64,ok,239144,724202,945802,13,3.596,
case_056,5,mask_stage_16,ok,146045,2947460,3169060,146,2.944,
case_056,5,mask_stage_32,ok,190414,1611862,1833462,93,2.723,
case_056,5,mask_stage_64,ok,233581,984820,1206420,68,3.322,
case_064,5,band_2,ok,35916,387616,425030,264,0.534,
case_064,5,band_6,ok,17164,194138,231552,76,0.277,
case_064,5,band_12,ok,15718,138860,176274,39,0.186,
case_064,5,band_24,ok,17399,72444,109858,19,0.233,
case_064,5,band_48,ok,17158,39700,77114,10,0.23,
case_064,5,band_64,ok,19221,12232,49646,6,0.178,
case_064,5,mask_stage_16,ok,15365,119570,156984,39,0.245,
case_064,5,mask_stage_32,ok,16725,72386,109800,23,0.226,
case_064,5,mask_stage_64,ok,15028,50908,88322,18,0.24,
case_088,5,band_2,ok,192881,5727180,7556978,392,2.457,
case_088,5,band_6,ok,140429,3185910,5015708,128,1.355,
case_088,5,band_12,ok,125505,2226416,4056214,59,1.034,
case_088,5,band_24,ok,136412,1469586,3299384,28,0.965,
case_088,5,band_48,ok,181874,662650,2492448,11,0.881,
case_088,5,band_64,ok,199495,354642,2184440,7,1.004,
case_088,5,mask_stage_16,ok,107271,2159584,3989382,99,0.997,
case_088,5,mask_stage_32,ok,119990,1533600,3363398,61,0.797,
case_088,5,mask_stage_64,ok,169993,801830,2631628,50,0.988,
case_048,5,band_2,ok,186298,2557498,2972288,625,1.528,
case_048,5,band_6,ok,159621,1298734,1713524,177,0.792,
case_048,5,band_12,ok,159665,877650,1292440,82,0.632,
case_048,5,band_24,ok,186311,456882,871672,34,0.429,
case_048,5,band_48,ok,220273,162084,576874,12,0.396,
case_048,5,band_64,ok,223387,119964,534754,10,0.392,
case_048,5,mask_stage_16,ok,155874,774346,1189136,69,0.535,
case_048,5,mask_stage_32,ok,180755,438570,853360,33,0.447,
case_048,5,mask_stage_64,ok,207160,200234,615024,19,0.386,
case_049,5,band_2,ok,164200,5445562,5598102,460,3.413,
case_049,5,band_6,ok,113961,2654370,2806910,151,1.664,
case_049,5,band_12,ok,103849,1800846,1953386,73,1.445,
case_049,5,band_24,ok,142854,530368,682908,29,1.271,
case_049,5,band_48,ok,159756,119312,271852,9,1.337,
case_049,5,band_64,ok,162576,305164,457704,8,1.641,
case_049,5,mask_stage_16,ok,94098,1500678,1653218,93,1.43,
case_049,5,mask_stage_32,ok,117371,738058,890598,57,1.366,
case_049,5,mask_stage_64,ok,131343,505398,657938,40,1.584,
case_035,5,band_2,ok,187036,5250374,5661228,720,3.608,
case_035,5,band_6,ok,101365,2376672,2787526,217,1.761,
case_035,5,band_12,ok,92320,1499360,1910214,99,1.287,
case_035,5,band_24,ok,99874,649942,1060796,37,1.21,
case_035,5,band_48,ok,110569,179032,589886,11,1.09,
case_035,5,band_64,ok,102101,96340,507194,13,1.267,
case_035,5,mask_stage_16,ok,98652,1378880,1789734,190,1.324,
case_035,5,mask_stage_32,ok,94318,717972,1128826,125,1.202,
case_035,5,mask_stage_64,ok,89140,381684,792538,110,1.33,
case_054,5,band_12_heft,ok,316964,5688200,7294476,130,5.032,
case_054,5,band_16_heft,ok,315324,4955606,6561882,95,6.667,
case_054,5,mask_stage_16_heft,ok,306569,6079882,7686158,159,7.012,
case_054,5,valley_mode_heft,ok,210498,2858836,4465112,105,5.656,
case_056,5,band_12_heft,ok,136458,2818592,3040192,113,2.328,
case_056,5,band_16_heft,ok,157120,2674354,2895954,75,2.533,
case_056,5,mask_stage_16_heft,ok,153274,2947460,3169060,146,2.883,
case_056,5,valley_mode_heft,ok,132489,4364564,4586164,180,3.117,
case_088,5,band_12_heft,ok,124231,2226416,4056214,59,1.019,
case_088,5,band_16_heft,ok,116749,1955272,3785070,41,0.997,
case_088,5,mask_stage_16_heft,ok,115164,2159584,3989382,99,1.065,
case_088,5,valley_mode_heft,ok,98648,2205234,4035032,56,1.0,
case_049,5,band_12_heft,ok,99332,1800846,1953386,73,1.341,
case_049,5,band_16_heft,ok,111645,1332844,1485384,49,1.193,
case_049,5,mask_stage_16_heft,ok,97313,1500678,1653218,93,1.327,
case_049,5,valley_mode_heft,ok,112942,1683518,1836058,74,1.501,
case_035,5,band_12_heft,ok,86053,1499360,1910214,99,1.371,
case_035,5,band_16_heft,ok,83069,1143216,1554070,69,1.269,
case_035,5,mask_stage_16_heft,ok,78584,1378880,1789734,190,1.394,
case_035,5,valley_mode_heft,ok,94033,1624558,2035412,210,1.722,
case_044,5,band_12_heft,ok,91881,4022912,4998368,55,0.315,
case_044,5,band_16_heft,ok,91980,3955328,4930784,40,0.309,
case_044,5,mask_stage_16_heft,ok,180931,9537728,10513184,88,0.427,
case_048,5,band_12_heft,ok,152398,877650,1292440,82,0.522,
case_048,5,band_16_heft,ok,156474,721734,1136524,60,0.451,
case_048,5,mask_stage_16_heft,ok,150122,774346,1189136,69,0.463,
case_048,5,valley_mode_heft,ok,139588,1431450,1846240,247,0.78,
case_003,5,valley_mode_heft,ok,183359,4572928,5857192,90,2.881,
case_005,5,valley_mode_heft,ok,44463,1599626,1933040,60,1.027,
case_006,5,valley_mode_heft,ok,31733,63616,606964,5,0.197,
case_009,5,valley_mode_heft,ok,89087,1311512,1806844,225,2.256,
case_010,5,valley_mode_heft,ok,31015,145152,529302,5,0.174,
case_011,5,valley_mode_heft,ok,87817,4505600,5111808,10,0.328,
case_012,5,valley_mode_heft,ok,23309,608364,1163262,30,0.416,
case_015,5,valley_mode_heft,ok,43437,321536,1206150,5,0.304,
case_019,5,valley_mode_heft,ok,24169,73728,260712,5,0.117,
case_026,5,valley_mode_heft,ok,44114,211680,740534,5,0.132,
case_029,5,valley_mode_heft,ok,25488,911996,1342160,20,0.28,
case_032,5,valley_mode_heft,ok,10415,12360,305448,5,0.171,
case_039,5,valley_mode_heft,ok,534622,24190976,28680192,10,4.948,
case_040,5,valley_mode_heft,ok,95187,1671662,2582900,135,1.302,
case_043,5,valley_mode_heft,ok,242620,6146380,7577502,89,4.404,
case_047,5,valley_mode_heft,ok,123456,2352214,2816156,165,4.093,
case_050,5,valley_mode_heft,ok,63507,1515782,1835158,105,1.629,
case_052,5,valley_mode_heft,ok,51596,1382560,2192764,15,0.406,
case_053,5,valley_mode_heft,ok,581766,9504784,12500072,45,8.141,
case_057,5,valley_mode_heft,ok,16538,27936,370396,5,0.581,
case_061,5,valley_mode_heft,ok,23831,180576,724764,12,0.993,
case_064,5,valley_mode_heft,ok,26754,230898,268312,98,0.823,
case_066,5,valley_mode_heft,ok,115971,2342666,3449700,60,4.586,
case_068,5,valley_mode_heft,ok,142535,3419686,6190936,84,1.756,
case_069,5,valley_mode_heft,ok,15837,437984,564038,29,0.221,
case_071,5,valley_mode_heft,ok,13677,365982,487428,29,0.157,
case_075,5,valley_mode_heft,ok,398393,6383958,8221148,165,2.275,
case_077,5,valley_mode_heft,ok,149314,1385906,3527266,43,1.717,
case_078,5,valley_mode_heft,ok,658093,13626072,15971160,45,0.348,
case_080,5,valley_mode_heft,ok,188209,9142272,11120640,10,0.618,
case_082,5,valley_mode_heft,ok,209633,2741962,3333968,60,0.934,
case_085,5,valley_mode_heft,ok,803219,9757250,11446984,150,7.207,
case_086,5,valley_mode_heft,ok,53291,1845290,2183312,60,1.366,
case_090,5,valley_mode_heft,ok,490208,19107648,21336000,45,0.606,
case_094,5,valley_mode_heft,ok,36967,1062020,1588712,25,0.217,
case_096,5,valley_mode_heft,ok,27053,134784,354342,5,0.335,
case_098,5,valley_mode_heft,ok,87242,1913070,2611064,29,0.387,
case_100,5,valley_mode_heft,ok,58085,211968,666566,5,0.516,
case_003,5,band_6,ok,292030,7097458,8381722,243,4.918,
case_003,5,band_12,ok,274196,5169204,6453468,114,5.136,
case_003,5,band_24,ok,347406,3328758,4613022,45,4.878,
case_003,5,mask_stage_16,ok,257148,5602812,6887076,129,5.292,
case_003,5,mask_band_32,ok,358661,3514776,4799040,61,5.329,
case_005,5,band_6,ok,73558,2485962,2819376,107,1.651,
case_005,5,band_12,ok,69467,1859722,2193136,52,1.232,
case_005,5,band_24,ok,74595,909834,1243248,22,1.265,
case_005,5,mask_stage_16,ok,58473,1723700,2057114,68,1.136,
case_005,5,mask_band_32,ok,71503,942802,1276216,35,1.227,
case_006,5,band_6,ok,34050,1127144,1670492,16,0.259,
case_006,5,band_12,ok,32394,639104,1182452,10,0.205,
case_006,5,mask_stage_16,ok,44778,358664,902012,50,0.174,
case_006,5,mask_band_32,ok,44675,358636,901984,48,0.154,
case_009,5,band_6,ok,83564,1648366,2143698,293,2.781,
case_009,5,band_12,ok,76701,1011164,1506496,135,1.99,
case_009,5,band_24,ok,87784,448508,943840,52,1.597,
case_009,5,mask_stage_16,ok,80790,1086056,1581388,194,1.872,
case_010,5,band_6,ok,36791,1123656,1507806,24,0.18,
case_010,5,band_12,ok,34185,611184,995334,14,0.172,
case_010,5,band_24,ok,33113,155136,539286,7,0.168,
case_010,5,mask_stage_16,ok,43184,383752,767902,45,0.143,
case_010,5,mask_band_32,ok,39784,370176,754326,40,0.132,
case_011,5,band_6,ok,79456,4014080,4620288,20,0.364,
case_011,5,band_12,ok,56316,2494464,3100672,10,0.306,
case_011,5,mask_stage_16,ok,53500,2539520,3145728,66,0.372,
case_011,5,mask_band_32,ok,49484,1622016,2228224,16,0.24,
case_012,5,band_6,ok,23867,489364,1044262,16,0.405,
case_012,5,band_12,ok,16074,205556,760454,10,0.341,
case_012,5,mask_stage_16,ok,21634,314604,869502,98,0.325,
case_012,5,mask_band_32,ok,20651,314580,869478,92,0.313,
case_015,5,band_6,ok,59070,1888714,2773328,18,0.328,
case_015,5,band_12,ok,53817,1106520,1991134,11,0.351,
case_015,5,band_24,ok,43437,321544,1206158,6,0.363,
case_015,5,mask_stage_16,ok,63174,1655484,2540098,83,0.295,
case_015,5,mask_band_32,ok,63043,1475232,2359846,76,0.289,
case_016,5,band_6,ok,6635851,198974224,199367442,611,11.82,
case_016,5,band_12,ok,7833392,79434932,79828150,204,6.07,
case_016,5,band_24,ok,7781072,39715220,40108438,102,4.392,
case_016,5,mask_stage_16,ok,7814171,59769440,60162658,153,4.233,
case_016,5,mask_band_32,ok,7833247,29884720,30277938,77,3.534,
case_019,5,band_6,ok,32125,733840,920824,35,0.154,
case_019,5,band_12,ok,26589,234076,421060,18,0.124,
case_019,5,band_24,ok,27629,133192,320176,11,0.121,
case_019,5,mask_stage_16,ok,30958,386184,573168,47,0.108,
case_019,5,mask_band_32,ok,27284,274564,461548,35,0.105,
case_024,5,band_6,ok,2193071,65276160,65669378,203,1.68,
case_024,5,band_12,ok,2593924,25954020,26347238,68,1.187,
case_024,5,band_24,ok,2576760,12976260,13369478,34,0.876,
case_024,5,mask_stage_16,ok,2587793,19661000,20054218,51,0.905,
case_024,5,mask_band_32,ok,2594068,9830500,10223718,26,0.872,
case_026,5,band_6,ok,55032,1952064,2480918,25,0.145,
case_026,5,band_12,ok,48197,681668,1210522,15,0.13,
case_026,5,band_24,ok,45283,363664,892518,8,0.129,
case_026,5,mask_stage_16,ok,52908,768564,1297418,41,0.116,
case_026,5,mask_band_32,ok,47582,225192,754046,34,0.109,
case_029,5,band_6,ok,14705,344148,774312,10,0.164,
case_029,5,mask_stage_16,ok,19495,430500,860664,105,0.206,
case_029,5,mask_band_32,ok,19495,430500,860664,105,0.203,
case_032,5,band_6,ok,21239,682600,975688,17,0.198,
case_032,5,band_12,ok,14802,411812,704900,11,0.165,
case_032,5,band_24,ok,10654,86088,379176,6,0.176,
case_032,5,mask_stage_16,ok,16036,305576,598664,83,0.193,
case_032,5,mask_band_32,ok,14735,268624,561712,65,0.182,
case_039,5,band_6,ok,432927,20942848,25432064,10,8.41,
case_039,5,mask_stage_16,ok,562938,28483584,32972800,70,1.467,
case_039,5,mask_band_32,ok,562938,28483584,32972800,70,1.466,
case_040,5,band_6,ok,119801,2814670,3725908,183,0.898,
case_040,5,band_12,ok,150321,2060412,2971650,85,0.703,
case_040,5,band_24,ok,164403,993606,1904844,35,0.597,
case_040,5,mask_stage_16,ok,152212,2434244,3345482,110,0.709,
case_040,5,mask_band_32,ok,108955,1058440,1969678,63,0.717,
case_043,5,band_6,ok,277721,9372278,10803400,167,3.728,
case_043,5,band_12,ok,258285,6644382,8075504,82,3.201,
case_043,5,band_24,ok,253147,4260082,5691204,35,3.188,
case_043,5,mask_stage_16,ok,207866,7002472,8433594,244,3.571,
case_043,5,mask_band_32,ok,209011,5139184,6570306,137,3.44,
case_046,5,band_6,ok,132620,5482880,6544352,105,0.24,
case_046,5,band_12,ok,120642,4598144,5659616,55,0.174,
case_046,5,band_24,ok,126393,5007744,6069216,30,0.156,
case_046,5,mask_stage_16,ok,163248,7192736,8254208,64,0.201,
case_046,5,mask_band_32,ok,148300,6906016,7967488,32,0.189,
case_047,5,band_6,ok,177066,3822552,4286494,357,5.6,
case_047,5,band_12,ok,176941,2773720,3237662,163,4.244,
case_047,5,band_24,ok,233459,1512446,1976388,68,3.42,
case_047,5,mask_stage_16,ok,174774,2357804,2821746,143,3.747,
case_047,5,mask_band_32,ok,276693,1102814,1566756,48,3.441,
case_050,5,band_6,ok,82198,2366124,2685500,151,1.266,
case_050,5,band_12,ok,70886,1451272,1770648,72,1.039,
case_050,5,band_24,ok,90155,512094,831470,28,0.991,
case_050,5,mask_stage_16,ok,64918,1364938,1684314,124,1.119,
case_050,5,mask_band_32,ok,80963,764868,1084244,79,1.054,
case_051,5,band_6,ok,521678,15335960,15729178,48,0.263,
case_051,5,band_12,ok,616307,5898652,6291870,16,0.199,
case_051,5,band_24,ok,612171,2752540,3145758,8,0.17,
case_051,5,mask_stage_16,ok,614767,4325420,4718638,12,0.173,
case_051,5,mask_band_32,ok,615373,1966100,2359318,6,0.182,
case_052,5,band_6,ok,45093,963284,1773488,15,0.291,
case_052,5,band_12,ok,47769,562196,1372400,10,0.311,
case_052,5,mask_stage_16,ok,48416,1124544,1934748,92,0.265,
case_052,5,mask_band_32,ok,48415,1124528,1934732,88,0.242,
case_053,5,band_6,ok,444286,13058006,16053294,201,4.346,
case_053,5,band_12,ok,442938,9668230,12663518,93,3.749,
case_053,5,band_24,ok,475014,8402768,11398056,43,4.05,
case_053,5,mask_stage_16,ok,472715,16385344,19380632,231,4.146,
case_053,5,mask_band_32,ok,506928,14117254,17112542,116,3.868,
case_057,5,band_6,ok,34080,1078832,1421292,29,0.196,
case_057,5,band_12,ok,21825,590624,933084,17,0.154,
case_057,5,band_24,ok,22446,21344,363804,9,0.168,
case_057,5,mask_stage_16,ok,25649,631708,974168,90,0.189,
case_057,5,mask_band_32,ok,24159,619376,961836,76,0.193,
case_061,5,band_6,ok,32344,452704,996892,26,0.329,
case_061,5,band_12,ok,23828,271112,815300,14,0.322,
case_061,5,band_24,ok,24629,150276,694464,7,0.331,
case_061,5,mask_stage_16,ok,30867,447268,991456,113,0.29,
case_061,5,mask_band_32,ok,27660,430812,975000,93,0.263,
case_066,5,band_6,ok,192651,3980212,5087246,125,1.838,
case_066,5,band_12,ok,166952,2847014,3954048,62,1.658,
case_066,5,band_24,ok,173438,1803322,2910356,31,1.575,
case_066,5,mask_stage_16,ok,129176,2771130,3878164,153,1.903,
case_066,5,mask_band_32,ok,165813,1947336,3054370,100,1.75,
case_067,5,band_6,ok,15659351,230592000,236640128,105,2.339,
case_067,5,band_12,ok,15664470,214617600,220665728,55,1.94,
case_067,5,band_24,ok,15742541,210109952,216158080,30,2.124,
case_067,5,mask_stage_16,ok,16002415,272580864,278628992,568,3.636,
case_067,5,mask_band_32,ok,14688788,267491584,273539712,284,2.727,
case_068,5,band_6,ok,217489,4442070,7213320,185,1.925,
case_068,5,band_12,ok,194682,3082090,5853340,83,1.48,
case_068,5,band_24,ok,207224,1841558,4612808,34,1.342,
case_068,5,mask_stage_16,ok,178518,3046400,5817650,210,1.531,
case_068,5,mask_band_32,ok,226366,1822048,4593298,135,1.452,
case_069,5,band_6,ok,24092,740340,866394,36,0.248,
case_069,5,band_12,ok,19157,492938,618992,18,0.201,
case_069,5,band_24,ok,17025,287562,413616,8,0.192,
case_069,5,mask_stage_16,ok,14673,493318,619372,34,0.211,
case_069,5,mask_band_32,ok,11931,346298,472352,16,0.154,
case_071,5,band_6,ok,20064,541140,662586,36,0.164,
case_071,5,band_12,ok,15028,373610,495056,18,0.13,
case_071,5,band_24,ok,12512,226698,348144,8,0.124,
case_071,5,mask_stage_16,ok,10768,354112,475558,29,0.151,
case_071,5,mask_band_32,ok,8478,254614,376060,14,0.119,
case_073,5,band_6,ok,3473888,113733632,117774720,105,1.155,
case_073,5,band_12,ok,3436246,111542272,115583360,55,0.882,
case_073,5,band_24,ok,3440830,110923264,114964352,30,0.877,
case_073,5,mask_stage_16,ok,3670363,143078144,147119232,312,1.407,
case_073,5,mask_band_32,ok,3435158,142379264,146420352,156,1.12,
case_075,5,band_6,ok,705177,8423928,10261118,357,2.819,
case_075,5,band_12,ok,748046,6200664,8037854,163,2.072,
case_075,5,band_24,ok,973880,3584574,5421764,68,1.65,
case_075,5,mask_stage_16,ok,712842,5353312,7190502,133,1.878,
case_075,5,mask_band_32,ok,1189288,2456598,4293788,42,1.579,
case_077,5,band_6,ok,158041,2933078,5074438,108,1.263,
case_077,5,band_12,ok,143691,2008812,4150172,52,1.165,
case_077,5,band_24,ok,137902,1027320,3168680,25,1.198,
case_077,5,mask_stage_16,ok,153509,2663608,4804968,152,1.19,
case_077,5,mask_band_32,ok,149992,1842368,3983728,95,1.097,
case_078,5,band_6,ok,598925,11746008,14091096,105,0.267,
case_078,5,band_12,ok,621455,12102792,14447880,55,0.184,
case_078,5,band_24,ok,653653,13002144,15347232,30,0.167,
case_078,5,mask_stage_16,ok,654963,16083840,18428928,72,0.227,
case_078,5,mask_band_32,ok,512732,15629184,17974272,32,0.203,
case_080,5,band_6,ok,113730,4743168,6721536,10,0.462,
case_080,5,mask_stage_16,ok,119170,4952064,6930432,18,0.259,
case_080,5,mask_band_32,ok,119170,4952064,6930432,18,0.258,
case_082,5,band_6,ok,358343,4303756,4895762,107,1.151,
case_082,5,band_12,ok,427269,3338730,3930736,52,1.077,
case_082,5,band_24,ok,488111,1470858,2062864,22,0.979,
case_082,5,mask_stage_16,ok,348967,3134738,3726744,67,0.958,
case_082,5,mask_band_32,ok,484044,1811538,2403544,34,0.898,
case_083,5,band_6,ok,283788,10546560,11984864,105,0.848,
case_083,5,band_12,ok,253714,7118208,8556512,55,0.663,
case_083,5,band_24,ok,351695,11884928,13323232,30,0.659,
case_083,5,mask_stage_16,ok,619716,30546752,31985056,248,1.038,
case_083,5,mask_band_32,ok,580002,29435712,30874016,124,0.882,
case_085,5,band_6,ok,1480979,20887362,22577096,351,9.849,
case_085,5,band_12,ok,1554567,16123514,17813248,166,7.492,
case_085,5,band_24,ok,2044615,11342322,13032056,67,6.678,
case_085,5,mask_stage_16,ok,1588432,15027976,16717710,169,7.431,
case_085,5,mask_band_32,ok,2417426,7896978,9586712,70,7.274,
case_086,5,band_6,ok,88795,2999340,3337362,107,1.603,
case_086,5,band_12,ok,82545,2284202,2622224,52,1.364,
case_086,5,band_24,ok,89911,1032426,1370448,22,1.396,
case_086,5,mask_stage_16,ok,69777,2137270,2475292,73,1.3,
case_086,5,mask_band_32,ok,88504,1226582,1564604,38,1.237,
case_090,5,band_6,ok,318530,9896832,12125184,105,0.428,
case_090,5,band_12,ok,425702,14557440,16785792,55,0.301,
case_090,5,band_24,ok,497089,18176928,20405280,30,0.284,
case_090,5,mask_stage_16,ok,567122,26206080,28434432,117,0.402,
case_090,5,mask_band_32,ok,553043,26021376,28249728,52,0.339,
case_092,5,band_6,ok,1003562,34984320,38241248,105,5.306,
case_092,5,band_12,ok,908533,19280256,22537184,55,4.891,
case_092,5,band_24,ok,1433196,46733696,49990624,30,5.918,
case_092,5,mask_stage_16,ok,2774559,143255264,146512192,1136,12.482,
case_092,5,mask_band_32,ok,2663705,138165984,141422912,568,8.195,
case_094,5,band_6,ok,37554,1064296,1590988,29,0.16,
case_094,5,band_12,ok,31536,590980,1117672,15,0.137,
case_094,5,band_24,ok,27049,418948,945640,10,0.135,
case_094,5,mask_stage_16,ok,32801,958376,1485068,51,0.129,
case_094,5,mask_band_32,ok,30902,688036,1214728,41,0.11,
case_096,5,band_6,ok,42818,1248016,1467574,47,0.276,
case_096,5,band_12,ok,41402,849116,1068674,23,0.256,
case_096,5,band_24,ok,33190,480452,700010,13,0.256,
case_096,5,mask_stage_16,ok,40650,1032528,1252086,73,0.233,
case_096,5,mask_band_32,ok,33572,737612,957170,59,0.225,
case_098,5,band_6,ok,94336,3306148,4004142,33,0.328,
case_098,5,band_12,ok,89060,1155244,1853238,18,0.284,
case_098,5,band_24,ok,88081,385064,1083058,11,0.288,
case_098,5,mask_stage_16,ok,107891,1368288,2066282,69,0.265,
case_098,5,mask_band_32,ok,107528,463032,1161026,53,0.249,
case_100,5,band_6,ok,75754,2398660,2853258,32,0.344,
case_100,5,band_12,ok,63876,1004492,1459090,17,0.32,
case_100,5,band_24,ok,60909,628408,1083006,11,0.365,
case_100,5,mask_stage_16,ok,65251,1483848,1938446,121,0.339,
case_100,5,mask_band_32,ok,65361,619416,1074014,103,0.318,
case_048,5,valley_merge_8,ok,121202,925782,1340572,109,0.397,
case_048,5,valley_merge_12,ok,156754,867702,1282492,100,0.38,
case_048,5,valley_merge_16,ok,117758,746258,1161048,76,0.357,
case_048,5,valley_merge_8_heft,ok,112126,925782,1340572,109,0.401,
case_048,5,valley_merge_12_heft,ok,145611,867702,1282492,100,0.404,
case_048,5,valley_merge_16_heft,ok,115540,746258,1161048,76,0.355,
case_064,5,valley_merge_8,ok,14443,146620,184034,49,0.168,
case_064,5,valley_merge_12,ok,17954,141420,178834,39,0.168,
case_064,5,valley_merge_16,ok,12369,121784,159198,31,0.163,
case_064,5,valley_merge_8_heft,ok,11569,146620,184034,49,0.211,
case_064,5,valley_merge_12_heft,ok,18424,141420,178834,39,0.207,
case_064,5,valley_merge_16_heft,ok,12133,121784,159198,31,0.195,
case_056,5,valley_merge_8,ok,123144,4393364,4614964,150,2.963,
case_056,5,valley_merge_12,ok,97390,2755924,2977524,100,2.38,
case_056,5,valley_merge_16,ok,92205,2455444,2677044,90,2.231,
case_056,5,valley_merge_8_heft,ok,122169,4393364,4614964,150,2.817,
case_056,5,valley_merge_12_heft,ok,88638,2755924,2977524,100,1.937,
case_056,5,valley_merge_16_heft,ok,83275,2455444,2677044,90,1.976,
case_088,5,valley_merge_8,ok,100511,2205234,4035032,56,0.785,
case_088,5,valley_merge_12,ok,100511,2205234,4035032,56,0.915,
case_088,5,valley_merge_16,ok,100511,2205234,4035032,56,0.926,
case_088,5,valley_merge_8_heft,ok,98648,2205234,4035032,56,0.918,
case_088,5,valley_merge_12_heft,ok,98648,2205234,4035032,56,1.038,
case_088,5,valley_merge_16_heft,ok,98648,2205234,4035032,56,0.998,
case_049,5,valley_merge_8,ok,111647,1570238,1722778,64,1.305,
case_049,5,valley_merge_12,ok,97104,906942,1059482,44,1.121,
case_049,5,valley_merge_16,ok,137690,977582,1130122,42,1.231,
case_049,5,valley_merge_8_heft,ok,109483,1570238,1722778,64,1.079,
case_049,5,valley_merge_12_heft,ok,96827,906942,1059482,44,0.948,
case_049,5,valley_merge_16_heft,ok,135634,977582,1130122,42,0.986,
case_035,5,valley_merge_8,ok,69712,965760,1376614,105,1.218,
case_035,5,valley_merge_12,ok,100596,1026590,1437444,101,1.275,
case_035,5,valley_merge_16,ok,66988,664576,1075430,77,1.264,
case_035,5,valley_merge_8_heft,ok,63534,965760,1376614,105,1.229,
case_035,5,valley_merge_12_heft,ok,95405,1026590,1437444,101,1.233,
case_035,5,valley_merge_16_heft,ok,60549,664576,1075430,77,1.202,
case_054,5,valley_merge_8,ok,211058,2858836,4465112,105,4.275,
case_054,5,valley_merge_12,ok,211058,2858836,4465112,105,5.242,
case_054,5,valley_merge_16,ok,211058,2858836,4465112,105,4.822,
case_054,5,valley_merge_8_heft,ok,210498,2858836,4465112,105,5.183,
case_054,5,valley_merge_12_heft,ok,210498,2858836,4465112,105,5.114,
case_054,5,valley_merge_16_heft,ok,210498,2858836,4465112,105,5.406,
case_003,5,valley_merge_8_heft,ok,183359,4572928,5857192,90,2.755,
case_003,5,valley_merge_16_heft,ok,183359,4572928,5857192,90,3.942,
case_005,5,valley_merge_8_heft,ok,43683,1568714,1902128,55,0.987,
case_005,5,valley_merge_16_heft,ok,40563,1469634,1803048,45,1.004,
case_006,5,valley_merge_8_heft,ok,31733,63616,606964,5,0.187,
case_006,5,valley_merge_16_heft,ok,31733,63616,606964,5,0.209,
case_009,5,valley_merge_8_heft,ok,59855,963416,1458748,120,1.879,
case_009,5,valley_merge_16_heft,ok,91364,866592,1361924,113,1.888,
case_010,5,valley_merge_8_heft,ok,31015,145152,529302,5,0.192,
case_010,5,valley_merge_16_heft,ok,31015,145152,529302,5,0.182,
case_012,5,valley_merge_8_heft,ok,20543,466796,1021694,15,0.326,
case_012,5,valley_merge_16_heft,ok,14300,49536,604434,5,0.378,
case_015,5,valley_merge_8_heft,ok,43437,321536,1206150,5,0.399,
case_015,5,valley_merge_16_heft,ok,43437,321536,1206150,5,0.4,
case_019,5,valley_merge_8_heft,ok,24169,73728,260712,5,0.13,
case_019,5,valley_merge_16_heft,ok,24169,73728,260712,5,0.13,
case_026,5,valley_merge_8_heft,ok,44114,211680,740534,5,0.152,
case_026,5,valley_merge_16_heft,ok,44114,211680,740534,5,0.143,
case_032,5,valley_merge_8_heft,ok,10415,12360,305448,5,0.202,
case_032,5,valley_merge_16_heft,ok,10415,12360,305448,5,0.251,
case_040,5,valley_merge_8_heft,ok,95187,1275182,2186420,80,1.194,
case_040,5,valley_merge_16_heft,ok,95187,1088726,1999964,67,1.017,
case_043,5,valley_merge_8_heft,ok,238693,6111180,7542302,79,4.433,
case_043,5,valley_merge_16_heft,ok,223176,5294542,6725664,59,4.54,
case_047,5,valley_merge_8_heft,ok,122147,2337366,2801308,160,4.393,
case_047,5,valley_merge_16_heft,ok,119895,2290708,2754650,150,4.079,
case_050,5,valley_merge_8_heft,ok,57603,1463942,1783318,90,1.675,
case_050,5,valley_merge_16_heft,ok,66996,978678,1298054,53,1.423,
case_052,5,valley_merge_8_heft,ok,51670,328704,1138908,5,0.434,
case_052,5,valley_merge_16_heft,ok,51670,328704,1138908,5,0.403,
case_053,5,valley_merge_8_heft,ok,581766,9504784,12500072,45,6.841,
case_053,5,valley_merge_16_heft,ok,581766,9504784,12500072,45,6.631,
case_057,5,valley_merge_8_heft,ok,16538,27936,370396,5,0.295,
case_057,5,valley_merge_16_heft,ok,16538,27936,370396,5,0.236,
case_061,5,valley_merge_8_heft,ok,23831,180576,724764,12,0.373,
case_061,5,valley_merge_16_heft,ok,23831,180576,724764,12,0.371,
case_066,5,valley_merge_8_heft,ok,114032,2336330,3443364,55,2.273,
case_066,5,valley_merge_16_heft,ok,109138,2170250,3277284,45,2.078,
case_068,5,valley_merge_8_heft,ok,142535,3419686,6190936,84,1.733,
case_068,5,valley_merge_16_heft,ok,141173,3389478,6160728,79,1.775,
case_069,5,valley_merge_8_heft,ok,14312,412258,538312,25,0.231,
case_069,5,valley_merge_16_heft,ok,11645,296758,422812,14,0.211,
case_071,5,valley_merge_8_heft,ok,12363,345058,466504,25,0.228,
case_071,5,valley_merge_16_heft,ok,9396,245302,366748,14,0.183,
case_075,5,valley_merge_8_heft,ok,396240,6346198,8183388,160,2.209,
case_075,5,valley_merge_16_heft,ok,402926,6083148,7920338,149,2.41,
case_077,5,valley_merge_8_heft,ok,149314,1385906,3527266,43,1.708,
case_077,5,valley_merge_16_heft,ok,149314,1385906,3527266,43,1.715,
case_078,5,valley_merge_8_heft,ok,681261,13737312,16082400,25,0.207,
case_078,5,valley_merge_16_heft,ok,706838,13735536,16080624,25,0.371,
case_082,5,valley_merge_8_heft,ok,206847,2687818,3279824,55,0.962,
case_082,5,valley_merge_16_heft,ok,222740,2368320,2960326,45,1.008,
case_085,5,valley_merge_8_heft,ok,799692,9685570,11375304,145,7.451,
case_085,5,valley_merge_16_heft,ok,821197,9333048,11022782,135,7.225,
case_086,5,valley_merge_8_heft,ok,51774,1808714,2146736,55,1.582,
case_086,5,valley_merge_16_heft,ok,48342,1686882,2024904,45,1.579,
case_090,5,valley_merge_8_heft,ok,529948,20254728,22483080,25,0.443,
case_090,5,valley_merge_16_heft,ok,510302,20267136,22495488,25,0.461,
case_094,5,valley_merge_8_heft,ok,31162,750724,1277416,15,0.171,
case_094,5,valley_merge_16_heft,ok,34255,783492,1310184,15,0.15,
case_096,5,valley_merge_8_heft,ok,27053,134784,354342,5,0.349,
case_096,5,valley_merge_16_heft,ok,27053,134784,354342,5,0.359,
case_098,5,valley_merge_8_heft,ok,82703,1429710,2127704,17,0.399,
case_098,5,valley_merge_16_heft,ok,91129,1069242,1767236,14,0.358,
case_100,5,valley_merge_8_heft,ok,58085,211968,666566,5,0.513,
case_100,5,valley_merge_16_heft,ok,58085,211968,666566,5,0.56,
case_005,5,valley_merge_4_heft,ok,43683,1568714,1902128,55,0.725,
case_005,5,valley_merge_6_heft,ok,43683,1568714,1902128,55,0.73,
case_005,5,valley_merge_10_heft,ok,40563,1469634,1803048,45,0.707,
case_005,5,valley_merge_14_heft,ok,40563,1469634,1803048,45,0.75,
case_005,5,valley_merge_20_heft,ok,40029,1396674,1730088,40,1.069,
case_005,5,valley_merge_24_heft,ok,39450,1323714,1657128,35,1.108,
case_005,5,valley_merge_32_heft,ok,38428,1266408,1599822,30,1.108,
case_009,5,valley_merge_4_heft,ok,89087,1311512,1806844,225,2.495,
case_009,5,valley_merge_6_heft,ok,89087,1311512,1806844,225,2.499,
case_009,5,valley_merge_10_heft,ok,59855,963416,1458748,120,1.866,
case_009,5,valley_merge_14_heft,ok,91364,866592,1361924,113,1.955,
case_009,5,valley_merge_20_heft,ok,56055,792728,1288060,85,1.759,
case_009,5,valley_merge_24_heft,ok,56055,792728,1288060,85,1.677,
case_009,5,valley_merge_32_heft,ok,51785,777248,1272580,80,1.838,
case_035,5,valley_merge_4_heft,ok,84469,1566990,1977844,168,1.57,
case_035,5,valley_merge_6_heft,ok,84469,1566990,1977844,168,1.708,
case_035,5,valley_merge_10_heft,ok,63891,968258,1379112,101,1.413,
case_035,5,valley_merge_14_heft,ok,95405,1026590,1437444,101,1.358,
case_035,5,valley_merge_20_heft,ok,64667,666036,1076890,73,1.338,
case_035,5,valley_merge_24_heft,ok,57542,611392,1022246,72,1.256,
case_035,5,valley_merge_32_heft,ok,57542,611392,1022246,72,1.247,
case_048,5,valley_merge_4_heft,ok,137760,1421466,1836256,244,0.864,
case_048,5,valley_merge_6_heft,ok,112126,925782,1340572,109,0.537,
case_048,5,valley_merge_10_heft,ok,111155,968758,1383548,107,0.61,
case_048,5,valley_merge_14_heft,ok,145174,858098,1272888,100,0.516,
case_048,5,valley_merge_20_heft,ok,121111,729162,1143952,76,0.397,
case_048,5,valley_merge_24_heft,ok,121111,729162,1143952,76,0.46,
case_048,5,valley_merge_32_heft,ok,112716,717046,1131836,73,0.506,
case_049,5,valley_merge_4_heft,ok,109483,1570238,1722778,64,1.451,
case_049,5,valley_merge_6_heft,ok,109483,1570238,1722778,64,1.376,
case_049,5,valley_merge_10_heft,ok,98099,953918,1106458,44,1.217,
case_049,5,valley_merge_14_heft,ok,135634,977582,1130122,42,1.289,
case_049,5,valley_merge_20_heft,ok,93035,446270,598810,34,1.224,
case_049,5,valley_merge_24_heft,ok,94346,684734,837274,34,1.314,
case_049,5,valley_merge_32_heft,ok,94346,684734,837274,34,1.148,
case_056,5,valley_merge_4_heft,ok,132489,4364564,4586164,180,2.831,
case_056,5,valley_merge_6_heft,ok,132489,4364564,4586164,180,3.042,
case_056,5,valley_merge_10_heft,ok,122169,4393364,4614964,150,2.912,
case_056,5,valley_merge_14_heft,ok,83275,2455444,2677044,90,2.435,
case_056,5,valley_merge_20_heft,ok,190844,2599652,2821252,85,2.493,
case_056,5,valley_merge_24_heft,ok,78891,1286732,1508332,65,2.068,
case_056,5,valley_merge_32_heft,ok,102593,1543166,1764766,64,2.258,
case_064,5,valley_merge_4_heft,ok,21138,219778,257192,76,0.282,
case_064,5,valley_merge_6_heft,ok,21138,219778,257192,76,0.282,
case_064,5,valley_merge_10_heft,ok,11410,145272,182686,39,0.248,
case_064,5,valley_merge_14_heft,ok,18424,141420,178834,39,0.21,
case_064,5,valley_merge_20_heft,ok,14216,114800,152214,31,0.223,
case_064,5,valley_merge_24_heft,ok,14216,114800,152214,31,0.22,
case_064,5,valley_merge_32_heft,ok,10789,104956,142370,28,0.232,
case_088,5,valley_merge_4_heft,ok,98648,2205234,4035032,56,1.04,
case_088,5,valley_merge_6_heft,ok,98648,2205234,4035032,56,1.026,
case_088,5,valley_merge_10_heft,ok,98648,2205234,4035032,56,1.021,
case_088,5,valley_merge_14_heft,ok,98648,2205234,4035032,56,1.005,
case_088,5,valley_merge_20_heft,ok,91069,1994796,3824594,41,1.05,
case_088,5,valley_merge_24_heft,ok,96165,1967150,3796948,41,1.042,
case_088,5,valley_merge_32_heft,ok,89462,1989390,3819188,37,1.062,
case_098,5,valley_merge_4_heft,ok,82854,1429722,2127716,20,0.35,
case_098,5,valley_merge_6_heft,ok,82703,1429710,2127704,17,0.302,
case_098,5,valley_merge_10_heft,ok,82703,1429710,2127704,17,0.323,
case_098,5,valley_merge_14_heft,ok,82703,1429710,2127704,17,0.285,
case_098,5,valley_merge_20_heft,ok,91129,1069242,1767236,14,0.288,
case_098,5,valley_merge_24_heft,ok,88217,766084,1464078,15,0.316,
case_098,5,valley_merge_32_heft,ok,90168,0,697994,5,0.323,
case_005,5,valley_merge_40_heft,ok,58387,739060,1072474,15,0.917,
case_005,5,valley_merge_48_heft,ok,58387,739060,1072474,15,0.911,
case_009,5,valley_merge_40_heft,ok,51785,777248,1272580,80,1.429,
case_009,5,valley_merge_48_heft,ok,77638,688136,1183468,44,1.686,
case_009,5,valley_merge_64_heft,ok,79075,588396,1083728,39,1.646,
case_035,5,valley_merge_40_heft,ok,64752,550900,961754,59,1.237,
case_035,5,valley_merge_48_heft,ok,85531,624820,1035674,41,1.169,
case_035,5,valley_merge_64_heft,ok,91180,382076,792930,27,0.893,
case_048,5,valley_merge_40_heft,ok,126043,642222,1057012,61,0.367,
case_048,5,valley_merge_48_heft,ok,151575,530526,945316,35,0.327,
case_048,5,valley_merge_64_heft,ok,171326,419174,833964,27,0.32,
case_049,5,valley_merge_40_heft,ok,120062,633454,785994,24,0.974,
case_049,5,valley_merge_48_heft,ok,127895,246304,398844,14,1.095,
case_049,5,valley_merge_64_heft,ok,127895,246304,398844,14,1.033,
case_056,5,valley_merge_40_heft,ok,75870,1048300,1269900,60,1.757,
case_056,5,valley_merge_48_heft,ok,107630,872984,1094584,45,1.787,
case_056,5,valley_merge_64_heft,ok,144308,1184864,1406464,34,1.778,
case_064,5,valley_merge_40_heft,ok,13700,69552,106966,15,0.141,
case_064,5,valley_merge_48_heft,ok,13700,69552,106966,15,0.141,
case_088,5,valley_merge_40_heft,ok,125440,1426818,3256616,24,0.747,
case_088,5,valley_merge_48_heft,ok,127401,1469826,3299624,23,0.698,
case_088,5,valley_merge_64_heft,ok,176903,890214,2720012,14,0.757,
case_098,5,valley_merge_40_heft,ok,90168,0,697994,5,0.315,
case_098,5,valley_merge_48_heft,ok,90168,0,697994,5,0.319,
case_098,5,valley_merge_64_heft,ok,90168,0,697994,5,0.345,
case_043,5,valley_merge_40_heft,ok,174128,4424184,5855306,40,4.22,
case_043,5,valley_merge_48_heft,ok,247037,3737670,5168792,25,5.018,
case_043,5,valley_merge_64_heft,ok,307427,2937486,4368608,18,4.781,
case_050,5,valley_merge_40_heft,ok,43279,656902,976278,40,1.384,
case_050,5,valley_merge_48_heft,ok,61307,650702,970078,25,1.364,
case_050,5,valley_merge_64_heft,ok,95056,470628,790004,14,1.458,
case_068,5,valley_merge_40_heft,ok,130967,3025948,5797198,54,1.776,
case_068,5,valley_merge_48_heft,ok,204510,1950024,4721274,28,1.66,
case_068,5,valley_merge_64_heft,ok,236759,1474820,4246070,22,1.844,
case_003,5,valley_merge_20_heft,ok,183359,4572928,5857192,90,2.741,
case_003,5,valley_merge_24_heft,ok,180060,4404992,5689256,80,3.689,
case_003,5,valley_merge_32_heft,ok,171132,4103936,5388200,60,4.004,
case_003,5,valley_merge_40_heft,ok,168388,4050696,5334960,60,3.759,
case_012,5,valley_merge_20_heft,ok,14300,49536,604434,5,0.338,
case_012,5,valley_merge_24_heft,ok,14300,49536,604434,5,0.338,
case_012,5,valley_merge_32_heft,ok,14300,49536,604434,5,0.33,
case_012,5,valley_merge_40_heft,ok,14300,49536,604434,5,0.34,
case_040,5,valley_merge_20_heft,ok,95187,978654,1889892,50,0.92,
case_040,5,valley_merge_24_heft,ok,95187,978654,1889892,50,0.954,
case_040,5,valley_merge_32_heft,ok,95187,971758,1882996,50,0.985,
case_040,5,valley_merge_40_heft,ok,95187,971758,1882996,50,0.925,
case_043,5,valley_merge_20_heft,ok,245843,5316422,6747544,58,4.178,
case_043,5,valley_merge_24_heft,ok,223114,4931514,6362636,44,4.03,
case_043,5,valley_merge_32_heft,ok,223114,4931514,6362636,44,4.211,
case_047,5,valley_merge_20_heft,ok,120262,2257428,2721370,145,4.018,
case_047,5,valley_merge_24_heft,ok,123742,1991188,2455130,105,4.247,
case_047,5,valley_merge_32_heft,ok,122882,1956692,2420634,100,4.415,
case_047,5,valley_merge_40_heft,ok,143653,1716800,2180742,85,4.384,
case_050,5,valley_merge_20_heft,ok,44324,773638,1093014,45,1.393,
case_050,5,valley_merge_24_heft,ok,57589,752086,1071462,40,1.399,
case_050,5,valley_merge_32_heft,ok,43279,656902,976278,40,1.335,
case_052,5,valley_merge_20_heft,ok,51670,328704,1138908,5,0.399,
case_052,5,valley_merge_24_heft,ok,51670,328704,1138908,5,0.396,
case_052,5,valley_merge_32_heft,ok,51670,328704,1138908,5,0.405,
case_052,5,valley_merge_40_heft,ok,51670,328704,1138908,5,0.379,
case_053,5,valley_merge_20_heft,ok,581766,9504784,12500072,45,6.312,
case_053,5,valley_merge_24_heft,ok,579620,9191440,12186728,35,6.467,
case_053,5,valley_merge_32_heft,ok,576763,9239824,12235112,30,6.105,
case_053,5,valley_merge_40_heft,ok,576763,9239824,12235112,30,5.944,
case_054,5,valley_merge_20_heft,ok,210498,2858836,4465112,105,5.637,
case_054,5,valley_merge_24_heft,ok,209852,2795860,4402136,100,5.594,
case_054,5,valley_merge_32_heft,ok,199283,2566484,4172760,70,5.3,
case_054,5,valley_merge_40_heft,ok,202100,2415260,4021536,70,5.895,
case_061,5,valley_merge_20_heft,ok,22283,83712,627900,5,0.438,
case_061,5,valley_merge_24_heft,ok,22283,83712,627900,5,0.428,
case_061,5,valley_merge_32_heft,ok,22283,83712,627900,5,0.42,
case_061,5,valley_merge_40_heft,ok,22283,83712,627900,5,0.431,
case_066,5,valley_merge_20_heft,ok,118083,2158338,3265372,44,1.911,
case_066,5,valley_merge_24_heft,ok,106598,2093258,3200292,40,2.022,
case_066,5,valley_merge_32_heft,ok,103766,2059272,3166306,35,1.902,
case_066,5,valley_merge_40_heft,ok,100171,2062280,3169314,30,2.332,
case_068,5,valley_merge_20_heft,ok,133083,3108894,5880144,59,1.83,
case_068,5,valley_merge_24_heft,ok,133083,3108894,5880144,59,1.774,
case_068,5,valley_merge_32_heft,ok,130967,3025948,5797198,54,1.812,
case_075,5,valley_merge_20_heft,ok,401512,5996108,7833298,144,2.282,
case_075,5,valley_merge_24_heft,ok,393032,5299788,7136978,104,2.208,
case_075,5,valley_merge_32_heft,ok,388059,5348052,7185242,100,2.232,
case_075,5,valley_merge_40_heft,ok,514612,4718912,6556102,85,2.238,
case_077,5,valley_merge_20_heft,ok,146827,1312176,3453536,39,1.642,
case_077,5,valley_merge_24_heft,ok,143409,1244964,3386324,28,1.715,
case_077,5,valley_merge_32_heft,ok,130565,1287380,3428740,30,1.777,
case_077,5,valley_merge_40_heft,ok,130565,1287380,3428740,30,1.778,
case_078,5,valley_merge_20_heft,ok,706838,13735536,16080624,25,0.26,
case_078,5,valley_merge_24_heft,ok,706838,13735536,16080624,25,0.274,
case_078,5,valley_merge_32_heft,ok,686864,14051352,16396440,15,0.337,
case_078,5,valley_merge_40_heft,ok,738504,13054128,15399216,15,0.245,
case_082,5,valley_merge_20_heft,ok,231118,2240320,2832326,40,0.946,
case_082,5,valley_merge_24_heft,ok,237990,2112320,2704326,35,0.865,
case_082,5,valley_merge_32_heft,ok,242453,2133064,2725070,30,0.901,
case_082,5,valley_merge_40_heft,ok,427513,1198644,1790650,15,1.015,
case_085,5,valley_merge_20_heft,ok,821032,9164088,10853822,130,6.744,
case_085,5,valley_merge_24_heft,ok,821032,9164088,10853822,130,6.896,
case_085,5,valley_merge_32_heft,ok,804592,8345912,10035646,90,6.488,
case_085,5,valley_merge_40_heft,ok,805006,7936192,9625926,90,6.323,
case_086,5,valley_merge_20_heft,ok,47745,1602402,1940424,40,1.478,
case_086,5,valley_merge_24_heft,ok,46644,1517922,1855944,35,1.405,
case_086,5,valley_merge_32_heft,ok,45811,1439784,1777806,30,1.522,
case_086,5,valley_merge_40_heft,ok,70009,815668,1153690,15,1.759,
case_090,5,valley_merge_20_heft,ok,510302,20267136,22495488,25,0.472,
case_090,5,valley_merge_24_heft,ok,510302,20267136,22495488,25,0.506,
case_090,5,valley_merge_32_heft,ok,516615,21713160,23941512,15,0.557,
case_090,5,valley_merge_40_heft,ok,514569,20220168,22448520,15,0.447,
case_094,5,valley_merge_20_heft,ok,25530,259200,785892,5,0.18,
case_094,5,valley_merge_24_heft,ok,25530,259200,785892,5,0.136,
case_094,5,valley_merge_32_heft,ok,25530,259200,785892,5,0.142,
case_094,5,valley_merge_40_heft,ok,25530,259200,785892,5,0.147,
case_016,5,fork_join_heft,ok,3223183,119555952,119949170,1830,18.193,
case_016,5,fork_join_k4_heft,ok,3241338,119555344,119948562,1525,19.941,
case_016,5,first_join_heft,ok,7700909,393264,786482,6,70.296,
case_024,5,fork_join_heft,ok,1067515,39327648,39720866,606,3.5,
case_024,5,fork_join_k4_heft,ok,1072818,39327448,39720666,505,3.062,
case_024,5,first_join_heft,ok,2540729,393264,786482,6,6.947,
case_051,5,fork_join_heft,ok,253856,9045396,9438614,144,0.404,
case_051,5,fork_join_k4_heft,ok,254308,9045350,9438568,120,0.359,
case_051,5,first_join_heft,ok,593014,393264,786482,6,0.429,
case_069,5,terminal_branch_heft,ok,9133,267954,394008,6,0.193,
case_069,5,first_join_heft,ok,26363,40364,166418,6,0.243,
case_071,5,terminal_branch_heft,ok,7854,233394,354840,6,0.17,
case_071,5,first_join_heft,ok,20206,33068,154514,6,0.198,
case_064,5,terminal_branch_heft,ok,16589,31408,68822,5,0.207,
case_064,5,first_join_heft,ok,19665,7664,45078,6,0.229,
case_044,5,fork_join_k4_heft,ok,124268,5678624,6654080,4,0.327,
case_044,5,first_join_heft,ok,152226,4526784,5502240,6,0.488,
case_046,5,fork_join_k4_heft,ok,124612,4513952,5575424,4,0.205,
case_046,5,first_join_heft,ok,268828,3443488,4504960,6,0.334,
case_083,5,fork_join_k4_heft,ok,450029,14977600,16415904,4,1.351,
case_083,5,first_join_heft,ok,1020144,14935104,16373408,6,4.102,
case_044,2,band_12,ok,65418,1231712,2207168,22,0.208,
case_044,3,band_12,ok,69671,2162112,3137568,33,0.206,
case_044,4,band_12,ok,79864,3092512,4067968,44,0.201,
case_046,2,band_12,ok,139590,1806944,2868416,22,0.151,
case_046,3,band_12,ok,119885,2737344,3798816,33,0.153,
case_046,4,band_12,ok,116778,3667744,4729216,44,0.146,
case_053,2,band_12,ok,776339,5903754,8899042,39,4.269,
case_053,3,band_12,ok,570297,6979860,9975148,57,4.379,
case_053,4,band_12,ok,490398,8579742,11575030,75,4.479,
case_083,2,band_12,ok,464956,4327008,5765312,22,0.913,
case_083,3,band_12,ok,329146,5257408,6695712,33,0.842,
case_083,4,band_12,ok,281246,6187808,7626112,44,0.854,
case_092,2,band_12,ok,2063114,16816736,20073664,22,6.557,
case_092,3,band_12,ok,1410436,17419456,20676384,33,7.057,
case_092,4,band_12,ok,1076446,18349856,21606784,44,6.2,
case_090,2,band_6,ok,515918,3445632,5673984,42,0.299,
case_090,3,band_6,ok,404627,5548032,7776384,63,0.311,
case_090,4,band_6,ok,365222,7748352,9976704,84,0.339,
case_006,4,baseline_k3,ok,31153,30080,573428,3,0.13,
case_026,4,baseline_k3,ok,41655,95664,624518,3,0.114,
case_080,4,baseline_k3,ok,100325,3047424,5025792,3,0.248,
case_100,4,baseline_k3,ok,57811,72192,526790,3,0.354,
case_002,2,first_join,ok,139290,611328,1835520,3,0.558,
case_002,3,first_join,ok,96229,611328,1835520,4,0.443,
case_002,4,first_join,ok,74162,611328,1835520,5,0.404,
case_062,2,first_join,ok,1506870,6700032,20101632,3,86.838,
case_062,3,first_join,ok,1031305,6700032,20101632,4,61.873,
case_062,4,first_join,ok,794216,6700032,20101632,5,45.238,
case_063,2,first_join,ok,565710,2509824,7531008,3,13.098,
case_063,3,first_join,ok,387925,2509824,7531008,4,9.07,
case_063,4,first_join,ok,299084,2509824,7531008,5,6.763,
case_016,2,fork_join_heft,ok,4550194,119554128,119947346,915,14.916,
case_016,3,fork_join_heft,ok,3712678,119554736,119947954,1220,18.887,
case_016,4,fork_join_heft,ok,3241338,119555344,119948562,1525,21.306,
case_024,2,fork_join_heft,ok,1506718,39327048,39720266,303,2.746,
case_024,3,fork_join_heft,ok,1228774,39327248,39720466,404,2.889,
case_024,4,fork_join_heft,ok,1072818,39327448,39720666,505,2.758,
case_051,2,fork_join_heft,ok,357955,9045258,9438476,72,0.308,
case_051,3,fork_join_heft,ok,291222,9045304,9438522,96,0.319,
case_051,4,fork_join_heft,ok,254308,9045350,9438568,120,0.332,
case_067,2,mask_band_32,ok,32117600,267491584,273539712,284,2.939,
case_067,3,mask_band_32,ok,22946938,267491584,273539712,284,3.636,
case_067,4,mask_band_32,ok,17920570,267491584,273539712,284,3.562,
case_073,2,mask_band_32,ok,5326965,142379264,146420352,156,1.578,
case_073,3,mask_band_32,ok,4562666,142379264,146420352,156,1.472,
case_073,4,mask_band_32,ok,3812826,142379264,146420352,156,1.534,
case_078,2,mask_band_32,ok,1104028,15629184,17974272,32,0.218,
case_078,3,mask_band_32,ok,764960,15629184,17974272,32,0.228,
case_078,4,mask_band_32,ok,641964,15629184,17974272,32,0.208,
case_071,2,terminal_branch,ok,12639,117990,239436,3,0.12,
case_071,3,terminal_branch,ok,10106,193450,314896,4,0.117,
case_071,4,terminal_branch,ok,9190,185678,307124,5,0.119,
case_069,2,terminal_branch_heft,ok,15079,166470,292524,3,0.19,
case_069,3,terminal_branch_heft,ok,11285,218794,344848,4,0.172,
case_069,4,terminal_branch_heft,ok,11326,271118,397172,5,0.169,
case_048,2,valley_merge_10_heft,ok,138281,843532,1258322,58,0.348,
case_048,3,valley_merge_10_heft,ok,117377,937780,1352570,87,0.463,
case_048,4,valley_merge_10_heft,ok,112953,964532,1379322,97,0.431,
case_047,2,valley_merge_16_heft,ok,202068,1097622,1561564,60,3.455,
case_047,3,valley_merge_16_heft,ok,154800,1594560,2058502,90,4.677,
case_047,4,valley_merge_16_heft,ok,128336,1496234,1960176,120,4.633,
case_049,2,valley_merge_20_heft,ok,148975,272632,425172,14,0.933,
case_049,3,valley_merge_20_heft,ok,118835,331140,483680,20,0.928,
case_049,4,valley_merge_20_heft,ok,98817,385552,538092,27,1.012,
case_035,2,valley_merge_24_heft,ok,108191,443962,854816,32,0.87,
case_035,3,valley_merge_24_heft,ok,90451,536476,947330,48,0.976,
case_035,4,valley_merge_24_heft,ok,72321,583578,994432,64,0.906,
case_005,2,valley_merge_32_heft,ok,56091,599742,933156,12,1.047,
case_005,3,valley_merge_32_heft,ok,45163,852140,1185554,18,0.971,
case_005,4,valley_merge_32_heft,ok,39415,1080058,1413472,24,0.907,
case_009,2,valley_merge_32_heft,ok,91777,490242,985574,32,2.009,
case_009,3,valley_merge_32_heft,ok,69092,634496,1129828,48,1.951,
case_009,4,valley_merge_32_heft,ok,57977,702550,1197882,64,1.882,
case_054,2,valley_merge_32_heft,ok,434781,1279424,2885700,28,7.627,
case_054,3,valley_merge_32_heft,ok,299804,1872156,3478432,42,6.965,
case_054,4,valley_merge_32_heft,ok,271073,1801590,3407866,56,6.404,
case_064,2,valley_merge_32_heft,ok,14655,69918,107332,12,0.198,
case_064,3,valley_merge_32_heft,ok,12379,94124,131538,18,0.213,
case_064,4,valley_merge_32_heft,ok,10810,103002,140416,24,0.256,
case_075,2,valley_merge_32_heft,ok,777727,2560982,4398172,40,2.407,
case_075,3,valley_merge_32_heft,ok,670080,3844608,5681798,60,2.347,
case_075,4,valley_merge_32_heft,ok,469639,4409642,6246832,80,2.393,
case_086,2,valley_merge_32_heft,ok,66125,731742,1069764,12,2.242,
case_086,3,valley_merge_32_heft,ok,52489,977996,1316018,18,1.875,
case_086,4,valley_merge_32_heft,ok,42049,1138234,1476256,24,1.682,
case_088,2,valley_merge_32_heft,ok,145177,1013802,2843600,16,1.065,
case_088,3,valley_merge_32_heft,ok,112321,1769340,3599138,24,1.046,
case_088,4,valley_merge_32_heft,ok,91718,1878990,3708788,32,1.113,
case_003,2,valley_merge_40_heft,ok,334673,1692218,2976482,24,6.159,
case_003,3,valley_merge_40_heft,ok,229451,2471380,3755644,36,4.688,
case_003,4,valley_merge_40_heft,ok,213063,3189486,4473750,48,4.556,
case_043,2,valley_merge_40_heft,ok,346415,2248218,3679340,16,6.358,
case_043,3,valley_merge_40_heft,ok,248521,3276150,4707272,24,5.478,
case_043,4,valley_merge_40_heft,ok,196266,3836302,5267424,32,4.97,
case_050,2,valley_merge_40_heft,ok,81231,406870,726246,16,1.409,
case_050,3,valley_merge_40_heft,ok,59129,503858,823234,24,1.382,
case_050,4,valley_merge_40_heft,ok,47911,592722,912098,32,1.351,
case_056,2,valley_merge_40_heft,ok,152979,640558,862158,24,2.628,
case_056,3,valley_merge_40_heft,ok,104740,807572,1029172,36,2.424,
case_056,4,valley_merge_40_heft,ok,85671,897874,1119474,48,2.491,
case_066,2,valley_merge_40_heft,ok,192471,1023986,2131020,12,2.904,
case_066,3,valley_merge_40_heft,ok,144642,1786680,2893714,18,2.447,
case_066,4,valley_merge_40_heft,ok,116659,1829470,2936504,24,2.318,
case_068,2,valley_merge_40_heft,ok,202361,1622266,4393516,24,1.812,
case_068,3,valley_merge_40_heft,ok,162542,2777022,5548272,36,1.811,
case_068,4,valley_merge_40_heft,ok,126754,2830514,5601764,48,1.926,
case_082,2,valley_merge_8_heft,ok,379437,1237914,1829920,22,0.896,
case_082,3,valley_merge_8_heft,ok,267490,1844266,2436272,33,0.791,
case_082,4,valley_merge_8_heft,ok,216839,1693882,2285888,44,0.792,
case_085,2,valley_merge_8_heft,ok,1649858,4875082,6564816,58,8.457,
case_085,3,valley_merge_8_heft,ok,1190106,7265394,8955128,87,6.591,
case_085,4,valley_merge_8_heft,ok,891818,6393754,8083488,116,7.261,
case_098,2,valley_merge_8_heft,ok,107705,1372344,2070338,10,0.409,
case_098,3,valley_merge_8_heft,ok,94129,1441994,2139988,13,0.374,
case_098,4,valley_merge_8_heft,ok,86201,1441998,2139992,16,0.362,
case_040,2,valley_mode_heft,ok,157372,1096300,2007538,54,0.813,
case_040,3,valley_mode_heft,ok,109266,1260994,2172232,81,0.896,
case_040,4,valley_mode_heft,ok,95092,1480856,2392094,108,1.052,
case_028,2,valley_split,ok,22065328,231418944,237327552,18,56.337,
case_028,3,valley_split,ok,16697261,232113888,238022496,27,23.325,
case_028,4,valley_split,ok,13045632,236235240,242143848,36,27.933,
case_052,2,valley_split,ok,95951,250472,1060676,6,0.345,
case_052,3,valley_split,ok,64487,337008,1147212,9,0.329,
case_052,4,valley_split,ok,55941,407144,1217348,12,0.363,
case_044,5,data_band_8,ok,92751,4059520,5034976,70,0.244,
case_044,5,data_band_12,ok,91544,3938432,4913888,50,0.221,
case_044,5,data_band_16,ok,99275,4327296,5302752,40,0.241,
case_044,5,data_band_24,ok,115141,5201024,6176480,30,0.208,
case_044,5,data_band_32,ok,115440,5269120,6244576,20,0.202,
case_046,5,data_band_8,ok,120144,4704640,5766112,70,0.194,
case_046,5,data_band_12,ok,116275,4352384,5413856,50,0.172,
case_046,5,data_band_16,ok,118257,4417920,5479392,40,0.175,
case_046,5,data_band_24,ok,125920,4825472,5886944,30,0.162,
case_046,5,data_band_32,ok,123775,4759936,5821408,20,0.155,
case_083,5,data_band_8,ok,260237,7530880,8969184,70,0.724,
case_083,5,data_band_12,ok,253366,6165888,7604192,50,0.811,
case_083,5,data_band_16,ok,285981,7479680,8917984,40,0.992,
case_083,5,data_band_24,ok,355076,11171200,12609504,30,0.888,
case_083,5,data_band_32,ok,365401,11531648,12969952,20,0.875,
case_054,5,data_band_8,ok,350898,5200636,6806912,186,7.784,
case_054,5,data_band_12,ok,352035,4185852,5792128,116,6.45,
case_054,5,data_band_16,ok,472213,1415420,3021696,81,7.544,
case_054,5,data_band_24,ok,478191,1002714,2608990,46,6.17,
case_054,5,data_band_32,ok,510311,805822,2412098,26,6.74,
case_056,5,data_band_8,ok,161574,2584876,2806476,135,2.655,
case_056,5,data_band_12,ok,163331,2308046,2529646,105,2.215,
case_056,5,data_band_16,ok,224112,596420,818020,65,2.271,
case_056,5,data_band_24,ok,234212,335760,557360,40,1.988,
case_056,5,data_band_32,ok,247721,245490,467090,20,1.928,
case_043,5,data_band_8,ok,266252,6736242,8167364,106,3.117,
case_043,5,data_band_12,ok,254604,4627958,6059080,68,3.253,
case_043,5,data_band_16,ok,262982,3544534,4975656,40,3.819,
case_043,5,data_band_24,ok,276964,2407500,3838622,30,3.957,
case_043,5,data_band_32,ok,315441,1952690,3383812,20,3.649,
case_049,5,data_band_8,ok,111344,1548412,1700952,84,1.022,
case_049,5,data_band_12,ok,148235,547240,699780,54,1.094,
case_049,5,data_band_16,ok,153611,246490,399030,34,1.03,
case_049,5,data_band_24,ok,153452,208630,361170,24,1.125,
case_049,5,data_band_32,ok,160735,145862,298402,16,1.198,
case_035,5,data_band_8,ok,101722,1659714,2070568,140,1.408,
case_035,5,data_band_12,ok,105685,605044,1015898,83,0.992,
case_035,5,data_band_16,ok,107102,432808,843662,50,0.878,
case_035,5,data_band_24,ok,109257,248584,659438,33,0.891,
case_035,5,data_band_32,ok,109555,182378,593232,19,0.888,
case_098,5,data_band_8,ok,89060,1155252,1853246,18,0.286,
case_098,5,data_band_12,ok,88684,983204,1681198,17,0.281,
case_098,5,data_band_16,ok,88342,598064,1296058,12,0.31,
case_098,5,data_band_24,ok,88900,213056,911050,7,0.321,
case_098,5,data_band_32,ok,88756,262216,960210,8,0.308,
case_064,5,source_global,ok,21412,152286,189700,78,0.186,
case_064,5,source_band_16,ok,27069,186228,223642,98,0.221,
case_064,5,source_band_32,ok,24050,171374,208788,90,0.204,
case_064,5,source_stage_16,ok,26339,186230,223644,99,0.215,
case_064,5,source_stage_32,ok,23713,169324,206738,90,0.203,
case_048,5,source_global,ok,159735,940444,1355234,155,0.449,
case_048,5,source_band_16,ok,184741,1235266,1650056,207,0.565,
case_048,5,source_band_32,ok,171936,1105192,1519982,184,0.476,
case_048,5,source_stage_16,ok,180131,1236302,1651092,225,0.641,
case_048,5,source_stage_32,ok,176515,1095460,1510250,192,0.617,
case_044,5,source_global,ok,175986,9304000,10279456,11,0.296,
case_044,5,source_band_16,ok,180441,9537728,10513184,88,0.423,
case_044,5,source_band_32,ok,177806,9439168,10414624,44,0.366,
case_044,5,source_stage_16,ok,185264,9537728,10513184,88,0.359,
case_044,5,source_stage_32,ok,181046,9439168,10414624,44,0.318,
case_049,5,source_global,ok,116914,1560562,1713102,240,1.576,
case_049,5,source_band_16,ok,126127,2004918,2157458,290,1.943,
case_049,5,source_band_32,ok,124322,1793146,1945686,262,1.728,
case_049,5,source_stage_16,ok,121581,2032514,2185054,302,1.837,
case_049,5,source_stage_32,ok,116545,1805442,1957982,270,1.855,
case_056,5,source_global,ok,156137,2260766,2482366,347,3.387,
case_056,5,source_band_16,ok,179856,3764008,3985608,474,4.674,
case_056,5,source_band_32,ok,165060,3040104,3261704,410,4.06,
case_056,5,source_stage_16,ok,167860,3830080,4051680,497,4.518,
case_056,5,source_stage_32,ok,159098,3080556,3302156,413,3.773,
case_054,5,source_global,ok,442863,9132078,10738354,614,10.109,
case_054,5,source_band_16,ok,451912,11034606,12640882,690,11.787,
case_054,5,source_band_32,ok,434759,10085508,11691784,664,10.111,
case_054,5,source_stage_16,ok,425890,11216486,12822762,780,12.408,
case_054,5,source_stage_32,ok,429810,10195222,11801498,694,11.247,
case_088,5,source_global,ok,137379,2046228,3876026,159,1.086,
case_088,5,source_band_16,ok,145677,2651440,4481238,191,1.24,
case_088,5,source_band_32,ok,139235,2362496,4192294,177,1.146,
case_088,5,source_stage_16,ok,146468,2606202,4436000,204,1.291,
case_088,5,source_stage_32,ok,134706,2372748,4202546,185,1.148,
case_009,5,source_global,ok,104051,1621622,2116954,483,3.12,
case_009,5,source_band_16,ok,126393,1901572,2396904,616,3.724,
case_009,5,source_band_32,ok,115578,1753548,2248880,540,3.209,
case_009,5,source_stage_16,ok,109137,1901092,2396424,648,3.882,
case_009,5,source_stage_32,ok,105912,1752776,2248108,567,3.425,
case_044,2,data_band_12,ok,65130,1147232,2122688,20,0.182,
case_044,3,data_band_12,ok,68814,2077632,3053088,30,0.184,
case_044,4,data_band_12,ok,78188,3008032,3983488,40,0.186,
case_046,2,data_band_12,ok,138890,1561184,2622656,20,0.121,
case_046,3,data_band_12,ok,118466,2491584,3553056,30,0.135,
case_046,4,data_band_12,ok,113490,3421984,4483456,40,0.131,
case_083,2,data_band_12,ok,468351,3374688,4812992,20,0.648,
case_083,3,data_band_12,ok,333034,4305088,5743392,30,0.591,
case_083,4,data_band_12,ok,278022,5235488,6673792,40,0.566,
