case,cores,makespan_cycles,added_copy_bytes,scheduled_copy_bytes,spill_bytes,peak_l1_bytes,peak_ub_bytes,evaluations,wall_seconds,selected,bound_pruned,invalid_candidates,stop_reason,global_lower_bound_cycles,certified_gap,singlecore_cycles,baseline_cycles,speedup,baseline_speedup,reduction_percent
case_001,2,116868,1152,1640704,0,13440,8192,1,0.394924499996705,component_baseline,0,0,certified_gap,116400.0,0.0040206185567011055,233110,116868,1.9946435294520313,1.9946435294520313,0.0
case_001,3,78545,2304,1641856,0,13440,8192,1,0.3941717999987304,component_baseline,0,0,certified_gap,77600.0,0.01217783505154646,233110,78545,2.9678528232223567,2.9678528232223567,0.0
case_001,4,58984,3456,1643008,0,13440,8192,1,0.38924129999941215,component_baseline,0,0,certified_gap,58200.0,0.013470790378006914,233110,58984,3.952088702020887,3.952088702020887,0.0
case_001,5,47502,4608,1644160,0,13440,8192,1,0.3953466000020853,component_baseline,0,0,certified_gap,46560.0,0.020231958762886526,233110,47502,4.9073723211654245,4.9073723211654245,0.0
case_002,2,127559,4968960,6193152,0,10752,9216,2,2.0522529000008944,greedy_schedule,1,0,fixed_candidate_budget,120000.0,0.06299166666666656,261945,261945,2.0535203317680444,1.0,51.303136154536254
case_002,3,108524,4968960,6193152,0,10752,9216,3,2.6285750000024564,data_band_w2,1,0,fixed_candidate_budget,80000.0,0.3565499999999999,261945,261945,2.4137057240794664,1.0,58.569928801847716
case_002,4,108574,4968960,6193152,0,10752,9216,3,2.317525200000091,data_band_w2,1,0,fixed_candidate_budget,60000.0,0.8095666666666668,261945,261945,2.412594175401109,1.0,58.550840825364105
case_002,5,108635,4968960,6193152,0,10752,9216,3,2.2325382999988506,data_band_w2,1,0,fixed_candidate_budget,48000.0,1.2632291666666666,261945,261945,2.411239471625167,1.0,58.5275534940541
case_003,2,335900,1965240,3249504,0,116736,18562,3,21.388914899995143,valley_w3,2,0,fixed_candidate_budget,219396.0,0.5310215318419662,602212,538381,1.7928311997618338,1.1185610190552786,37.60923955340177
case_003,3,241876,3010640,4294904,0,116736,18560,2,13.668640500000038,greedy_schedule,3,0,fixed_candidate_budget,146264.0,0.6536946890554067,602212,538764,2.489755081115944,1.1177658492401126,55.10538937271235
case_003,4,209284,3196140,4480404,0,116736,18560,2,12.373973599998862,greedy_schedule,3,0,fixed_candidate_budget,109698.0,0.9078196503126765,602212,539155,2.877487051088473,1.1169552355074144,61.18296222793074
case_003,5,182936,4572928,5857192,0,116736,18560,2,12.662399699998787,greedy_schedule,3,0,fixed_candidate_budget,87758.4,1.0845411949169539,602212,539607,3.2919272313814667,1.1160196216876357,66.09829005183401
case_004,2,199074,110592,903168,0,125952,12288,2,0.6610314999998081,component_baseline,1,0,fixed_candidate_budget,192807.0,0.03250400659727082,392357,199074,1.9709103147573264,1.9709103147573264,0.0
case_004,3,134043,221184,1013760,0,125952,12288,2,0.6241927999944892,component_baseline,1,0,fixed_candidate_budget,128538.0,0.042827801895159334,392357,134043,2.927098020784375,2.927098020784375,0.0
case_004,4,104188,331776,1124352,0,125952,12288,2,0.6120351000063238,component_baseline,1,0,fixed_candidate_budget,96403.5,0.08074914292530866,392357,104188,3.765855952700887,3.765855952700887,0.0
case_004,5,88341,442368,1234944,0,125952,12288,2,0.6156832000051509,component_baseline,1,0,fixed_candidate_budget,77122.8,0.1454589304330236,392357,88341,4.441391879195391,4.441391879195391,0.0
case_005,2,62419,708794,1042208,0,23136,16226,3,4.233494299995073,valley_w3,1,0,fixed_candidate_budget,31941.0,0.9541968003506465,95618,95618,1.5318733078069178,1.0,34.72045012445355
case_005,3,50611,1117674,1451088,0,41856,13922,2,2.5267002999971737,greedy_schedule,2,0,fixed_candidate_budget,21294.0,1.3767727998497228,95618,95618,1.8892730829266364,1.0,47.06958940785208
case_005,4,44678,1115866,1449280,0,23136,13922,2,2.2221108000012464,valley_w5,3,0,fixed_candidate_budget,15970.5,1.7975329513791052,95618,95618,2.1401584672545773,1.0,53.274488067100336
case_005,5,44683,1568714,1902128,0,21504,11618,4,4.295895199997176,greedy_schedule,2,0,fixed_candidate_budget,12776.4,2.497307535769074,95618,95618,2.139918984848824,1.0,53.269258926143614
case_006,2,46100,29576,572924,12296,196608,122892,3,0.7239738999996916,component_baseline,1,0,fixed_candidate_budget,34500.0,0.336231884057971,82837,46100,1.7968980477223426,1.7968980477223426,0.0
case_006,3,31153,30080,573428,0,196608,94220,1,0.42840609999984736,component_baseline,3,0,fixed_candidate_budget,23000.0,0.35447826086956513,82837,31153,2.6590376528745225,2.6590376528745225,0.0
case_006,4,31153,30080,573428,0,196608,94220,2,0.5665184000026784,reuse_pack_k3,2,0,fixed_candidate_budget,17250.0,0.8059710144927537,82837,31428,2.6590376528745225,2.6357706503754614,0.8750159093801724
case_006,5,31153,30080,573428,0,196608,94220,2,0.6174174000043422,reuse_pack_k3,2,0,fixed_candidate_budget,13800.0,1.257463768115942,82837,31733,2.6590376528745225,2.6104370844231557,1.8277502914946564
case_007,2,507494,27648,1760256,0,35328,6144,2,5.924265000001469,component_baseline,1,0,fixed_candidate_budget,489510.0,0.03673877959592242,1012562,507494,1.9952196479170197,1.9952196479170197,0.0
case_007,3,338094,55296,1787904,0,35328,6144,2,4.436209100000269,component_baseline,1,0,fixed_candidate_budget,326340.0,0.03601765030336468,1012562,338094,2.994912657426633,2.994912657426633,0.0
case_007,4,254398,82944,1815552,0,35328,6144,2,4.024190799995267,component_baseline,1,0,fixed_candidate_budget,244755.0,0.03939858225572501,1012562,254398,3.980227831979811,3.980227831979811,0.0
case_007,5,203834,110592,1843200,0,35328,6144,2,3.428960299999744,component_baseline,1,0,fixed_candidate_budget,195804.0,0.041010398153255245,1012562,203834,4.967581463347626,4.967581463347626,0.0
case_008,2,244266,0,2654424,0,36864,37056,2,0.7801225000002887,component_baseline,1,0,fixed_candidate_budget,125064.0,0.953127998464786,487605,244266,1.9962049568912579,1.9962049568912579,0.0
case_008,3,163359,0,2654424,0,36864,37056,2,0.7605795999988914,component_baseline,1,0,fixed_candidate_budget,83376.0,0.9593048359240068,487605,163359,2.984867684057811,2.984867684057811,0.0
case_008,4,123060,0,2654424,0,36864,37056,2,0.7540208999998868,component_baseline,1,0,fixed_candidate_budget,62532.0,0.9679524083669162,487605,123060,3.962335446123842,3.962335446123842,0.0
case_008,5,100603,0,2654424,0,36864,37056,2,0.7545875999931013,component_baseline,1,0,fixed_candidate_budget,50025.6,1.011030352459541,487605,100603,4.846823653370178,4.846823653370178,0.0
case_009,2,92198,0,495332,0,38400,129066,3,9.378162599998177,component_baseline,1,0,fixed_candidate_budget,59996.0,0.5367357823854924,153261,92198,1.66230286991041,1.66230286991041,0.0
case_009,3,90026,1283338,1778670,0,30208,31750,5,16.471533500000078,greedy_schedule,0,0,fixed_candidate_budget,39997.333333333336,1.250800053336889,153261,92207,1.7024081931886343,1.6621406183912284,2.365330181005776
case_009,4,64868,918968,1414300,0,38400,32776,3,5.350086800004647,greedy_schedule,2,0,fixed_candidate_budget,29998.0,1.1624108273884928,153261,92216,2.3626595547881855,1.6619783985425522,29.65645874902403
case_009,5,59855,963416,1458748,0,38400,26636,3,5.576078799997049,greedy_schedule,2,0,fixed_candidate_budget,23998.4,1.4941246083072204,153261,92225,2.560537966752986,1.6618162103551097,35.098942802927624
case_010,2,45272,48384,432534,0,229376,32776,2,0.5549627999935183,component_baseline,1,0,fixed_candidate_budget,27748.0,0.6315410119648264,86969,45272,1.9210328679978794,1.9210328679978794,0.0
case_010,3,30856,48384,432534,0,229376,32776,1,0.4152313999948092,component_baseline,2,0,fixed_candidate_budget,18498.666666666668,0.6680121089808273,86969,30856,2.8185442053409386,2.8185442053409386,0.0
case_010,4,29856,96768,480918,0,229376,32776,3,0.7363751000011689,component_baseline,0,0,fixed_candidate_budget,13874.0,1.1519388784777282,86969,29856,2.9129488210075025,2.9129488210075025,0.0
case_010,5,26220,722250,1106400,0,39168,45056,5,1.0068936999959988,greedy_schedule,0,0,fixed_candidate_budget,11099.2,1.3623324203546199,86969,31015,3.316895499618612,2.8040947928421733,15.460261163952927
case_011,2,92646,180224,786432,0,241664,0,1,0.383050500000536,component_baseline,0,0,certified_gap,92224.0,0.004575815405968076,184697,92646,1.9935777043801135,1.9935777043801135,0.0
case_011,3,69625,1081344,1687552,0,200704,0,1,0.49486109999998007,component_baseline,2,0,fixed_candidate_budget,61482.666666666664,0.13243298924358093,184697,69625,2.6527396768402154,2.6527396768402154,0.0
case_011,4,46880,540672,1146880,0,110592,0,1,0.42162049999751616,component_baseline,0,0,certified_gap,46112.0,0.01665510062456632,184697,46880,3.9397824232081913,3.9397824232081913,0.0
case_011,5,46880,540672,1146880,0,110592,0,2,0.5849534000008134,reuse_pack_k4,1,0,fixed_candidate_budget,36889.6,0.27081887578070796,184697,47287,3.9397824232081913,3.905872649988369,0.8607016727641859
case_012,2,30094,28800,583698,0,28224,55320,4,1.352068699998199,component_baseline,0,0,fixed_candidate_budget,17786.0,0.6920049477116834,59088,30094,1.9634478633614674,1.9634478633614674,0.0
case_012,3,21894,20160,575058,0,28224,45068,4,1.451738600000681,component_baseline,0,0,fixed_candidate_budget,11857.333333333334,0.8464522658270548,59088,21894,2.6988215949575225,2.6988215949575225,0.0
case_012,4,17236,39168,594066,0,28224,36876,3,1.2199900000050548,component_baseline,1,0,fixed_candidate_budget,8893.0,0.9381536039581693,59088,17236,3.42817359016013,3.42817359016013,0.0
case_012,5,14300,49536,604434,0,28224,30728,3,1.2845860999950673,component_baseline,1,0,fixed_candidate_budget,7114.4,1.0100078713594964,59088,14300,4.132027972027972,4.132027972027972,0.0
case_013,2,132198,8192,2535424,0,20480,0,1,1.4688824000040768,component_baseline,0,0,certified_gap,131856.0,0.002593738623953401,263949,132198,1.9966187083011846,1.9966187083011846,0.0
case_013,3,88351,16384,2543616,0,20480,0,1,1.1586461000042618,component_baseline,0,0,certified_gap,87904.0,0.005085092828540194,263949,88351,2.98750438591527,2.98750438591527,0.0
case_013,4,66982,24576,2551808,0,20480,0,1,1.0754731000051834,component_baseline,0,0,certified_gap,65928.0,0.01598713748331515,263949,66982,3.9405959810098237,3.9405959810098237,0.0
case_013,5,54363,32768,2560000,0,20480,0,1,1.1787999999942258,component_baseline,3,0,fixed_candidate_budget,52742.4,0.03072670185657067,263949,54363,4.855305998565201,4.855305998565201,0.0
case_014,2,8879623,75697320,85630060,65730384,523800,132,3,2102.5160294000016,valley_w2,1,0,fixed_candidate_budget,8612874.0,0.030970962770383137,17698626,8891974,1.9931731335891174,1.990404605321608,0.13890054109469974
case_014,3,5980632,77640360,87573100,59581944,524016,132,3,1938.7516034,component_baseline,1,0,fixed_candidate_budget,5741916.0,0.04157427590372276,17698626,5980632,2.9593236968935726,2.9593236968935726,0.0
case_014,4,4526660,82469784,92402524,52790160,523776,132,3,1622.6171808999934,component_baseline,1,0,fixed_candidate_budget,4306437.0,0.051138098618417116,17698626,4526660,3.9098642266041628,3.9098642266041628,0.0
case_014,5,3681987,90945720,100878460,51604296,523800,132,4,2457.9550545999955,greedy_schedule,1,0,fixed_candidate_budget,3445149.6,0.06874517147237968,17698626,3694640,4.806813820907027,4.790351969339367,0.34246909035792195
case_015,2,92411,224536,1109150,114712,196608,122900,3,1.070424899997306,component_baseline,1,0,fixed_candidate_budget,50748.5,0.820960225425382,177362,92411,1.9192736795403145,1.9192736795403145,0.0
case_015,3,60807,306448,1191062,98320,196608,122898,3,1.2448281000033603,component_baseline,1,0,fixed_candidate_budget,33832.333333333336,0.7973043538232656,177362,60807,2.916802341835644,2.916802341835644,0.0
case_015,4,53421,263936,1148550,32768,196608,122898,3,1.0894437000024482,component_baseline,1,0,fixed_candidate_budget,25374.25,1.1053233100485729,177362,53421,3.320080118305535,3.320080118305535,0.0
case_015,5,43437,321536,1206150,8192,196608,122896,3,1.1435100999951828,component_baseline,1,0,fixed_candidate_budget,20299.4,1.1398169404021794,177362,43437,4.083200957708866,4.083200957708866,0.0
case_016,2,7107192,47582424,47975642,0,393216,65544,2,12.120510599997942,greedy_schedule,2,0,fixed_candidate_budget,3857487.5,0.8424407078441603,7715523,7715523,1.0855937197137773,1.0,7.8845076348032395
case_016,3,7231183,29493320,29886538,0,393216,65544,2,11.90147729999444,fork_join_w58,2,0,fixed_candidate_budget,2571658.3333333335,1.81187547594127,7715523,7715523,1.0669793587024419,1.0,6.277474644298254
case_016,4,7286633,23201474,23594692,0,393216,65544,2,12.113649600003555,fork_join_w78,2,0,fixed_candidate_budget,1928743.75,2.7779165843051987,7715523,7715523,1.058859832792457,1.0,5.5587936164534835
case_016,5,7357373,19269072,19662290,0,393216,65544,2,12.609443499997724,greedy_schedule,2,0,fixed_candidate_budget,1542995.0,3.768241633965113,7715523,7715523,1.0486790597676643,1.0,4.641940669478917
case_017,2,86400,1611592,2255454,0,49152,52224,4,1.8612973999988753,greedy_schedule,1,0,fixed_candidate_budget,55300.0,0.5623869801084991,162810,87680,1.884375,1.8568658759124088,1.4598540145985384
case_017,3,58579,175104,818966,0,95232,73748,4,1.8835226000010152,component_baseline,0,0,fixed_candidate_budget,36866.666666666664,0.5889421338155516,162810,58579,2.7793236484064257,2.7793236484064257,0.0
case_017,4,42384,259200,903062,0,86016,49164,4,1.9233000999956857,component_baseline,0,0,fixed_candidate_budget,27650.0,0.5328752260397831,162810,42384,3.841308040770102,3.841308040770102,0.0
case_017,5,35496,340992,984854,0,86016,49164,3,1.5471423999988474,component_baseline,1,0,fixed_candidate_budget,22120.0,0.6047016274864376,162810,35496,4.586713995943205,4.586713995943205,0.0
case_018,2,502105,3191808,4784656,1892352,524288,65536,3,5.6088071999984095,component_baseline,1,0,fixed_candidate_budget,485660.0,0.033861137421241194,1004367,502105,2.0003126836020355,2.0003126836020355,0.0
case_018,3,338272,3867008,5459856,1392640,524288,65536,3,5.5555202000032295,component_baseline,1,0,fixed_candidate_budget,323773.3333333333,0.04478029897459135,1004367,338272,2.969110656513102,2.969110656513102,0.0
case_018,4,258133,4853504,6446352,1204224,524288,65536,3,5.1819338999994216,component_baseline,1,0,fixed_candidate_budget,242830.0,0.06301939628546727,1004367,258133,3.89088958017766,3.89088958017766,0.0
case_018,5,203865,5693440,7286288,1064960,524288,65536,3,5.3352593000017805,component_baseline,1,0,fixed_candidate_budget,194264.0,0.04942243544866787,1004367,203865,4.926627915532338,4.926627915532338,0.0
case_019,2,43224,27168,214152,0,36864,18432,2,0.506441099998483,component_baseline,1,0,fixed_candidate_budget,24218.0,0.784788174085391,81144,43224,1.8772903942254304,1.8772903942254304,0.0
case_019,3,29121,24576,211560,0,36864,18432,3,0.6162046000026749,component_baseline,0,0,fixed_candidate_budget,16145.333333333334,0.8036790816747872,81144,29121,2.7864427732564128,2.7864427732564128,0.0
case_019,4,24099,51744,238728,0,36864,18432,3,0.6515278000006219,component_baseline,0,0,fixed_candidate_budget,12234,0.9698381559588034,81144,24099,3.3671106684924688,3.3671106684924688,0.0
case_019,5,24169,73728,260712,0,36864,18432,3,0.6006774999987101,component_baseline,0,0,fixed_candidate_budget,12234,0.9755599149910086,81144,24169,3.357358599859324,3.357358599859324,0.0
case_020,2,266580,0,2359296,0,0,32768,1,4.874661499998183,component_baseline,0,0,certified_gap,266304.0,0.0010364095169430598,532746,266580,1.9984469952734638,1.9984469952734638,0.0
case_020,3,177950,0,2359296,0,0,32768,1,3.6690873999978066,component_baseline,0,0,certified_gap,177536.0,0.0023319214131218846,532746,177950,2.993796010115201,2.993796010115201,0.0
case_020,4,133704,0,2359296,0,0,32768,1,3.207982700005232,component_baseline,0,0,certified_gap,133152.0,0.004145638067772239,532746,133704,3.984518039849219,3.984518039849219,0.0
case_020,5,107650,0,2359296,0,0,32768,1,2.87378660000104,component_baseline,0,0,certified_gap,106521.6,0.010593156693102568,532746,107650,4.948871342313051,4.948871342313051,0.0
case_021,2,3194570,3174400,6512640,1638400,524288,0,2,4.818637599993963,component_baseline,1,0,fixed_candidate_budget,3096000.0,0.03183785529715766,6567937,3194570,2.0559690349561914,2.0559690349561914,0.0
case_021,3,2144024,7766016,11104256,3055616,524288,0,2,6.816577799996594,component_baseline,1,0,fixed_candidate_budget,2064000.0,0.03877131782945731,6567937,2144024,3.063369160046716,3.063369160046716,0.0
case_021,4,1550324,4608000,7946240,0,425984,0,1,1.8008732999951462,component_baseline,0,0,certified_gap,1548000.0,0.0015012919896639776,6567937,1550324,4.236493145948847,4.236493145948847,0.0
case_021,5,1250168,11431936,14770176,2011136,524288,0,1,4.90681819999736,component_baseline,0,0,certified_gap,1238400.0,0.009502583979328127,6567937,1250168,5.253643510312214,5.253643510312214,0.0
case_022,2,28333,6912,220598,0,22528,69644,2,0.9613600000011502,component_baseline,2,0,fixed_candidate_budget,27043.5,0.047682437554310564,56780,28333,2.004023576747962,2.004023576747962,0.0
case_022,3,19128,13824,227510,0,22528,72720,2,1.011970300001849,component_baseline,2,0,fixed_candidate_budget,18029.0,0.06095734649730988,56780,19128,2.968423253868674,2.968423253868674,0.0
case_022,4,14654,13824,227510,0,22528,60424,2,0.981932800001232,component_baseline,2,0,fixed_candidate_budget,13521.75,0.08373546323515813,56780,14654,3.874709976798144,3.874709976798144,0.0
case_022,5,11828,20736,234422,0,22528,62472,2,1.0024619000032544,component_baseline,2,0,fixed_candidate_budget,10817.4,0.09342355834119109,56780,11828,4.800473452823808,4.800473452823808,0.0
case_023,2,61227,84384,527828,0,90112,30724,4,1.2673861000002944,component_baseline,0,0,fixed_candidate_budget,34779.0,0.760458897610627,122614,61227,2.0026132261910594,2.0026132261910594,0.0
case_023,3,41662,196896,640340,0,100480,28806,4,1.1889173000017763,component_baseline,0,0,fixed_candidate_budget,23186.0,0.7968601742430776,122614,41662,2.943065623349815,2.943065623349815,0.0
case_023,4,31519,281280,724724,0,90112,28806,4,1.1708013999959803,component_baseline,0,0,fixed_candidate_budget,17389.5,0.8125305500445672,122614,31519,3.890161489894984,3.890161489894984,0.0
case_023,5,25191,280992,724436,0,90112,28806,4,1.276008599998022,component_baseline,0,0,fixed_candidate_budget,13911.6,0.8107909945656862,122614,25191,4.867373268230717,4.867373268230717,0.0
case_024,2,2056594,38931078,39324296,0,393216,65544,2,3.8530785999973887,greedy_schedule,2,0,fixed_candidate_budget,1277397.5,0.6099874941042236,2555343,2555343,1.2425121341402339,1.0,19.51788859656023
case_024,3,1918543,38931176,39324394,0,393216,65544,2,4.121922999998787,fork_join_w10,2,0,fixed_candidate_budget,851598.3333333334,1.2528731268066515,2555343,2555343,1.3319185444371067,1.0,24.920333591224352
case_024,4,1841433,38931274,39324492,0,393216,65544,2,4.324114399998507,fork_join_w13,2,0,fixed_candidate_budget,638698.75,1.883100992447535,2555343,2555343,1.3876926285126856,1.0,27.93793240281246
case_024,5,2197193,19269072,19662290,0,393216,65544,2,3.705183300000499,greedy_schedule,2,0,fixed_candidate_budget,510959.0,3.3001356273203912,2555343,2555343,1.1630034321063283,1.0,14.015730960579464
case_025,2,2431840,27648,8245248,0,35328,6144,2,152.05723679999937,component_baseline,1,0,fixed_candidate_budget,2351412.0,0.034204129263608385,4863026,2431840,1.9997310678334101,1.9997310678334101,0.0
case_025,3,1622164,55296,8272896,0,35328,6144,2,111.16786860000138,component_baseline,1,0,fixed_candidate_budget,1567608.0,0.03480206786390472,4863026,1622164,2.9978633479722148,2.9978633479722148,0.0
case_025,4,1217444,82944,8300544,0,35328,6144,2,68.59900850000122,component_baseline,1,0,fixed_candidate_budget,1175706.0,0.03550037169156228,4863026,1217444,3.9944555971362954,3.9944555971362954,0.0
case_025,5,975282,110592,8328192,0,35328,6144,2,63.7876311,component_baseline,1,0,fixed_candidate_budget,940564.8,0.03691101346765269,4863026,975282,4.986276789687495,4.986276789687495,0.0
case_026,2,58112,288,529142,0,163840,57344,2,0.6822926999957417,component_baseline,1,0,fixed_candidate_budget,35384.0,0.6423242143341623,99203,58112,1.707100082599119,1.707100082599119,0.0
case_026,3,41655,95664,624518,0,163840,57344,2,0.515772200000356,component_baseline,1,0,fixed_candidate_budget,23589.333333333332,0.765840492878137,99203,41655,2.3815388308726444,2.3815388308726444,0.0
case_026,4,41655,95664,624518,0,163840,57344,2,0.5042727999971248,reuse_pack_k3,1,0,fixed_candidate_budget,17692.0,1.3544539905041826,99203,42226,2.3815388308726444,2.3493345332259743,1.3522474304930587
case_026,5,41655,95664,624518,0,163840,57344,3,0.6307457000002614,reuse_pack_k3,0,0,fixed_candidate_budget,14153.6,1.9430674881302283,99203,44114,2.3815388308726444,2.2487872330779344,5.574194133381694
case_027,2,1120962,1744896,3784704,638976,524288,0,1,0.7503759999963222,component_baseline,0,0,certified_gap,1114560.0,0.005743970714900959,2363952,1120962,2.10886006840553,2.10886006840553,0.0
case_027,3,837049,3686400,5726208,0,518144,0,2,1.3859301999982563,component_baseline,1,0,fixed_candidate_budget,743040.0,0.1265194336778639,2363952,837049,2.8241500796249683,2.8241500796249683,0.0
case_027,4,559196,3317760,5357568,0,245760,0,1,0.7533441999985371,component_baseline,0,0,certified_gap,557280.0,0.0034381280505311196,2363952,559196,4.227412213249022,4.227412213249022,0.0
case_027,5,558753,5529600,7569408,0,69632,0,3,1.9993715999953565,component_baseline,0,0,fixed_candidate_budget,445824.0,0.2533039944013782,2363952,558753,4.230763861670542,4.230763861670542,0.0
case_028,2,20232039,118305408,124214016,3588096,516744,0,3,169.17400199999975,data_band_w2,1,0,fixed_candidate_budget,19487304.0,0.038216420290872355,43836040,23638628,2.1666644671849435,1.8544240384848054,14.411111338610683
case_028,3,13752644,118487808,124396416,1622016,516744,0,3,82.66408590000356,data_band_w2,1,0,fixed_candidate_budget,12991536.0,0.058584912515348364,43836040,16770711,3.1874627162602334,2.613845054034978,17.99605872404575
case_028,4,10332290,119014272,124922880,0,516744,0,3,74.73924889999762,data_band_w2,1,0,fixed_candidate_budget,9743652.0,0.06041246136458889,43836040,13608312,4.2426257877005,3.2212694711879033,24.07368378973086
case_028,5,8377037,95899392,101808000,0,425160,0,3,63.88746600000013,data_band_w3,1,0,fixed_candidate_budget,7794921.6,0.07467880113123915,43836040,11491035,5.232881268162,3.814803453300769,27.099369203905475
case_029,2,19740,0,430164,0,0,14340,2,0.7860921000028611,component_baseline,2,0,fixed_candidate_budget,18742.5,0.053221288515406195,37555,19740,1.9024822695035462,1.9024822695035462,0.0
case_029,3,12743,0,430164,0,0,14340,1,0.451628000002529,component_baseline,0,0,certified_gap,12495.0,0.019847939175670293,37555,12743,2.9471082162756024,2.9471082162756024,0.0
case_029,4,11028,0,430164,0,0,14340,1,0.49379709999629995,component_baseline,3,0,fixed_candidate_budget,9371.25,0.17679071628651455,37555,11028,3.405422560754443,3.405422560754443,0.0
case_029,5,9383,0,430164,0,0,14340,1,0.4759542999963742,component_baseline,3,0,fixed_candidate_budget,7497.0,0.25156729358410024,37555,9383,4.002451241607162,4.002451241607162,0.0
case_030,2,1401423,6940672,9334732,4989952,524288,132,1,27.336953500001982,component_baseline,0,0,certified_gap,1388240.0,0.009496196623062225,2808034,1401423,2.003701951516423,2.003701951516423,0.0
case_030,3,933969,9071616,11465676,5170176,524288,132,1,27.32545460000256,component_baseline,0,0,certified_gap,925493.3333333334,0.009157998616953877,2808034,933969,3.0065601749094455,3.0065601749094455,0.0
case_030,4,699591,8632320,11026380,3377152,524288,132,1,25.80133080000087,component_baseline,0,0,certified_gap,694120.0,0.007881922434161304,2808034,699591,4.0138223619228945,4.0138223619228945,0.0
case_030,5,561192,11644416,14038476,3974656,524288,132,1,27.620698799997626,component_baseline,0,0,certified_gap,555296.0,0.010617760617760652,2808034,561192,5.0036957048568045,5.0036957048568045,0.0
case_031,2,728285,6281892,8466932,3985920,524288,57536,5,30.338723200002278,valley_w2,0,0,fixed_candidate_budget,667246.0,0.0914790047448768,1414369,735345,1.9420542782015282,1.923408740115184,0.9600935615255435
case_031,3,486363,5018112,7203152,2231808,524288,57344,4,23.04927260000113,component_baseline,0,0,fixed_candidate_budget,444830.6666666667,0.09336661441207594,1414369,486363,2.9080522161430866,2.9080522161430866,0.0
case_031,4,390820,8281048,10466088,2655744,524288,57536,5,30.089713400004257,greedy_schedule,0,0,fixed_candidate_budget,333623.0,0.17144201688732497,1414369,398198,3.618978046159357,3.5519239172471986,1.852847076077735
case_031,5,303368,8737756,10922796,1413120,524288,57536,5,30.44396820000111,greedy_schedule,0,0,fixed_candidate_budget,266898.4,0.13664225787790407,1414369,308135,4.66222211966984,4.590095250458403,1.5470491829879807
case_032,2,21880,6216,299304,0,40960,55320,3,0.8153893999988213,component_baseline,1,0,fixed_candidate_budget,16997.5,0.28724812472422423,41443,21880,1.8941042047531993,1.8941042047531993,0.0
case_032,3,15402,12360,305448,0,40960,49168,1,0.4872055999949225,component_baseline,3,0,fixed_candidate_budget,11331.666666666666,0.3591998823356377,41443,15402,2.690754447474354,2.690754447474354,0.0
case_032,4,14274,12360,305448,0,40960,38924,2,0.7483799000037834,component_baseline,2,0,fixed_candidate_budget,8498.75,0.6795411089866157,41443,14274,2.9033907804399606,2.9033907804399606,0.0
case_032,5,10415,12360,305448,0,40960,36876,2,0.6304952999998932,component_baseline,2,0,fixed_candidate_budget,6799.0,0.5318429180761877,41443,10415,3.9791646663466156,3.9791646663466156,0.0
case_033,2,897883,6229536,9202446,4170240,524288,69644,4,13.728708900001948,component_baseline,0,0,fixed_candidate_budget,864054.0,0.039151488217171515,1774196,897883,1.975976825488399,1.975976825488399,0.0
case_033,3,600373,7082596,10055506,2958336,523776,65552,6,19.574457300004724,greedy_coarsen,0,0,fixed_candidate_budget,576036.0,0.04224909554263978,1774196,604202,2.9551562112220235,2.9364285454202403,0.6337284550531064
case_033,4,453882,8027268,11000178,2092544,523776,65552,6,19.395847899999353,greedy_schedule,0,0,fixed_candidate_budget,432027.0,0.05058711608302269,1774196,460454,3.908936683983943,3.853144939559652,1.4272869819786593
case_033,5,361866,8115360,11088270,1673216,523776,65552,6,19.352634200004104,greedy_schedule,0,0,fixed_candidate_budget,345621.6,0.047000534688804274,1774196,376794,4.902908811549026,4.708663089115007,3.961846526218571
case_034,2,418129,1648128,3928514,581632,524288,122898,4,12.721036700000695,component_baseline,0,0,fixed_candidate_budget,374580.0,0.1162608788509798,842996,418129,2.016114644045259,2.016114644045259,0.0
case_034,3,282515,2638336,4918722,201216,524288,122894,4,12.98111329999665,component_baseline,0,0,fixed_candidate_budget,249720.0,0.1313270863366971,842996,282515,2.9838982000955703,2.9838982000955703,0.0
case_034,4,213112,3176960,5457346,57344,472576,122890,3,9.693429100007052,component_baseline,1,0,fixed_candidate_budget,187290.0,0.13787174969298954,842996,213112,3.955647734524569,3.955647734524569,0.0
case_034,5,178096,3536896,5817282,49152,326144,122890,3,9.839943700004369,component_baseline,1,0,fixed_candidate_budget,149832.0,0.18863794116076682,842996,178096,4.733379750247058,4.733379750247058,0.0
case_035,2,95406,0,410854,0,73728,74792,3,4.910510699999577,component_baseline,1,0,fixed_candidate_budget,71954.5,0.3259212418959203,169571,95406,1.7773620107750037,1.7773620107750037,0.0
case_035,3,95406,0,410854,0,73728,74792,4,7.030114699999103,reuse_pack_k2,0,0,fixed_candidate_budget,47969.666666666664,0.9888818628438807,169571,95424,1.7773620107750037,1.77702674379611,0.018863179074446457
case_035,4,95406,0,410854,0,73728,74792,4,7.115152799997304,reuse_pack_k2,0,0,fixed_candidate_budget,35977.25,1.6518424837918406,169571,95442,1.7773620107750037,1.7766916032773832,0.03771924310052022
case_035,5,62135,968258,1379112,0,73728,20518,3,3.692811300003086,greedy_schedule,2,0,fixed_candidate_budget,28781.8,1.1588295381108895,169571,95460,2.729073790939084,1.7763565891472868,34.909909909909906
case_036,2,466068,1152,6555904,0,13440,8192,1,1.6014484999977867,component_baseline,0,0,certified_gap,465600.0,0.0010051546391751653,931510,466068,1.998656848356892,1.998656848356892,0.0
case_036,3,311345,2304,6557056,0,13440,8192,1,1.381435800001782,component_baseline,0,0,certified_gap,310400.0,0.003044458762886615,931510,311345,2.991890025534375,2.991890025534375,0.0
case_036,4,233584,3456,6558208,0,13440,8192,1,1.2496590000009746,component_baseline,0,0,certified_gap,232800.0,0.0033676975945016174,931510,233584,3.987901568600589,3.987901568600589,0.0
case_036,5,187182,4608,6559360,0,13440,8192,1,1.1709307999990415,component_baseline,0,0,certified_gap,186240.0,0.005057989690721687,931510,187182,4.976493466252097,4.976493466252097,0.0
case_037,2,105374,204800,819200,0,225280,0,1,0.40331940000032773,component_baseline,0,0,certified_gap,104800.0,0.005477099236641303,210001,105374,1.992910964754114,1.992910964754114,0.0
case_037,3,74038,1064960,1679360,0,274432,0,3,0.8753355000008014,component_baseline,1,0,fixed_candidate_budget,69866.66666666667,0.059704198473282455,210001,74038,2.836394824279424,2.836394824279424,0.0
case_037,4,53320,614400,1228800,0,110592,0,1,0.4330688000045484,component_baseline,0,0,certified_gap,52400.0,0.017557251908396854,210001,53320,3.938503375843961,3.938503375843961,0.0
case_037,5,43800,1925120,2539520,0,28672,0,2,0.6411607000045478,component_baseline,2,0,fixed_candidate_budget,41920.0,0.04484732824427473,210001,43800,4.794543378995434,4.794543378995434,0.0
case_038,2,683459,6094848,8897798,4240896,524288,36864,3,27.776272499999322,component_baseline,1,0,fixed_candidate_budget,662500.0,0.03163622641509445,1364555,683459,1.996542587046187,1.996542587046187,0.0
case_038,3,456925,8155140,10958090,3177984,524288,47104,4,38.19090739999956,valley_w2,1,0,fixed_candidate_budget,441666.6666666667,0.034547169811320666,1364555,462076,2.986387262679871,2.9530964603225445,1.1147516858698525
case_038,4,344979,9466884,12269834,2569728,524288,47104,4,36.86548529999709,greedy_schedule,1,0,fixed_candidate_budget,331250.0,0.041446037735848984,1364555,346382,3.955472651958525,3.9394512416926974,0.40504414201661953
case_038,5,280919,9070080,11873030,1477632,524288,36864,2,21.725790299999062,component_baseline,2,0,fixed_candidate_budget,265000.0,0.06007169811320745,1364555,280919,4.857467811006019,4.857467811006019,0.0
case_039,2,708561,11067392,15556608,6864896,524288,0,1,9.905857499994454,component_baseline,0,0,certified_gap,688940.0,0.028479983743141535,1435262,708561,2.025601183243221,2.025601183243221,0.0
case_039,3,485565,14323712,18812928,5918720,524288,0,3,19.786976999996114,component_baseline,1,0,fixed_candidate_budget,459293.3333333333,0.057200191598687944,1435262,485565,2.9558596686334475,2.9558596686334475,0.0
case_039,4,395323,17604608,22093824,4997120,524288,0,1,9.63886310000089,component_baseline,3,0,fixed_candidate_budget,344470.0,0.14762678898017234,1435262,395323,3.6306058590064327,3.6306058590064327,0.0
case_039,5,395323,17604608,22093824,4997120,524288,0,2,18.314361500000814,reuse_pack_k4,2,0,fixed_candidate_budget,275576.0,0.4345334862252155,1435262,431161,3.6306058590064327,3.3288307615948565,8.311976268725607
case_040,2,144027,12288,923526,0,245760,90112,3,3.91393949999474,component_baseline,1,0,fixed_candidate_budget,92875.5,0.5507534279761617,253454,144027,1.7597672658598735,1.7597672658598735,0.0
case_040,3,110105,0,911238,0,245760,90112,4,5.19084809999913,component_baseline,0,0,fixed_candidate_budget,61917.0,0.7782676809276936,253454,110105,2.301929975932065,2.301929975932065,0.0
case_040,4,110105,0,911238,0,245760,90112,4,5.012614100000064,reuse_pack_k3,0,0,fixed_candidate_budget,46437.75,1.3710235745702581,253454,110202,2.301929975932065,2.2999038129979494,0.08802018112193943
case_040,5,110105,0,911238,0,245760,90112,4,5.159580600004119,reuse_pack_k3,0,0,fixed_candidate_budget,37150.2,1.963779468212823,253454,110337,2.301929975932065,2.2970898248094476,0.21026491566745742
case_041,2,3002984,30557184,35507164,25847808,524288,8198,1,140.74304819999816,component_baseline,0,0,certified_gap,2947620.0,0.018782611055699228,6003957,3002984,1.9993303327623457,1.9993303327623457,0.0
case_041,3,1998385,34762752,39712732,24975360,524288,8198,1,126.0173763999992,component_baseline,0,0,certified_gap,1965080.0,0.016948419402772474,6003957,1998385,3.0044045566795186,3.0044045566795186,0.0
case_041,4,1501288,34759680,39709660,21055488,524288,8198,1,112.82557169999927,component_baseline,0,0,certified_gap,1473810.0,0.018644194299129557,6003957,1501288,3.999204016817559,3.999204016817559,0.0
case_041,5,1213259,38200320,43150300,19897344,524288,8198,1,109.95226600000024,component_baseline,0,0,certified_gap,1179048.0,0.0290157822243029,6003957,1213259,4.948619379703756,4.948619379703756,0.0
case_042,2,849537,6469920,8858884,4417536,524288,32776,2,10.065616399995633,component_baseline,1,0,fixed_candidate_budget,799538.0,0.06253486388389295,1686740,849537,1.9854815034542346,1.9854815034542346,0.0
case_042,3,567781,8368416,10757380,4263936,524288,32776,2,12.429907699995965,component_baseline,1,0,fixed_candidate_budget,533025.3333333334,0.06520453061643083,1686740,567781,2.97075809158813,2.97075809158813,0.0
case_042,4,444517,8168736,10557700,2626560,524288,32776,2,10.550540600001113,component_baseline,1,0,fixed_candidate_budget,399769.0,0.11193464225590288,1686740,444517,3.7945455404405233,3.7945455404405233,0.0
case_042,5,362266,10073088,12462052,2171904,524288,32776,1,6.740034199996444,component_baseline,2,0,fixed_candidate_budget,319815.2,0.13273540469621192,1686740,362266,4.656081442917635,4.656081442917635,0.0
case_043,2,353177,385024,1816146,16384,513024,122896,3,21.683231800001522,component_baseline,1,0,fixed_candidate_budget,258876.0,0.36427092507609826,677656,353177,1.918743293023045,1.918743293023045,0.0
case_043,3,268777,279560,1710682,49160,515072,122896,4,34.09160349999729,component_baseline,0,0,fixed_candidate_budget,172584.0,0.557369165160154,677656,268777,2.521257399256633,2.521257399256633,0.0
case_043,4,268777,279560,1710682,49160,515072,122896,4,31.526188099996943,reuse_pack_k3,0,0,fixed_candidate_budget,129438.0,1.0764922202135385,677656,269194,2.521257399256633,2.517351798331315,0.15490687013826054
case_043,5,241503,6133260,7564382,0,244736,82192,5,35.44650120000006,valley_w4,0,0,fixed_candidate_budget,103550.4,1.3322266258749362,677656,269612,2.805994128437328,2.5134489562779105,10.425722890672517
case_044,2,74488,1976544,2952000,0,147840,0,3,1.3469782000029227,data_band_w3,0,0,fixed_candidate_budget,37202.0,1.0022579431213376,154407,131105,2.072911072924498,1.1777354029213225,43.184470462606306
case_044,3,75633,2559168,3534624,0,148352,0,3,1.1469885999977123,data_band_w5,0,0,fixed_candidate_budget,24801.333333333332,2.0495537874307836,154407,123553,2.0415294910951567,1.2497227910289512,38.78497486908452
case_044,4,82428,3227680,4203136,0,221824,0,3,1.1094685000061872,data_band_w6,0,0,fixed_candidate_budget,18601.0,3.431374657276491,154407,124268,1.8732348231183578,1.2425322689670713,33.66916663984292
case_044,5,92751,4059520,5034976,0,238592,0,3,1.0679716000013286,data_band_w8,0,0,fixed_candidate_budget,14880.8,5.2329310252136985,154407,132892,1.6647475498916453,1.161898383649881,30.20573096950907
case_045,2,63059,0,557056,0,0,32768,1,0.5961483000064618,component_baseline,0,0,certified_gap,62738.0,0.005116516305907037,125614,63059,1.99200748505368,1.99200748505368,0.0
case_045,3,42601,0,557056,0,0,32768,1,0.603222799996729,component_baseline,0,0,certified_gap,41825.333333333336,0.018545379196021505,125614,42601,2.94861622966597,2.94861622966597,0.0
case_045,4,31878,0,557056,0,0,32768,1,0.6304725000009057,component_baseline,0,0,certified_gap,31369.0,0.01622621059007301,125614,31878,3.940460505677897,3.940460505677897,0.0
case_045,5,26164,0,557056,0,0,32768,1,0.6787957000051392,component_baseline,3,0,fixed_candidate_budget,25095.2,0.042589817973158084,125614,26164,4.801024308209754,4.801024308209754,0.0
case_046,2,166578,3521632,4583104,2591232,524288,0,2,0.8537366000018665,component_baseline,1,0,fixed_candidate_budget,104624.0,0.5921585869398991,276455,166578,1.6596129140702853,1.6596129140702853,0.0
case_046,3,142176,4021280,5082752,2160480,524288,0,3,1.0290525000018533,component_baseline,0,0,fixed_candidate_budget,69749.33333333333,1.0383850741703626,276455,142176,1.9444561670042764,1.9444561670042764,0.0
case_046,4,124612,4513952,5575424,1722752,524288,0,3,0.923675900005037,component_baseline,0,0,fixed_candidate_budget,52312.0,1.382092063006576,276455,124612,2.218526305652746,2.218526305652746,0.0
case_046,5,124612,4513952,5575424,1722752,524288,0,2,0.5880982000016957,reuse_pack_k4,1,0,fixed_candidate_budget,41849.6,1.97761507875822,276455,131039,2.218526305652746,2.10971542823129,4.904646708231897
case_047,2,204157,1097874,1561816,0,10304,7234,3,13.118055399994773,greedy_schedule,2,0,fixed_candidate_budget,129685.0,0.5742529976481474,326508,326508,1.5992985790347625,1.0,37.47258872676933
case_047,3,156983,1617022,2080964,0,18944,6210,3,13.0147192000004,greedy_schedule,2,0,fixed_candidate_budget,86456.66666666667,0.81574199020704,326508,326508,2.079894001261283,1.0,51.92062675340268
case_047,4,129665,1490922,1954864,0,10304,6210,2,8.522410800003854,greedy_schedule,3,0,fixed_candidate_budget,64842.5,0.9996915603192351,326508,326508,2.5180889214514326,1.0,60.28734364854766
case_047,5,122204,2337366,2801308,0,11776,6210,2,9.144623700005468,greedy_schedule,3,0,fixed_candidate_budget,51874.0,1.355785171762347,326508,326508,2.6718274360904717,1.0,62.57243314099501
case_048,2,172445,1084394,1499184,0,12800,8192,5,2.526593700000376,greedy_schedule,0,0,fixed_candidate_budget,75960,1.2702080042127437,222220,222220,1.2886427556612252,1.0,22.3989739897399
case_048,3,141992,1273858,1688648,0,8192,10306,4,2.3672743999995873,greedy_schedule,0,0,fixed_candidate_budget,75960,0.8692996313849395,222220,222220,1.5650177474787312,1.0,36.10296102961029
case_048,4,111891,925012,1339802,0,8192,10306,2,1.1919167000014568,greedy_schedule,2,0,fixed_candidate_budget,75960,0.47302527646129544,222220,222220,1.9860399853428783,1.0,49.64854648546485
case_048,5,111885,925782,1340572,0,8192,10306,3,1.624952199999825,greedy_schedule,2,0,fixed_candidate_budget,75960,0.4729462875197472,222220,222220,1.9861464896992447,1.0,49.65124651246512
case_049,2,160206,0,152540,0,31360,44358,3,5.9033837000024505,component_baseline,1,0,fixed_candidate_budget,82857.5,0.9335123555501916,196276,160206,1.2251476224361135,1.2251476224361135,0.0
case_049,3,135263,1567492,1720032,0,29312,39936,4,5.839403300000413,greedy_schedule,1,0,fixed_candidate_budget,55238.333333333336,1.4487161693268562,196276,160224,1.4510693981354843,1.2250099860195727,15.578814659476736
case_049,4,118671,1621840,1774380,0,29312,30976,3,4.265591800001857,greedy_schedule,2,0,fixed_candidate_budget,41428.75,1.86446006698247,196276,160242,1.6539508388738613,1.2248723805244568,25.94263676189763
case_049,5,110442,1570238,1722778,0,29312,30406,3,4.055131299995992,greedy_schedule,2,0,fixed_candidate_budget,33143.0,2.332287360830341,196276,160260,1.777186215389073,1.224734805940347,31.085735679520777
case_050,2,93710,1099542,1418918,0,15648,65544,3,4.268952999998874,greedy_schedule,2,0,fixed_candidate_budget,66705.5,0.40483168554317106,149690,108121,1.5973748799487781,1.3844674022622803,13.328585566171236
case_050,3,74118,1257138,1576514,0,15136,49156,3,4.223510299998452,greedy_schedule,2,0,fixed_candidate_budget,44470.333333333336,0.666684156478851,149690,108134,2.0196173669014272,1.384300959920099,31.457265984796646
case_050,4,61739,1344466,1663842,0,15136,49156,4,5.690348100004485,greedy_coarsen,2,0,fixed_candidate_budget,33352.75,0.8510917390619963,149690,108147,2.4245614603411134,1.384134557592906,42.91196242151886
case_050,5,58249,1463942,1783318,0,14880,49156,3,4.511436100001447,greedy_schedule,2,0,fixed_candidate_budget,26682.2,1.1830658641341416,149690,108160,2.5698295249703857,1.3839681952662721,46.14552514792899
case_051,2,357955,9045258,9438476,0,32768,65538,2,0.9236168999996153,greedy_schedule,2,0,fixed_candidate_budget,303540.0,0.17926797127231997,607628,607628,1.6974982888910617,1.0,41.08977861454706
case_051,3,291222,9045304,9438522,0,32768,65538,3,1.3161739999995916,fork_join_w3,1,0,fixed_candidate_budget,202360.0,0.4391282862225736,607628,607628,2.086476983194951,1.0,52.07232056455595
case_051,4,254308,9045350,9438568,0,32768,65538,3,1.3675227999992785,fork_join_w3,1,0,fixed_candidate_budget,151770.0,0.6756144165513607,607628,607628,2.389338911870645,1.0,58.147419144608214
case_051,5,253856,9045396,9438614,0,32768,65538,3,1.2787991000004695,greedy_schedule,1,0,fixed_candidate_budget,121416.0,1.0907952823351121,607628,607628,2.3935932182024455,1.0,58.221806763348624
case_052,2,91254,102912,913116,0,105984,66668,4,1.3901937999980873,component_baseline,0,0,fixed_candidate_budget,70764.0,0.28955401051382057,180301,91254,1.9758147588050934,1.9758147588050934,0.0
case_052,3,63361,181248,991452,0,101376,50280,4,1.456139499998244,component_baseline,0,0,fixed_candidate_budget,47176.0,0.34307698829913513,180301,63361,2.845614810372311,2.845614810372311,0.0
case_052,4,47721,259584,1069788,0,105984,49160,4,1.4148758000010275,component_baseline,0,0,fixed_candidate_budget,35382.0,0.3487366457520773,180301,47721,3.778231805703988,3.778231805703988,0.0
case_052,5,47169,443464,1253668,0,101376,40978,4,1.4901297000033082,terminal_w2,0,0,fixed_candidate_budget,28305.6,0.6664193657792099,180301,51670,3.8224469460874726,3.4894716469905167,8.711050899941942
case_053,2,774929,5959552,8954840,4924800,520704,54342,4,45.87312349999411,component_baseline,0,0,fixed_candidate_budget,606363.0,0.27799519429780517,1472686,774929,1.900414102453257,1.900414102453257,0.0
case_053,3,546106,5882944,8878232,4768320,519008,54342,3,32.43468690000009,component_baseline,1,0,fixed_candidate_budget,404242.0,0.35093829933554654,1472686,546106,2.6967035703691224,2.6967035703691224,0.0
case_053,4,492232,6360992,9356280,4291488,519008,54342,4,48.62077209999552,component_baseline,0,0,fixed_candidate_budget,303181.5,0.6235555269698183,1472686,492232,2.991853434965626,2.991853434965626,0.0
case_053,5,480055,13154882,16150170,0,150528,53136,5,52.35624649999954,greedy_schedule,0,0,fixed_candidate_budget,242545.2,0.9792393335345329,1472686,492699,3.067744320963223,2.9890176355137723,2.5662727141723463
case_054,2,443753,1442752,3049028,0,98304,12800,5,83.4985267000011,valley_w3,0,0,fixed_candidate_budget,287108.0,0.5455960823104895,815051,517960,1.836722230610272,1.5735790408525754,14.326781990887326
case_054,3,311323,2153244,3759520,0,98304,12434,3,17.593078300000343,greedy_schedule,2,0,fixed_candidate_budget,191405.33333333334,0.6265116262869721,815051,517986,2.6180237245561684,1.573500055986069,39.89741035472001
case_054,4,249519,2064246,3670522,0,98304,12352,3,16.813928399998986,valley_w6,2,0,fixed_candidate_budget,143554.0,0.7381542834055477,815051,518015,3.266488724305564,1.5734119668349371,51.831703715143384
case_054,5,209490,2858836,4465112,0,98304,12352,2,11.389200199999323,greedy_schedule,3,0,fixed_candidate_budget,114843.2,0.8241393482591917,815051,518133,3.8906439448183683,1.5730536368075378,59.56829617106032
case_055,2,63872,287316,913126,0,82432,50196,5,1.8454531000024872,terminal_w2,0,0,fixed_candidate_budget,34524.5,0.8500485162710538,118835,65764,1.8605179108216432,1.8069916671735295,2.8769539565719815
case_055,3,43687,115712,741522,0,47616,114704,4,1.4853654000035021,component_baseline,0,0,fixed_candidate_budget,23016.333333333332,0.8980868658488901,118835,43687,2.7201455810653057,2.7201455810653057,0.0
case_055,4,31367,115712,741522,0,47616,90124,3,1.2248041000057128,component_baseline,1,0,fixed_candidate_budget,17262.25,0.8170864168923517,118835,31367,3.788535722255874,3.788535722255874,0.0
case_055,5,26781,198656,824466,0,40960,65544,3,1.2996129000021028,component_baseline,1,0,fixed_candidate_budget,13809.8,0.9392750076032963,118835,26781,4.437287629289422,4.437287629289422,0.0
case_056,2,195117,4348654,4570254,0,13312,78860,3,8.07859119999921,valley_w3,2,0,fixed_candidate_budget,122976.5,0.5866202079259046,277285,265710,1.4211216859627813,1.0435625305784502,26.56768657558993
case_056,3,146011,3799188,4020788,0,11264,60428,3,7.190438899997389,valley_w4,2,0,fixed_candidate_budget,81984.33333333333,0.78096221635841,277285,265728,1.8990692482073268,1.0434918412813101,45.052459657996145
case_056,4,146032,4613390,4834990,0,11264,53250,3,8.731446999998298,greedy_schedule,2,0,fixed_candidate_budget,61488.25,1.374957817143926,277285,265746,1.8987961542675578,1.0434211615602869,45.04827918388236
case_056,5,134454,4364564,4586164,0,11264,50184,3,8.518062700000883,greedy_schedule,2,0,fixed_candidate_budget,49190.6,1.7333270990799057,277285,265764,2.062303836256266,1.0433504914134344,49.4084977649343
case_057,2,33730,288,342748,0,17280,122900,3,0.7804055999949924,component_baseline,1,0,fixed_candidate_budget,23782.5,0.41826973615053076,59726,33730,1.7707085680403203,1.7707085680403203,0.0
case_057,3,25250,288,342748,0,17280,98320,4,0.9471542000028421,component_baseline,0,0,fixed_candidate_budget,15855.0,0.5925575528224536,59726,25250,2.3653861386138613,2.3653861386138613,0.0
case_057,4,20957,288,342748,0,17280,81932,4,0.9927379000000656,component_baseline,0,0,fixed_candidate_budget,11891.25,0.7623883107326817,59726,20957,2.8499308107076393,2.8499308107076393,0.0
case_057,5,16538,27936,370396,0,15744,69644,4,0.9791980000009062,component_baseline,0,0,fixed_candidate_budget,9513.0,0.7384631556816987,59726,16538,3.6114403192647235,3.6114403192647235,0.0
case_058,2,2271316,33431552,41099264,26808320,524288,0,3,218.85916780000116,component_baseline,1,0,fixed_candidate_budget,2179485.0,0.042134265663677395,4539717,2271316,1.9987166030618373,1.9987166030618373,0.0
case_058,3,1554831,30400512,38068224,21209088,524288,0,3,105.21739800000068,component_baseline,1,0,fixed_candidate_budget,1452990.0,0.07009064067887594,4539717,1554831,2.9197494775959574,2.9197494775959574,0.0
case_058,4,1154519,42622976,50290688,22753280,524288,0,3,170.5224831000014,component_baseline,1,0,fixed_candidate_budget,1089742.5,0.05944202414790656,4539717,1154519,3.9321284448328697,3.9321284448328697,0.0
case_058,5,1004819,32104448,39772160,13721600,524288,0,3,60.30544159999408,component_baseline,1,0,fixed_candidate_budget,871794.0,0.1525876525876526,4539717,1004819,4.517945022934478,4.517945022934478,0.0
case_059,2,369318,360448,1703936,0,421888,0,1,1.3769354000032763,component_baseline,0,0,certified_gap,368896.0,0.00114395385149213,829473,369318,2.2459587672412393,2.2459587672412393,0.0
case_059,3,266217,2998272,4341760,835584,524288,0,1,2.036521599999105,component_baseline,2,0,fixed_candidate_budget,245930.66666666666,0.08248801830326169,829473,266217,3.1157777301975456,3.1157777301975456,0.0
case_059,4,185216,1081344,2424832,0,241664,0,1,1.196718499995768,component_baseline,0,0,certified_gap,184448.0,0.004163775156141636,829473,185216,4.478408992743607,4.478408992743607,0.0
case_059,5,150782,4325376,5668864,0,520192,0,1,1.8307786000004853,component_baseline,0,0,certified_gap,147558.4,0.021846265614156923,829473,150782,5.501140719714555,5.501140719714555,0.0
case_060,2,469437,2768912,4867918,1570832,524288,122908,3,18.321354599996994,component_baseline,1,0,fixed_candidate_budget,360116.0,0.30357162692021467,888789,469437,1.8933083672569482,1.8933083672569482,0.0
case_060,3,334622,3439756,5538762,1033228,524288,122904,3,17.967835399998876,component_baseline,1,0,fixed_candidate_budget,240077.33333333334,0.393809217030068,888789,334622,2.656098523109658,2.656098523109658,0.0
case_060,4,229383,3699968,5798974,146432,524288,122894,2,13.412434899997606,component_baseline,2,0,fixed_candidate_budget,180058.0,0.27393950838063286,888789,229383,3.8746942885915696,3.8746942885915696,0.0
case_060,5,183272,4290944,6389950,81920,452608,122894,3,19.954977299996244,component_baseline,1,0,fixed_candidate_budget,144046.4,0.27231225494007494,888789,183272,4.849562399057139,4.849562399057139,0.0
case_061,2,39299,34560,578748,0,46848,47136,3,1.143703400004597,component_baseline,1,0,fixed_candidate_budget,35728.0,0.09994961934617108,77191,39299,1.9641975622789385,1.9641975622789385,0.0
case_061,3,28409,43008,587196,0,44544,52260,3,1.292443500002264,component_baseline,1,0,fixed_candidate_budget,23818.666666666668,0.1927199955217196,77191,28409,2.7171318948220633,2.7171318948220633,0.0
case_061,4,27166,62208,606396,0,44544,34840,4,1.4286212000006344,component_baseline,0,0,fixed_candidate_budget,17864.0,0.5207120465741155,77191,27166,2.8414562320547745,2.8414562320547745,0.0
case_061,5,22283,83712,627900,0,46848,25616,4,1.5124734999990324,component_baseline,0,0,fixed_candidate_budget,14291.2,0.5592112628750558,77191,22283,3.46412063007674,3.46412063007674,0.0
case_062,2,1349562,54114816,67516416,0,10752,10752,3,181.90197459999763,greedy_coarsen,1,0,fixed_candidate_budget,1309200.0,0.0308295142071493,2854809,2854809,2.115359650019784,1.0,52.72671481699827
case_062,3,1140581,54114816,67516416,0,10752,10752,3,83.3383343999958,greedy_coarsen,1,0,fixed_candidate_budget,872800.0,0.3068068285976169,2854809,2854809,2.502942798450965,1.0,60.047029415978436
case_062,4,1139851,54117888,67519488,0,10752,10752,3,102.95875230000092,greedy_coarsen,1,0,fixed_candidate_budget,654600.0,0.7412939199511153,2854809,2854809,2.5045457695786553,1.0,60.07260030355796
case_062,5,1139999,54117888,67519488,0,10752,10752,3,83.14609470000141,greedy_coarsen,1,0,fixed_candidate_budget,523680.0,1.1769000152765048,2854809,2854809,2.504220617737384,1.0,60.0674160688158
case_063,2,508752,20295168,25316352,0,10752,10752,3,26.567311799997697,greedy_coarsen,1,0,fixed_candidate_budget,490800.0,0.036577017114914456,1070397,1070397,2.1039661760543447,1.0,52.470718808068405
case_063,3,430451,20298240,25319424,0,10752,10752,3,20.814844799999264,greedy_schedule,1,0,fixed_candidate_budget,327200.0,0.3155592909535452,1070397,1070397,2.4866872187542834,1.0,59.78585515467625
case_063,4,430997,20298240,25319424,0,10752,9216,3,16.67565140000079,data_band_w2,1,0,fixed_candidate_budget,245400.0,0.7563039934800326,1070397,1070397,2.4835370083782484,1.0,59.73484604310364
case_063,5,431150,20298240,25319424,0,10752,9216,3,14.262299100002565,data_band_w2,1,0,fixed_candidate_budget,196320.0,1.1961593317033414,1070397,1070397,2.482655688275542,1.0,59.72055228106954
case_064,2,17589,21128,58542,0,11648,5990,3,0.6995443999985582,terminal_w11,0,0,fixed_candidate_budget,7872.0,1.234375,19116,19116,1.0868156234009894,1.0,7.988072818581293
case_064,3,13388,105128,142542,0,5632,3712,4,0.8615812999996706,greedy_coarsen,1,0,fixed_candidate_budget,5248.0,1.551067073170732,19116,19116,1.4278458320884375,1.0,29.964427704540697
case_064,4,14389,105390,142804,0,3328,4130,3,0.708282199993846,greedy_schedule,1,0,fixed_candidate_budget,3936.0,2.655741869918699,19116,19116,1.3285148377232607,1.0,24.727976564134757
case_064,5,10775,104444,141858,0,2624,2594,3,0.7368774000060512,greedy_coarsen,3,0,fixed_candidate_budget,3528,2.054138321995465,19116,19116,1.774106728538283,1.0,43.6336053567692
case_065,2,26928,13968,330170,0,36864,53330,3,0.6982334999993327,component_baseline,1,0,fixed_candidate_budget,14759.0,0.8245138559523002,53068,26928,1.970736779560309,1.970736779560309,0.0
case_065,3,18165,27792,343994,0,36864,40968,4,0.8245058999964385,component_baseline,0,0,fixed_candidate_budget,9839.333333333334,0.8461616640693812,53068,18165,2.921442334159097,2.921442334159097,0.0
case_065,4,14502,41616,357818,0,36864,40968,3,0.7036274999991292,component_baseline,1,0,fixed_candidate_budget,7379.5,0.9651737922623485,53068,14502,3.659357330023445,3.659357330023445,0.0
case_065,5,12156,55584,371786,0,32256,30728,3,0.7594953999941936,component_baseline,1,0,fixed_candidate_budget,5903.6,1.0590825936716577,53068,12156,4.365580783152352,4.365580783152352,0.0
case_066,2,193711,1513292,2620326,0,94208,40898,3,5.9793390999984695,valley_w2,2,0,fixed_candidate_budget,134847.0,0.43652435723449545,359070,248146,1.8536376354466189,1.44701103382686,21.936682436952438
case_066,3,147531,2038660,3145694,0,61440,37826,4,7.686885100003565,greedy_coarsen,2,0,fixed_candidate_budget,89898.0,0.6410932390042048,359070,248976,2.433861357951888,1.442187198766146,40.74489107383844
case_066,4,129142,2220988,3328022,0,89088,33218,4,7.580287700002373,greedy_coarsen,2,0,fixed_candidate_budget,67423.5,0.9153855851446455,359070,249811,2.7804277462018554,1.4373666491867851,48.30411791314233
case_066,5,112718,2342666,3449700,0,89088,30914,3,5.987388500005181,greedy_schedule,2,0,fixed_candidate_budget,53938.8,1.0897387409434396,359070,250449,3.1855604251317446,1.4337050657019992,54.99363143793746
case_067,2,30388702,74518912,80567040,1146880,524288,0,2,18.643679400003748,data_band_w2,1,0,fixed_candidate_budget,29457616.0,0.031607649444544306,63834834,33768704,2.100610746717645,1.890354868223548,10.0092736754126
case_067,3,20383899,77093632,83141760,0,436480,0,2,13.580394700002216,data_band_w2,1,0,fixed_candidate_budget,19638410.666666668,0.03796072635341563,63834834,23568859,3.131630214612033,2.7084397254869232,13.513424642236604
case_067,4,15452799,80815232,86863360,0,338176,0,2,11.953882000001613,data_band_w2,1,0,fixed_candidate_budget,14728808.0,0.0491547584841896,63834834,18473155,4.130956081160442,3.4555458447677183,16.3499737862861
case_067,5,13395817,107833856,113881984,38928384,368640,0,2,9.439419199996337,data_band_w3,1,0,fixed_candidate_budget,11783046.4,0.1368721250219298,63834834,15931687,4.765281132162376,4.006784341168641,15.917146752883104
case_068,2,210904,1983226,4754476,0,138432,98304,2,3.8908129000046756,valley_w3,3,0,fixed_candidate_budget,124550.5,0.6933211829739745,362095,302408,1.716871183097523,1.1973724240099468,30.258458770931984
case_068,3,168253,2646462,5417712,0,67584,98304,3,5.044658999999228,greedy_schedule,2,0,fixed_candidate_budget,83033.66666666667,1.0263226562719536,362095,303144,2.152086441252162,1.1944653366057056,44.49733460005806
case_068,4,144691,3266738,6037988,0,67584,98304,3,5.309307899995474,greedy_schedule,2,0,fixed_candidate_budget,62275.25,1.3234109859053156,362095,303921,2.5025398953632223,1.1914115839313506,52.39190447517612
case_068,5,142558,3419686,6190936,0,43008,98304,4,6.450835000003281,greedy_schedule,2,0,fixed_candidate_budget,49820.2,1.8614497733850928,362095,304058,2.539983725922081,1.1908747673141309,53.11486624262476
case_069,2,15079,166470,292524,0,56928,13920,2,0.6193503999966197,terminal_w3,1,0,fixed_candidate_budget,8337.0,0.8086841789612571,25144,25144,1.6674845812056502,1.0,40.0294304804327
case_069,3,11285,218794,344848,0,56928,13920,2,0.6524381000053836,terminal_w5,2,0,fixed_candidate_budget,5558.0,1.0304066210867218,25144,25144,2.2280903854674348,1.0,55.118517340120896
case_069,4,11326,271118,397172,0,38400,13920,2,0.6392899000056786,terminal_w6,2,0,fixed_candidate_budget,4168.5,1.7170445004198154,25144,25144,2.220024721878863,1.0,54.9554565701559
case_069,5,9133,267954,394008,0,55392,13920,4,0.9701662999941618,greedy_schedule,1,0,fixed_candidate_budget,3334.8,1.7386949742113469,25144,25144,2.75309317858316,1.0,63.67721921730831
case_070,2,58525,129536,549500,0,114176,16392,4,1.4553409000000102,component_baseline,0,0,fixed_candidate_budget,45916.0,0.27461015767924035,117300,58525,2.0042716787697565,2.0042716787697565,0.0
case_070,3,45661,259072,679036,0,118016,12290,3,1.1831338000047253,component_baseline,1,0,fixed_candidate_budget,30610.666666666668,0.49166957052008,117300,45661,2.568931911259061,2.568931911259061,0.0
case_070,4,36336,360960,780924,0,102400,16392,4,1.4595736999981455,component_baseline,0,0,fixed_candidate_budget,22958.0,0.5827162644829689,117300,36336,3.228203434610304,3.228203434610304,0.0
case_070,5,27664,462848,882812,0,104192,16392,4,1.5869560999999521,component_baseline,0,0,fixed_candidate_budget,18366.4,0.5062287655719138,117300,27664,4.240167727009832,4.240167727009832,0.0
case_071,2,11671,117990,239436,0,52320,11620,4,0.722343200002797,greedy_schedule,0,0,fixed_candidate_budget,6267.0,0.8622945588000639,18919,18919,1.6210264758803872,1.0,38.31069295417306
case_071,3,10106,193450,314896,0,33792,11620,2,0.4955296000043745,terminal_w6,1,0,fixed_candidate_budget,4178.0,1.4188606988989947,18919,18919,1.8720562042351079,1.0,46.58280035942703
case_071,4,8078,185678,307124,0,50784,11616,4,0.763180599999032,greedy_schedule,1,0,fixed_candidate_budget,3133.5,1.5779479814903463,18919,18919,2.342040108937856,1.0,57.302182990644326
case_071,5,7854,233394,354840,0,13824,11616,3,0.6413385999985621,terminal_w10,1,0,fixed_candidate_budget,2506.8,2.1330780277644803,18919,18919,2.4088362617774384,1.0,58.486177916380356
case_072,2,11833111,113945376,125048560,102996424,524288,30198,4,1411.235754100002,component_baseline,0,0,fixed_candidate_budget,11464047.0,0.032193168782368,23897828,11833111,2.0195727057745,2.0195727057745,0.0
case_072,3,7945629,114002720,125105904,94198216,524288,30198,4,1199.9639966000032,component_baseline,0,0,fixed_candidate_budget,7642698.0,0.03963665710721531,23897828,7945629,3.007669751507401,3.007669751507401,0.0
case_072,4,5994354,122293024,133396208,93632968,524288,30198,4,1200.6978865000056,component_baseline,0,0,fixed_candidate_budget,5732023.5,0.04576577538455662,23897828,5994354,3.9867228395253265,3.9867228395253265,0.0
case_072,5,4834146,127210712,138313896,87506944,524288,30198,5,1447.1235895999998,terminal_w5,0,0,fixed_candidate_budget,4585618.8,0.05419709113195381,23897828,4863110,4.943547009130465,4.9141039376037146,0.5955859521993179
case_073,2,4334657,13286272,17327360,0,300800,0,2,6.327857700001914,data_band_w2,1,0,fixed_candidate_budget,4080336.0,0.0623284455005666,10081626,5980423,2.3258186287865454,1.6857713910872192,27.519223974625206
case_073,3,2982076,17007872,21048960,0,299008,0,2,5.047956399997929,data_band_w2,1,0,fixed_candidate_budget,2720224.0,0.09626119025492019,10081626,4515227,3.3807407993625915,2.232806013961203,33.95512562269848
case_073,4,2351066,20729472,24770560,0,298240,0,2,4.550828500003263,data_band_w2,1,0,fixed_candidate_budget,2040168.0,0.15238843075668274,10081626,3903787,4.288108458035632,2.5825246100773427,39.77473668517263
case_073,5,2297647,42358528,46399616,20054016,362496,0,3,6.130141700006789,data_band_w3,0,0,fixed_candidate_budget,1632134.4,0.4077560034271688,10081626,3517515,4.387804567020086,2.8661216796516857,34.67982368234392
case_074,2,822510,7077888,10854616,4792320,524288,122892,4,13.931625699995493,component_baseline,0,0,fixed_candidate_budget,789712.0,0.04153159632878811,1682239,822510,2.0452505136715664,2.0452505136715664,0.0
case_074,3,553814,7614464,11391192,3043328,524288,122892,4,13.003086999997322,component_baseline,0,0,fixed_candidate_budget,526474.6666666666,0.051929057681787905,1682239,553814,3.0375523190096314,3.0375523190096314,0.0
case_074,4,423088,8429568,12206296,1785856,524288,122892,3,10.686064800000167,component_baseline,1,0,fixed_candidate_budget,394856.0,0.07149948335595768,1682239,423088,3.9760971712740614,3.9760971712740614,0.0
case_074,5,347042,9035776,12812504,1277952,524288,122896,3,9.551607699999295,component_baseline,1,0,fixed_candidate_budget,315884.8,0.09863469214093246,1682239,347042,4.847364295964177,4.847364295964177,0.0
case_075,2,781291,2960082,4797272,0,41088,24706,2,4.328097600002366,valley_w4,3,0,fixed_candidate_budget,553760.0,0.41088377636521245,1441809,1441809,1.845418672428071,1.0,45.81175453891604
case_075,3,621902,4795646,6632836,0,47104,24706,2,4.440462200000184,greedy_schedule,3,0,fixed_candidate_budget,369173.3333333333,0.6845799624386018,1441809,1441809,2.3183861766001717,1.0,56.86654751080067
case_075,4,457594,4319402,6156592,0,31744,20610,2,4.546206599996367,valley_w8,3,0,fixed_candidate_budget,276880.0,0.6526798613117597,1441809,1441809,3.1508476946813113,1.0,68.26250911181717
case_075,5,395938,6346198,8183388,0,24576,20610,2,5.13587820000248,greedy_schedule,3,0,fixed_candidate_budget,221504.0,0.7874981941635366,1441809,1441809,3.641501952325869,1.0,72.53880368342824
case_076,2,3069464,30744576,35015250,26670080,524288,8192,1,698.6261068000022,component_baseline,0,0,certified_gap,3030822.0,0.01274967649040426,6185113,3069464,2.015046600970072,2.015046600970072,0.0
case_076,3,2061609,35117056,39387730,26968064,524288,8192,1,638.4398807999969,component_baseline,0,0,certified_gap,2020548.0,0.020321714703140037,6185113,2061609,3.0001387265965564,3.0001387265965564,0.0
case_076,4,1550155,35703808,39974482,23480320,524288,8192,1,569.9508016999971,component_baseline,0,0,certified_gap,1515411.0,0.022927113502541507,6185113,1550155,3.9899964842225453,3.9899964842225453,0.0
case_076,5,1238120,37194752,41465426,20896768,524288,8192,1,516.033127900002,component_baseline,0,0,certified_gap,1212328.8,0.021274096598216552,6185113,1238120,4.995568280942074,4.995568280942074,0.0
case_077,2,250735,57344,2198704,0,106496,36864,4,8.331012100003136,component_baseline,0,0,fixed_candidate_budget,207703.0,0.20718044515486045,495320,250735,1.9754721119907472,1.9754721119907472,0.0
case_077,3,178739,114688,2256048,0,106496,36864,2,4.798317400003725,component_baseline,2,0,fixed_candidate_budget,138468.66666666666,0.2908263241262765,495320,178739,2.771191513883372,2.771191513883372,0.0
case_077,4,144734,172032,2313392,0,106496,36864,3,7.3202163000023575,component_baseline,1,0,fixed_candidate_budget,103851.5,0.39366306697544085,495320,144734,3.4222781101883455,3.4222781101883455,0.0
case_077,5,121081,172032,2313392,0,106496,36864,3,7.369457600005262,component_baseline,1,0,fixed_candidate_budget,83081.2,0.45738145332518076,495320,121081,4.090815239385205,4.090815239385205,0.0
case_078,2,1151684,8034432,10379520,0,171264,0,3,0.9725226999944425,data_band_w2,1,0,fixed_candidate_budget,1018944.0,0.1302721248665284,2296143,1260358,1.993726577776543,1.8218180866071385,8.622470758308353
case_078,3,893942,10182912,12528000,0,170496,0,3,1.0498857999991742,data_band_w2,1,0,fixed_candidate_budget,679296.0,0.3159830177124552,2296143,993959,2.568559257759452,2.3100983038535796,10.062487486908411
case_078,4,690924,13146912,15492000,6701472,522360,0,3,0.9285868999941158,component_baseline,1,0,fixed_candidate_budget,509472.0,0.3561569625023553,2296143,690924,3.3232931552529656,3.3232931552529656,0.0
case_078,5,663941,13620024,15965112,5026104,522360,0,4,1.1422305000014603,component_baseline,0,0,fixed_candidate_budget,407577.6,0.6289928592739151,2296143,663941,3.458353980248245,3.458353980248245,0.0
case_079,2,15446486,31780864,41132032,28131328,524288,0,2,148.0543514000019,component_baseline,1,0,fixed_candidate_budget,14712192.0,0.049910577567231273,31052251,15446486,2.010311665708304,2.010311665708304,0.0
case_079,3,10181692,39960576,49311744,28336128,524288,0,2,235.84013620000042,component_baseline,1,0,fixed_candidate_budget,9808128.0,0.038087186464124345,31052251,10181692,3.049812447675691,3.049812447675691,0.0
case_079,4,7635624,30445568,39796736,19496960,524288,0,2,61.369057600000815,component_baseline,1,0,fixed_candidate_budget,7356096.0,0.03799950408477537,31052251,7635624,4.066760097144647,4.066760097144647,0.0
case_079,5,6075976,47677440,57028608,24428544,524288,0,2,281.16250549999677,component_baseline,1,0,fixed_candidate_budget,5884876.8,0.03247293129399065,31052251,6075976,5.110660575354478,5.110660575354478,0.0
case_080,2,145926,2191360,4169728,286720,524288,0,1,0.7407592000017758,component_baseline,0,0,certified_gap,144522.0,0.009714783908332247,292138,145926,2.0019598974822856,2.0019598974822856,0.0
case_080,3,100325,3047424,5025792,0,159744,0,1,0.6933105999996769,component_baseline,2,0,fixed_candidate_budget,96348.0,0.04127745256777504,292138,100325,2.9119162721156244,2.9119162721156244,0.0
case_080,4,100325,3047424,5025792,0,159744,0,2,0.8855611999970279,reuse_pack_k3,1,0,fixed_candidate_budget,72261.0,0.38836993675703346,292138,111314,2.9119162721156244,2.6244497547478303,9.872073593618058
case_080,5,100325,3047424,5025792,0,159744,0,1,0.6172039000011864,reuse_pack_k3,2,0,fixed_candidate_budget,57808.8,0.7354624209462919,292138,113455,2.9119162721156244,2.574923978669957,11.572870301000393
case_081,2,76860,0,1741140,0,0,14340,1,2.468657899997197,component_baseline,0,0,certified_gap,75862.5,0.01314878892733562,151795,76860,1.9749544626593807,1.9749544626593807,0.0
case_081,3,51943,0,1741140,0,0,14340,1,1.9335320000027423,component_baseline,0,0,certified_gap,50575.0,0.027048937221947567,151795,51943,2.9223379473653814,2.9223379473653814,0.0
case_081,4,39588,0,1741140,0,0,14340,1,1.81474739999976,component_baseline,3,0,fixed_candidate_budget,37931.25,0.043677706376668235,151795,39588,3.834369000707285,3.834369000707285,0.0
case_081,5,30943,0,1741140,0,0,14340,1,1.6703111000024364,component_baseline,0,0,certified_gap,30345.0,0.01970670621189652,151795,30943,4.905632937982743,4.905632937982743,0.0
case_082,2,381109,1291290,1883296,0,41088,28802,3,3.7728375000006054,valley_w2,2,0,fixed_candidate_budget,283968.0,0.3420843193599279,721041,721041,1.8919547950848707,1.0,47.144614522613836
case_082,3,270408,1897770,2489776,0,73728,24706,3,3.743706300003396,greedy_schedule,2,0,fixed_candidate_budget,189312.0,0.42837221095334677,721041,721041,2.666492855240969,1.0,62.49755561750303
case_082,4,216662,1693882,2285888,0,41088,24706,3,3.682570199998736,greedy_schedule,2,0,fixed_candidate_budget,141984.0,0.5259606716249718,721041,721041,3.3279532174539144,1.0,69.95150067749267
case_082,5,206645,2687818,3279824,0,46080,24706,3,3.7065342999994755,greedy_schedule,2,0,fixed_candidate_budget,113587.2,0.8192630859815191,721041,721041,3.4892738754869463,1.0,71.34074206598515
case_083,2,519948,16135776,17574080,0,152128,0,2,3.9931607999969856,data_band_w2,1,0,fixed_candidate_budget,405418.0,0.28249855704482774,1057993,644672,2.034805403617285,1.6411337858631987,19.3468926834111
case_083,3,424902,17066176,18504480,0,111168,0,3,5.467251900001429,data_band_w2,0,0,fixed_candidate_budget,270278.6666666667,0.572088560448722,1057993,512623,2.4899694517794693,2.0638812538649263,17.112185758344822
case_083,4,400514,17996576,19434880,0,86592,0,3,4.525390299997525,data_band_w2,0,0,fixed_candidate_budget,202709.0,0.9758076849079222,1057993,450029,2.6415880593437433,2.350944050272316,11.002624275324479
case_083,5,347213,15514496,16952800,0,148992,0,3,3.8165690999958315,data_band_w3,0,0,fixed_candidate_budget,162167.2,1.141080317104815,1057993,442480,3.0471007709964777,2.3910527029470257,21.53023865485446
case_084,2,1255052,0,13236330,0,13824,9312,2,33.151377199996205,component_baseline,1,0,fixed_candidate_budget,633276.0,0.9818404613470273,2507412,1255052,1.9978550689533183,1.9978550689533183,0.0
case_084,3,836220,0,13236330,0,13824,9312,3,36.65149800000654,component_baseline,0,0,fixed_candidate_budget,422184.0,0.9807003581376841,2507412,836220,2.998507569778288,2.998507569778288,0.0
case_084,4,629028,0,13236330,0,13824,9312,2,21.317659399996046,component_baseline,1,0,fixed_candidate_budget,316638.0,0.9865840486612472,2507412,629028,3.986169137144928,3.986169137144928,0.0
case_084,5,503472,0,13236330,0,13824,9312,2,17.31821879999916,component_baseline,1,0,fixed_candidate_budget,253310.4,0.9875694010194607,2507412,503472,4.98024120507198,4.98024120507198,0.0
case_085,2,1649858,4875082,6564816,0,48128,33792,2,16.07908710000629,greedy_schedule,3,0,fixed_candidate_budget,1282608.0,0.28633066377256333,3187899,3187899,1.9322262885654402,1.0,48.246227374204764
case_085,3,1188808,7265394,8955128,0,90112,28802,2,14.242118699999992,valley_w6,3,0,fixed_candidate_budget,855072.0,0.39030163541783613,3187899,3187899,2.681592822390159,1.0,62.70873073456844
case_085,4,891725,6393754,8083488,0,48128,24706,2,14.196932499995455,greedy_schedule,3,0,fixed_candidate_budget,641304.0,0.3904871948405124,3187899,3187899,3.5749799545824104,1.0,72.02781518485999
case_085,5,799811,9685570,11375304,0,90112,24706,2,14.369676100002835,greedy_schedule,3,0,fixed_candidate_budget,513043.2,0.558954489602435,3187899,3187899,3.985815398887987,1.0,74.91103074470051
case_086,2,76068,902522,1240544,0,24960,16896,2,4.21433529999922,valley_w2,1,0,fixed_candidate_budget,39591.0,0.921345760400091,118403,118403,1.556541515486144,1.0,35.75500620761298
case_086,3,58291,1300650,1638672,0,46464,13922,2,3.157327200002328,greedy_schedule,2,0,fixed_candidate_budget,26394.0,1.208494354777601,118403,118403,2.0312398140364722,1.0,50.76898389398917
case_086,4,49131,1191514,1529536,0,24960,13922,1,1.7936581000030856,valley_w4,3,0,fixed_candidate_budget,19795.5,1.4819277108433737,118403,118403,2.4099448413425333,1.0,58.505274359602375
case_086,5,51776,1808714,2146736,0,40704,13922,3,4.332825600002252,greedy_schedule,3,0,fixed_candidate_budget,15836.4,2.2694299209416284,118403,118403,2.28683173671199,1.0,56.27137825899682
case_087,2,1985234,9999360,15918458,7994880,520704,59414,3,290.3337434999994,component_baseline,1,0,fixed_candidate_budget,1796640.0,0.10497038917089685,3974071,1985234,2.0018148994022873,2.0018148994022873,0.0
case_087,3,1385253,10722816,16641914,7059456,520704,59414,3,299.4704944999976,component_baseline,1,0,fixed_candidate_budget,1197760.0,0.15653636788672198,3974071,1385253,2.8688412874760063,2.8688412874760063,0.0
case_087,4,1069661,11796480,17715578,6612480,520704,59414,3,246.07180060000246,component_baseline,1,0,fixed_candidate_budget,898320.0,0.19073492742007292,3974071,1069661,3.715262125103187,3.715262125103187,0.0
case_087,5,888504,11773440,17692538,5483520,520704,59414,3,229.73630779999803,component_baseline,1,0,fixed_candidate_budget,718656.0,0.23634117018434408,3974071,888504,4.472766582930409,4.472766582930409,0.0
case_088,2,146889,1265738,3095536,0,84672,36864,2,2.1030481999987387,greedy_schedule,3,0,fixed_candidate_budget,86804.0,0.692191604073545,243623,202290,1.658551695497961,1.2043254733303672,27.386919768648966
case_088,3,117618,1740380,3570178,0,84480,36864,3,3.006045499998436,greedy_schedule,2,0,fixed_candidate_budget,57869.333333333336,1.0324754619602783,243623,202428,2.071307112856876,1.2035044559053096,41.89637797142688
case_088,4,104484,2142060,3971858,0,84480,36864,3,3.2525749999986147,greedy_schedule,2,0,fixed_candidate_budget,43402.0,1.4073544997926364,243623,202670,2.331677577428123,1.2020674002072333,48.446242660482554
case_088,5,99239,2205234,4035032,0,77824,36864,3,2.97357799999736,greedy_schedule,2,0,fixed_candidate_budget,34721.6,1.8581344177687664,243623,202791,2.454911879402251,1.2013501585376076,51.063410111888594
case_089,2,344500,1426560,1992960,0,226016,0,3,5.690163300001586,valley_w2,1,0,fixed_candidate_budget,294560.0,0.16954101032047797,693092,346832,2.011878084179971,1.998350786547954,0.672371638141811
case_089,3,243614,477440,1043840,0,259200,0,3,5.007391200000711,component_baseline,1,0,fixed_candidate_budget,196373.33333333334,0.24056558935361205,693092,243614,2.8450417463692563,2.8450417463692563,0.0
case_089,4,178160,716160,1282560,0,259200,0,2,3.0250700999968103,component_baseline,2,0,fixed_candidate_budget,147280.0,0.20966865833785975,693092,178160,3.8902784014369107,3.8902784014369107,0.0
case_089,5,147432,954880,1521280,0,259200,0,3,4.174556999998458,component_baseline,1,0,fixed_candidate_budget,117824.0,0.25129005975013574,693092,147432,4.701096098540344,4.701096098540344,0.0
case_090,2,518935,4539648,6768000,0,167808,0,3,1.9742379000017536,data_band_w2,1,0,fixed_candidate_budget,420264.0,0.23478337425998896,1178363,769224,2.2707333288369447,1.5318853805913493,32.53785633313573
case_090,3,405128,6688128,8916480,0,167424,0,3,1.5719938999973238,data_band_w2,1,0,fixed_candidate_budget,280176.0,0.4459768145736964,1178363,657430,2.908619004364053,1.7923778957455547,38.377013522352186
case_090,4,366328,8836608,11064960,0,167232,0,4,2.1048993000003975,data_band_w2,0,0,fixed_candidate_budget,210132.0,0.7433232444368303,1178363,608275,3.21668832303291,1.9372208293945994,39.77592371871276
case_090,5,353945,10448448,12676800,0,332352,0,4,1.8444690000033006,data_band_w3,0,0,fixed_candidate_budget,168105.6,1.1054920240610664,1178363,542638,3.3292262922205427,2.171545302761694,34.77327426387389
case_091,2,4590046,57827296,64404952,51348960,523776,4100,1,754.0141788000037,component_baseline,0,0,certified_gap,4490680.0,0.022127161142633245,9186769,4590046,2.0014546695174733,2.0014546695174733,0.0
case_091,3,3070809,63099200,69676856,50142528,523776,4100,1,700.5422012999989,component_baseline,0,0,certified_gap,2993786.6666666665,0.025727395405595654,9186769,3070809,2.9916445470884057,2.9916445470884057,0.0
case_091,4,2315529,67391136,73968792,47956128,523776,4100,3,1363.6400127000015,component_baseline,1,0,fixed_candidate_budget,2245340.0,0.031259853741526955,9186769,2315529,3.967460135459327,3.967460135459327,0.0
case_091,5,1874503,71279104,77856760,45365760,523776,4100,3,1301.001396599997,component_baseline,1,0,fixed_candidate_budget,1796272.0,0.0435518674231965,9186769,1874503,4.900909200998878,4.900909200998878,0.0
case_092,2,2374914,71498336,74755264,917504,524288,0,2,66.7683795999983,data_band_w2,1,0,fixed_candidate_budget,1857076.0,0.27884588460569204,4815554,2828252,2.0276751073933625,1.702660866146298,16.028911143702896
case_092,3,1815473,71511232,74768160,0,414272,0,2,45.23385850000341,data_band_w2,1,0,fixed_candidate_budget,1238050.6666666667,0.4663963671922957,4815554,2231804,2.652506536863947,2.157695747476033,18.65446069636939
case_092,4,1580222,72441632,75698560,0,315968,0,3,70.96309900000051,data_band_w2,0,0,fixed_candidate_budget,928538.0,0.7018388046585062,4815554,1927728,3.047390809645733,2.4980464048869964,18.02671331225152
case_092,5,1278737,57740672,60997600,0,258624,0,3,80.12913780000235,data_band_w3,0,0,fixed_candidate_budget,742830.4,0.7214387025625231,4815554,1661234,3.7658674144878894,2.89878126741928,23.024871872355124
case_093,2,37827,8192,722944,0,20480,0,1,0.3936409000016283,component_baseline,0,0,certified_gap,36984.0,0.02279364049318633,74205,37827,1.9616940280751844,1.9616940280751844,0.0
case_093,3,25103,16384,731136,0,20480,0,1,0.37206049999804236,component_baseline,0,0,certified_gap,24656.0,0.018129461388708634,74205,25103,2.956021192686133,2.956021192686133,0.0
case_093,4,19779,24576,739328,0,20480,0,2,0.4865429999990738,component_baseline,2,0,fixed_candidate_budget,18492.0,0.06959766385463984,74205,19779,3.751706355225239,3.751706355225239,0.0
case_093,5,15876,32768,747520,0,20480,0,1,0.4122136000005412,component_baseline,3,0,fixed_candidate_budget,14793.6,0.07316677482154432,74205,15876,4.674036281179139,4.674036281179139,0.0
case_094,2,53614,106272,632964,0,133632,40960,3,0.6199226999960956,component_baseline,1,0,fixed_candidate_budget,35472.0,0.5114456472710871,94892,53614,1.7699108441824896,1.7699108441824896,0.0
case_094,3,39889,212544,739236,0,129024,40960,3,0.6341552000012598,component_baseline,1,0,fixed_candidate_budget,23648.0,0.6867811231393774,94892,39889,2.37890145152799,2.37890145152799,0.0
case_094,4,30709,318816,845508,0,75776,40960,3,0.6464255999962916,component_baseline,1,0,fixed_candidate_budget,17736.0,0.7314501578709969,94892,30709,3.090038750854798,3.090038750854798,0.0
case_094,5,25530,259200,785892,0,80640,40960,3,0.7000536000050488,component_baseline,1,0,fixed_candidate_budget,14188.8,0.7993064952638702,94892,25530,3.716882099490795,3.716882099490795,0.0
case_095,2,1042890,0,11355036,0,36864,37056,2,5.765766700002132,component_baseline,1,0,fixed_candidate_budget,534996.0,0.949341677320952,2084853,1042890,1.9991111238960964,1.9991111238960964,0.0
case_095,3,695775,0,11355036,0,36864,37056,2,5.954723599999852,component_baseline,1,0,fixed_candidate_budget,356664.0,0.9507856133503803,2084853,695775,2.9964471273040854,2.9964471273040854,0.0
case_095,4,524422,0,11355036,0,36864,37056,2,4.503473500000837,component_baseline,1,0,fixed_candidate_budget,267498.0,0.9604707324914579,2084853,524422,3.9755254356224565,3.9755254356224565,0.0
case_095,5,420852,0,11355036,0,36864,37056,2,3.858645300002536,component_baseline,1,0,fixed_candidate_budget,213998.4,0.9666128344884821,2084853,420852,4.953886401870491,4.953886401870491,0.0
case_096,2,47175,67392,286950,0,72576,20480,2,0.827128899996751,component_baseline,1,0,fixed_candidate_budget,26565.0,0.7758328627893845,84194,47175,1.7847164811870695,1.7847164811870695,0.0
case_096,3,33662,67392,286950,0,72576,20480,3,1.0584359999993467,component_baseline,0,0,fixed_candidate_budget,17710.0,0.9007340485601356,84194,33662,2.5011585764363375,2.5011585764363375,0.0
case_096,4,26984,78336,297894,0,72576,20480,3,1.037946499993268,component_baseline,0,0,fixed_candidate_budget,13282.5,1.0315452663278752,84194,26984,3.120145271271865,3.120145271271865,0.0
case_096,5,27053,134784,354342,0,72576,20480,2,0.8486281000004965,component_baseline,1,0,fixed_candidate_budget,10626.0,1.5459250894033505,84194,27053,3.112187188112224,3.112187188112224,0.0
case_097,2,5617602,11796480,16842752,9240576,524288,0,2,17.461418500002765,component_baseline,1,0,fixed_candidate_budget,5151744.0,0.09042724172629701,11491509,5617602,2.045625339780212,2.045625339780212,0.0
case_097,3,3660459,16031744,21078016,7512064,524288,0,2,29.69378589999542,component_baseline,1,0,fixed_candidate_budget,3434496.0,0.0657921861024151,11491509,3660459,3.1393628503966307,3.1393628503966307,0.0
case_097,4,2626908,14221312,19267584,6553600,524288,0,1,5.186008899996523,component_baseline,0,0,certified_gap,2575872.0,0.01981309630292194,11491509,2626908,4.37453805005733,4.37453805005733,0.0
case_097,5,2102348,21311488,26357760,4272128,524288,0,1,14.33834940000088,component_baseline,0,0,certified_gap,2060697.6,0.020211796238322366,11491509,2102348,5.466035594487687,5.466035594487687,0.0
case_098,2,89756,0,697994,0,229376,110620,1,0.6903978999980609,component_baseline,3,0,fixed_candidate_budget,81350.5,0.1033245032298511,177430,89756,1.9768037791345425,1.9768037791345425,0.0
case_098,3,89756,0,697994,0,229376,110620,3,1.319281600000977,reuse_pack_k2,1,0,fixed_candidate_budget,54233.666666666664,0.6549867548447768,177430,89825,1.9768037791345425,1.9752852769273588,0.07681603117172253
case_098,4,89756,0,697994,0,229376,110620,3,1.2997056000021985,reuse_pack_k2,1,0,fixed_candidate_budget,40675.25,1.2066490064597022,177430,89894,1.9768037791345425,1.973769105835762,0.15351413887467746
case_098,5,83535,1487074,2185068,0,49152,49164,3,1.241258599999128,greedy_coarsen,3,0,fixed_candidate_budget,32540.2,1.5671323470660905,177430,90168,2.1240198719099777,1.9677712714044895,7.356268299174873
case_099,2,811392,7303168,9837204,5398528,524288,6144,1,11.550286500001675,component_baseline,0,0,certified_gap,797742.0,0.01711079521950709,1622999,811392,2.0002649767313456,2.0002649767313456,0.0
case_099,3,539533,8011776,10545812,4202496,524288,6144,1,10.843036300000676,component_baseline,0,0,certified_gap,531828.0,0.014487766721571704,1622999,539533,3.008155200886693,3.008155200886693,0.0
case_099,4,406807,9322496,11856532,3608576,524288,6144,1,10.286226399999578,component_baseline,0,0,certified_gap,398871.0,0.019896156902858397,1622999,406807,3.989604407003813,3.989604407003813,0.0
case_099,5,337221,10698752,13232788,3080192,524288,6144,1,10.943753400002606,component_baseline,2,0,fixed_candidate_budget,319096.8,0.056798438592928546,1622999,337221,4.81286456062938,4.81286456062938,0.0
case_100,2,83633,41024,495622,0,229376,81920,5,2.077009900000121,greedy_schedule,1,0,fixed_candidate_budget,51003.5,0.6397502132206614,151223,90243,1.8081738069900637,1.6757310816351407,7.324667841273003
case_100,3,57811,72192,526790,0,229376,81920,2,1.1626971000005142,component_baseline,2,0,fixed_candidate_budget,34002.333333333336,0.7002068485496091,151223,57811,2.6158170590372074,2.6158170590372074,0.0
case_100,4,57811,72192,526790,0,229376,81920,3,1.5862934999968274,reuse_pack_k3,1,0,fixed_candidate_budget,25501.75,1.2669424647328125,151223,58086,2.6158170590372074,2.603432840959956,0.4734359398133825
case_100,5,57811,72192,526790,0,229376,81920,3,1.5189654999994673,reuse_pack_k3,1,0,fixed_candidate_budget,20401.4,1.8336780809160156,151223,58085,2.6158170590372074,2.603477662047,0.4717224756821903
