case,cores,status,makespan_cycles,added_copy_bytes,scheduled_copy_bytes,spill_added_copy_bytes,plan_sha256,seconds,error,speedup
case_001,2,ok,116868,1152,1640704,0,1c6cf2db91449c12c3f74d32318e7eb99bc2b42e8e9d12be444e905170f9c7b9,0.09274419999564998,,1.9946435294520313
case_001,3,ok,78545,2304,1641856,0,615c13f2ec631ff23820de604f6b709a649e3e6e7d9e7f88769397c5311404a2,0.09559289999015164,,2.9678528232223567
case_001,4,ok,58984,3456,1643008,0,24e0f017ce3f83737422c6595a29d122fe67b93a2fb3278d0dbecde6ce1ecadc,0.09539919999951962,,3.952088702020887
case_001,5,ok,47502,4608,1644160,0,5bc2ca2ae4423fdc659215ac6f3a876f85f88764538eaf3752d0a4901f62a878,0.09133830000064336,,4.9073723211654245
case_002,2,ok,127902,681984,1906176,267264,5504bb93a7bbbc58b422c3683fe28b2fb11a0b4868a95bd583e528e28a68536a,0.3764930000033928,,2.0480133227001924
case_002,3,ok,86524,479232,1703424,0,6795ca3da437fee90a3074de6b88c018bebd6ffb8446fbcc621563d52b00d837,0.32345499999064486,,3.0274259165087143
case_002,4,ok,71836,615936,1840128,0,bd6b886092661e2b037a9912fe193cb81b4ca073e36cd073a1b91d5043ed76f2,0.28524290000495967,,3.646430758950944
case_002,5,ok,62725,662016,1886208,0,f5f140d9ee27c4125e7e1e40d30d2da4cf00a4de38ac65b47346d93683d69198,0.27224539998860564,,4.176086090075727
case_003,2,ok,317215,1059210,2343474,0,ed87e8a76450068a869623d3921fcd280d213b53d29d36439f098915200d7d80,4.361556300005759,,1.8984348155036805
case_003,3,ok,217704,2458894,3743158,0,33b3ac0a1e248aaa11f6b045bf061752a609474953eb55d786254296e1a7440e,4.1079466999945,,2.7661963032374235
case_003,4,ok,180280,2854806,4139070,0,4c051abf71059d77bf7f345fa15505d3a737e5d3b2474c6b480385c87c9acfd8,3.843951599992579,,3.3404260039937874
case_003,5,ok,157729,4863512,6147776,0,994eed962bf061e0f32ba212259e5caa14ae1e9c43b6258b8953c7cd2eab5d07,3.967938800007687,,3.81801697848842
case_004,2,ok,199074,110592,903168,0,9988fe599fad0f2caf2b70c989fa5f054a5f07c606699de1b132096170aab6e3,0.10220039999694563,,1.9709103147573264
case_004,3,ok,134043,221184,1013760,0,c6380c9f79c67c63fc0afb1aa0442d26baa646556142c3690856816a511bf384,0.09435510000912473,,2.927098020784375
case_004,4,ok,104188,331776,1124352,0,5f0ad1404f00cbab6a0ab7b4563ea12b3489768efb878552d04665f147b59bf5,0.08969259999867063,,3.765855952700887
case_004,5,ok,88341,442368,1234944,0,61a9582e96cfb601f07f8be3748989df9185c158a912eda430b1dedf0658190a,0.08438089999253862,,4.441391879195391
case_005,2,ok,52497,324774,658188,0,7587a3aded8df988ab927fa7698585bec669353166237fbc648207510253f91a,0.918797899998026,,1.82139931805627
case_005,3,ok,40393,900684,1234098,0,ca8112116e48403662bff39210bb2f4c43accb4c4511f02a859321f2e7ccaf99,0.9270976000116207,,2.367192335305622
case_005,4,ok,34791,948786,1282200,0,eb7875e225ed1b9f58e7eefbd8a4d8dac418596c380a6c89d2d8c23a2e66bee0,0.7093240999965928,,2.7483544594866487
case_005,5,ok,55110,1426582,1759996,0,6c5d2b3eb35c0d77eec2a8168a60b4aba54ded139d5cc2d36f3d9d891fcb3bcd,0.8123506999982055,,1.7350390128833242
case_006,2,ok,46100,29576,572924,12296,0907767061f23cafcb97280a4e0abfe609f3644c996104e484a64674312c4c21,0.08647570000903215,,1.7968980477223426
case_006,3,ok,31153,30080,573428,0,41afe776a9cdf46f708e2275fe6c5f81cae0301ad10f4691d0b7e2e80119342b,0.08801319998747203,,2.6590376528745225
case_006,4,ok,24586,637248,1180596,0,0c2ced26814e342bbaa181780209d0d35b6a2189f758edd492966fd89c01479e,0.13828800000192132,,3.369275197266737
case_006,5,ok,22039,483828,1027176,0,fb6001b5beed76b978d41efb6fa07776b6c7bb463d871fa8b81a5fef0a51f767,0.11279610000201501,,3.758655111393439
case_007,2,ok,507494,27648,1760256,0,52aa1f97cf1fa06190d3174d72460f81c27f12823ae206d812d0bffcfe849811,0.843411499998183,,1.9952196479170197
case_007,3,ok,338094,55296,1787904,0,d20378d444bc7d56eeb2e595c0b1302ce6cef4879fa599bb2bf2a04ec28c1d7a,0.704232400006731,,2.994912657426633
case_007,4,ok,254398,82944,1815552,0,589758759dabf6d3e6074eb11040ff599ab83dd833132e3d60ce78b9901b3e96,0.6674358000018401,,3.980227831979811
case_007,5,ok,203834,110592,1843200,0,8de95c02ab9d47e7a9c4c97ef5f10fd6c26f1c90b7978fa9fe4744b7332ef71f,0.6270760000043083,,4.967581463347626
case_008,2,ok,244266,0,2654424,0,af37836db1a0d98ee189c59118c62497aa444e874523f14049b6e466a3c44705,0.17236879999109078,,1.9962049568912579
case_008,3,ok,163359,0,2654424,0,012571a3b509f712b79c71d362fc65d3a60489be5cb7963d5911b8363ef19fc1,0.14051729999482632,,2.984867684057811
case_008,4,ok,123060,0,2654424,0,70d7ed600c2b1eef7945bbb9910043e313ac6bc397d5771f91b5848fc6725930,0.1421944000030635,,3.962335446123842
case_008,5,ok,100603,0,2654424,0,07a18d1888b2516c41957b36c86a05ecdc8ce35652d4130f728c3fafd007ff54,0.15945530000317376,,4.846823653370178
case_009,2,ok,90813,515502,1010834,0,029737efc8faf42b5975c3bf97ce363370a611d0bd72d6919be5c0d540330b31,1.4470181000069715,,1.6876548511776948
case_009,3,ok,73832,1008868,1504200,0,5f9975d2669fc5e0f2f1345596a4400f2f1997f6fc6f77a7dacef70454d63ab1,1.5785749000060605,,2.0758072380539603
case_009,4,ok,66815,1027874,1523206,0,c244027e9f2d083a6e1b257a53d010345af5264a51ca560938d3c33a996b9187,1.62021919999097,,2.293811269924418
case_009,5,ok,61215,1109614,1604946,0,a96e349ac76843a66aacd5a6653d048d77fb763c08705e03ad22669f79754536,1.3342517999990378,,2.503651065915217
case_010,2,ok,45196,206328,590478,0,fcae20eb50abd9d6078bcf90c942e9081e015946cd9b98ac3a19d78062d35306,0.10387970000738278,,1.9242632091335516
case_010,3,ok,34803,341144,725294,0,05ad8ceab4cb3d1e017c6bed13b5a47d80b1faf3f0ad7cdccf3b2b947e2b1264,0.12321469999733381,,2.4988937735252708
case_010,4,ok,25173,365144,749294,0,8a290d3683a0620748678942ff9186aebeaeb49c85cfee77f668f1f63bf04aa0,0.10424179999972694,,3.4548524212449845
case_010,5,ok,23614,418324,802474,0,5a317295f3d49ee4f4f1ff1c34a064e944f6ec7872b1146afac9b1e7f425ab25,0.10977570000977721,,3.6829423223511477
case_011,2,ok,92646,180224,786432,0,dd85bbfff3f3136169313b512d6335441de960542e153517eb9de9743d101fa3,0.09940930000448134,,1.9935777043801135
case_011,3,ok,69625,1081344,1687552,0,369a2215e85791146d26120fe7486f446aae414dc9b18c29029f8b1ed1110fe6,0.12696979999600444,,2.6527396768402154
case_011,4,ok,46880,540672,1146880,0,de8fa7c3d5a69aff0fc399972935ca452d9dd4ee376ec7d1effa8f7ed70c5a90,0.1350170999940019,,3.9397824232081913
case_011,5,ok,47287,1622016,2228224,0,63f3bbe4a51929751b810e7a2f322a220f60fd65f93352358ea0ceeaa8c90511,0.14810720000241417,,3.905872649988369
case_012,2,ok,30094,28800,583698,0,8dab0436206aa0df418e8d884e9e3da31989be16a9379feb81a2ef7736f9f24a,0.12338480001199059,,1.9634478633614674
case_012,3,ok,21894,20160,575058,0,ce4aa888b6ce9a66a32379cf84f4a82383825902c8e5422033887a26082092b1,0.1437478000007104,,2.6988215949575225
case_012,4,ok,17236,39168,594066,0,a85439fbaeae342f5cd6fa62cee36297ba1c49260d2377c295917652ecc5ccc3,0.1440812999935588,,3.42817359016013
case_012,5,ok,14300,49536,604434,0,cd97ba94f38ff80ec19ae0a96478afb5189714ac4630b848af543a58d8aeac72,0.1440945000067586,,4.132027972027972
case_013,2,ok,132198,8192,2535424,0,1e53c296a600aed044668be3fc7f55cdf3f477a31b4e9f9de4c4e1098b54912a,0.3904679999977816,,1.9966187083011846
case_013,3,ok,88351,16384,2543616,0,55efd77e51de13a1a870aa20893a094fe82ccfa4f7d781aac417ade89b306ac9,0.3922404000040842,,2.98750438591527
case_013,4,ok,66982,24576,2551808,0,78ac79ccf69c9fae54d00e8815aa03504db9cadebcf71f6b0c1dbf8212c55870,0.35361310000007506,,3.9405959810098237
case_013,5,ok,54363,32768,2560000,0,5ddfcd4283c7a16c47e466899301f1846a18d1695cde56169bb0025a7f578e3d,0.36003270000219345,,4.855305998565201
case_014,2,ok,8891974,71575992,81508732,61682784,9ff4823827d37c2c2bb523c8110d4d8bffe87c5c60d30685f2d60593a611d3cf,13.491151599999284,,1.990404605321608
case_014,3,ok,5980632,77640360,87573100,59581944,4c33385c792d9451f93daf49329d5ca5d60a48fd3361e8120d00a29868f3a165,13.816330599991488,,2.9593236968935726
case_014,4,ok,4526660,82469784,92402524,52790160,360a11ed7eb4f384bb1c1b66c871a9e5a86bf53a09be5b465a0348ae04a37b2d,13.543130999998539,,3.9098642266041628
case_014,5,ok,3694640,87765000,97697740,55180632,c57638a718f3afb047cce4dbfcc647c47eece03f2613552ce6ebccd8a41b625d,13.65098219999345,,4.790351969339367
case_015,2,ok,92411,224536,1109150,114712,d65a1abbc234a2dee6fd45c3d9bc41a90e2f42fcb66ac01e247af3f6fc597989,0.13073819999408443,,1.9192736795403145
case_015,3,ok,60807,306448,1191062,98320,467868a1f690ebc819a9e083300fe62ac509653bc136026e732dbb19a8f83ce7,0.14776490000076592,,2.916802341835644
case_015,4,ok,53421,263936,1148550,32768,29eee5c1b10d56eaf7a6a323cc9c41a74872bde2e3b22188df3694c761bcfb23,0.14868700000806712,,3.320080118305535
case_015,5,ok,43437,321536,1206150,8192,22ad2e4fe016ef73cf9556ddc712d0323150fb36f78970d7b75faa8b71818672,0.14069410000229254,,4.083200957708866
case_016,2,ok,4772689,119946716,120339934,119936960,f64c0971facfccca15346b66052c21f40b19aa4b43880258e64db7f4c876c143,12.454888799999026,,1.6165987350108084
case_016,3,ok,2884306,4872,398090,0,c982608b71fb254199bb203da2d26c471492fa6ba692e5dec44a1a8f9f2c7677,6.3740567000058945,,2.6750015428321405
case_016,4,ok,2397915,17068,410286,0,469d2276935dd704df388b95ff3abcf6a0547b641433258bc52e93c39257a568,8.32356129999971,,3.217596536991511
case_016,5,ok,2393034,19504,412722,0,f420d7ece606cbac254c766df5733df62f18baac072f9d9eb738f8971295f810,8.315377399994759,,3.22415937257891
case_017,2,ok,87680,87552,731414,0,fb4234eb79cb9776f6809c25c23e0f6b1f25f9cd1626e4902b969545adc86e4f,0.19625079999968875,,1.8568658759124088
case_017,3,ok,58579,175104,818966,0,939ff3a4d27d9ed90e96868e1cf7c3c897a7472719e5f9e7f62bcfd746bbb550,0.18087240000022575,,2.7793236484064257
case_017,4,ok,42384,259200,903062,0,624c2650a99c8e5c86b66c7407c8e9304e3edb115ece711e95b2996112fc6618,0.19728439999744296,,3.841308040770102
case_017,5,ok,35496,340992,984854,0,20dc89e18ca5224f0a2d7646898a26081d6c5c8d1c387c02dfbdc0d75d3e4764,0.21091540000634268,,4.586713995943205
case_018,2,ok,505349,3044352,4637200,1597440,2976cbe923b029254f6da1a3e467e469ce789817dd0f10b732d4f5f714a9e395,0.5740303999918979,,1.9874720242842074
case_018,3,ok,338272,3867008,5459856,1392640,2c7ed5715fdf16fbde91f50ed023736e25d0c3ff196f929df585a02676d6f650,0.5139405000081751,,2.969110656513102
case_018,4,ok,258133,4853504,6446352,1204224,7786ede4c26abf5267fa3c1723428c617faaf69053a51c51889ba51f97f416ae,0.5247254999994766,,3.89088958017766
case_018,5,ok,203865,5693440,7286288,1064960,d71d2a1e4d48793f2e7cece2cbbd0ed53ea4cd83af2d3bb69c9bab39a2f964ce,0.5612535000109347,,4.926627915532338
case_019,2,ok,43224,27168,214152,0,f46ac1d892c5d3fa5efb74b540f9de422c49853a56d2b27192698d99d756edae,0.06501660001231357,,1.8772903942254304
case_019,3,ok,29121,24576,211560,0,305e3def02e2fae644f43b258f68b5da32d242e605546aadd739e4296f57073a,0.07020889999694191,,2.7864427732564128
case_019,4,ok,24099,51744,238728,0,aef6ab9e6f39ee8cc12fbb6feb991deca40f0c83cb2b0250ebb305370f9a9620,0.07095170000684448,,3.3671106684924688
case_019,5,ok,24169,73728,260712,0,cfa13fc39f09a823398dfb0fd47d69c36fa90d41ae9bac0b614d7d4fcb34a2bd,0.07757290000154171,,3.357358599859324
case_020,2,ok,266580,0,2359296,0,d1fb4a5b486caa40baadebfaa21e02143d89cb3d98c603aa82206af6390eb8db,1.4193086000013864,,1.9984469952734638
case_020,3,ok,177950,0,2359296,0,1ea58429fc5576c78ca0aee8feaa45e4ad843ae064854985e72d1369d47d2731,1.1711497999931453,,2.993796010115201
case_020,4,ok,133704,0,2359296,0,ecdb20624ab0060d46c2c85f4c87cd9cbd121f607d4900b5fb4365313c1089ab,1.0632608000014443,,3.984518039849219
case_020,5,ok,107650,0,2359296,0,e7becef51f5bdcb7e86664b3eef600e7d40c2d4bcdaa6e90e581c1041c049385,1.0149420999950962,,4.948871342313051
case_021,2,ok,3194570,3174400,6512640,1638400,0be340177f5f377cda896c89d88ea19d382086cf445d118d8bf680cbd14818b8,0.8651178000000073,,2.0559690349561914
case_021,3,ok,2155304,8882176,12220416,4761600,fa9360b89cac9243bfb6fd590725755ea46cb3f4b1b674a8cbba36c53fa50dae,0.822371700007352,,3.047336709809846
case_021,4,ok,1550324,4608000,7946240,0,3627b28e033f646e3523347cf3f03bca7a72f6a4003d5f00658deba474e54697,0.7036645999905886,,4.236493145948847
case_021,5,ok,1250168,11431936,14770176,2011136,d120d190005cf3010e5b717421fa4196509d94c730201d723ed9518ae7bc3158,1.0033686999959173,,5.253643510312214
case_022,2,ok,28333,6912,220598,0,938f91a13ad4294df69d4a77208d378486f6d956c35624695c0958491de8e2bf,0.18512460000056308,,2.004023576747962
case_022,3,ok,19128,13824,227510,0,6b13adac102401ca8df5321eefbb61e01717af509bb2f9a3217cd5c068df1333,0.16874549999192823,,2.968423253868674
case_022,4,ok,14654,13824,227510,0,62dcd751b46882bf8775ee44cd1adcbc000fb8a90bd458be79721838065fdbc0,0.16344000000390224,,3.874709976798144
case_022,5,ok,11828,20736,234422,0,0607e249cf936a9dc341e62b189d8fa06e3f0646a76e6814bc0edcc4d8ababdb,0.15628569999535102,,4.800473452823808
case_023,2,ok,61227,84384,527828,0,be2d312414dd0f9f0211e4aa78f68c5671bb0a1d79b69b36d82d677423ab1557,0.13122379999549594,,2.0026132261910594
case_023,3,ok,41662,196896,640340,0,4797038431414b70fa2643e5e9cbed83898f8d62b37a6fb7bdd284fa4541ca01,0.12127230000623967,,2.943065623349815
case_023,4,ok,31519,281280,724724,0,ec0cc7fd76769afeb024df148e9f2f492c8acf9e36b4da45f11e911ad0fe3720,0.13525369999115355,,3.890161489894984
case_023,5,ok,25191,280992,724436,0,87fe7e47b1da5f384331823dae640a2845e310bfcb7fa803ac0e99121fb4acc5,0.11316019999503624,,4.867373268230717
case_024,2,ok,1583353,39720044,40113262,39716816,64fc075547b1a99e382da7bd33fe044a267b3ebf94e172f1c09680bcb581bf21,2.0425983000022825,,1.6138807960069548
case_024,3,ok,955894,1608,394826,0,79a5d28e1278fe56c3f43426dd16a90ffcfc3ac32ff029f6263181301bb9c459,1.1830486999970162,,2.6732493351773314
case_024,4,ok,796719,5644,398862,0,57c61603fe9c0a7585f1eafc57721caf645f24d9318163945252b6bc422a6a95,1.5752662000013515,,3.2073328237433776
case_024,5,ok,795102,6448,399666,0,2a8e612f993aefeb82336305f36ba0c450bb1b563cb58b4017eb6307cb82c866,1.6719508999958634,,3.2138555807934077
case_025,2,ok,2431840,27648,8245248,0,a5fff6afbed8a85e01d1e635bb90448e13b96d5582558e42512d972ca9c86e9a,8.605941499990877,,1.9997310678334101
case_025,3,ok,1622164,55296,8272896,0,49bb0fcd9b932f015165169092971b4e0dda3d3ca24621db4c814a276c7b2749,7.253400600005989,,2.9978633479722148
case_025,4,ok,1217444,82944,8300544,0,8e00701890b2bf8478c92622d4a978ba4b15c8e9bdaa7149dc3aedde24377bb9,6.67478289999417,,3.9944555971362954
case_025,5,ok,975282,110592,8328192,0,3863b182c24ce4f308900690c0c83e40425641ccc478f12574bce2d3ece14536,6.249593000000459,,4.986276789687495
case_026,2,ok,58112,288,529142,0,34354539ba516f2c32d64461fcc96374d844aecd54d6c407aa56ecd91e9e3539,0.08246360000339337,,1.707100082599119
case_026,3,ok,41655,95664,624518,0,09f8af6b4ddfd7d37a1f3ebb7e83e9e544ac3960aeec12d1b61f00608d4a6994,0.09135030000470579,,2.3815388308726444
case_026,4,ok,42226,170832,699686,0,b4ba6597efc19017d0b02e4931e6f3812815b90d62722a35ecba1377982dbfc5,0.08125020000443328,,2.3493345332259743
case_026,5,ok,44114,211680,740534,0,694c6a66d7bd505d9ca81992871424e4134c66b1d27fc21a43dce28e398d45b4,0.07624800001212861,,2.2487872330779344
case_027,2,ok,1120962,1744896,3784704,638976,b4ca0d0c14a0533772084d009d82673e0db302a1eef0ee9437646c1b22ee65b8,0.2517329999973299,,2.10886006840553
case_027,3,ok,837049,3686400,5726208,0,7a03d731469a3e35058bca0e7b2d522b1cd7d435cb366312978bb95462187889,0.2854799000051571,,2.8241500796249683
case_027,4,ok,559196,3317760,5357568,0,62cd079b9653ca2fdbcaff4c339044ce050a8d1d84641ecd8bea5e5f0712a440,0.25617910000437405,,4.227412213249022
case_027,5,ok,558753,5529600,7569408,0,2347557edea8cf5ea4afb5b03523bd30ca73924f876cab0187f28922319c55ce,0.2945783000031952,,4.230763861670542
case_028,2,ok,20602291,41688192,47596800,39447552,9873e36ef6341949d537fcfef8d68725b6c39d73735eff208bea0af0b5e6c3dd,11.198029699997278,,2.1277264746915767
case_028,3,ok,13582878,27152640,33061248,22855680,82a7a62b7357ef6a42d7062b7e64a88ea17cbafe3573c70f91f6de4210b4c012,8.909057900003972,,3.227301312726213
case_028,4,ok,10343971,23009664,28918272,16564224,1df4d81dc75a7f00e7cda9d42118d1148bc0793cc78816993127bda6b1e8ae7e,7.481378199998289,,4.237834773512029
case_028,5,ok,8242960,21778944,27687552,13185024,b95256669f76c505500eeef6ba378fdc3131e3a2dea51bbfcb55fe4602753df7,6.6927330999897094,,5.317997418403098
case_029,2,ok,19740,0,430164,0,fbe162170b9c9c62e09f3710309e8db082fa41697e4f918d3e1ef38c2b7da1ca,0.12374519999139011,,1.9024822695035462
case_029,3,ok,12743,0,430164,0,8cfa07964f0606f9f8bad7dd5c29a916e3ae61c2b5581aaff84e5de32e0e15a4,0.09847149999404792,,2.9471082162756024
case_029,4,ok,11028,0,430164,0,5b44a65da3d901be1efa843fa3fa50a4f56e8b5def1fac6ba4015071e8a2d8ff,0.10541229999216739,,3.405422560754443
case_029,5,ok,9383,0,430164,0,fe50dd6711824f67b6cdd8a164fa1c3f17ef9d224032948de3e75e0153b0f539,0.10071590000006836,,4.002451241607162
case_030,2,ok,1401423,6940672,9334732,4989952,f2e68b889358a52892e0c7b478b358132b8da92311b9d0aa66afca2869810e82,2.6728315000073053,,2.003701951516423
case_030,3,ok,933969,9071616,11465676,5170176,a6cb61a4a7da4e36f2b09731d0bf7ff918c54a91d8111340524c1d556a0a2c21,2.897258099997998,,3.0065601749094455
case_030,4,ok,708655,6354536,8748596,1826816,92791796c8a234dbd784b40caa86c93264770d6a3b5d5e5a9daa5cf88ce882da,2.76887159999751,,3.9624838602705124
case_030,5,ok,561192,11644416,14038476,3974656,41ab2f3cdbabc1030ec067aad6cb6fa699d1dd658ec420dfa82847895cb3cdbf,2.834128000002238,,5.0036957048568045
case_031,2,ok,735345,5564928,7749968,3833856,311d17a40c3cb496863be4365ec489d2f87451643c5790ac0a5c6b5731cf07ff,1.526250599999912,,1.923408740115184
case_031,3,ok,486363,5018112,7203152,2231808,97abf64285759417889e9d0c6e4c87a9b358cee8e85832d69b4b0350be018e11,1.3431030999927316,,2.9080522161430866
case_031,4,ok,398198,7971840,10156880,2913792,fd99cf44818ad432c7e85f94e875afb94ea8eb98f26ba2f45488c0ca0f8ee53d,1.4513463000039337,,3.5519239172471986
case_031,5,ok,308135,8217600,10402640,1496064,eb856411e30dd5cb003861aede56738eaefaa359452970f1067f5fb875fc2315,1.4489766000042437,,4.590095250458403
case_032,2,ok,21880,6216,299304,0,22d966270516baba81598370d6e1eae546e5d3e5235d331d34d8f0ff877d3f4b,0.10708769998745993,,1.8941042047531993
case_032,3,ok,15402,12360,305448,0,4288b347b73bf2580ff2ea29f4b1e533fb1e01fe68c0261b333cf14cc71feb08,0.10843900000327267,,2.690754447474354
case_032,4,ok,14274,12360,305448,0,8c2973cf844c9d49c1a3aa3921e913bb782fe8d3baa287b91f6b5c0daa6ef7b3,0.11448669999663252,,2.9033907804399606
case_032,5,ok,10415,12360,305448,0,07f86d797d43e1bfed97cbc8ee174678f1e6da5926769783bb19e09ff9ea6aaa,0.08869679999770597,,3.9791646663466156
case_033,2,ok,936496,7731434,10704344,5157888,672451aebb9873bd6f6ff9ae60b233fcfcdd1401bb1e6b0867d616971b25e2bb,0.9008018000022275,,1.894504621482633
case_033,3,ok,623371,6634254,9607164,2472448,7aa6a65ca902cda3fdc156b0475a53631390954abc3ee308564217f07ba5dfb7,0.8884053000074346,,2.8461317578135654
case_033,4,ok,482080,9210708,12183618,2103808,6ee78837109f9927c0a66bfbb0b8ebc9bfc41cadd138e4044b718625ce5e7c55,0.8997666999930516,,3.6802937271822103
case_033,5,ok,362856,8163996,11136906,1402880,1a0ee8b5de2ca6f385c8ed6178bcd7d14a32ab0f2d1a5aa36e31755cb0167222,0.8398410999943735,,4.889531935533655
case_034,2,ok,418129,1648128,3928514,581632,135538a2cfcc63967fdc3c449cf823b3462009a0e43aa16362a1a7cc7f91c311,0.7131210000079591,,2.016114644045259
case_034,3,ok,282515,2638336,4918722,201216,71f9506f18b728d92d1624108d2c9ea3306e4aff30d868f75357940202a044d3,0.7755380000016885,,2.9838982000955703
case_034,4,ok,213112,3176960,5457346,57344,44ece2a59f865bc31fe97da6687cb524b703bad8fed202621d3a2311cbd6eac0,0.7580064999929164,,3.955647734524569
case_034,5,ok,178096,3536896,5817282,49152,806c10d4431d08eb22870d06d30ee02f2ab1c0ae00a504ec0254644a536b3b26,0.7916985000047134,,4.733379750247058
case_035,2,ok,95406,0,410854,0,936ef0ac00fed42fb30caae1cb2ef9c8be8bc8c7f0b2114d0c30a9183725ac93,0.625478000001749,,1.7773620107750037
case_035,3,ok,92120,1214380,1625234,0,74e4ca50387f22297f087828542c645edbada5b741c48eff054d45921555aff2,0.9063385999907041,,1.8407620495006514
case_035,4,ok,74735,1211328,1622182,0,aef6bb9b9279ec3313493efc48a79996deb0418a040ebc969633bf1c7c15c7cb,0.8877164999867091,,2.268963671639794
case_035,5,ok,74644,1568002,1978856,0,db4a94f213acd7c43361c8616624824b6546298b338a7d05ca05efd1257d5658,0.9130789000046207,,2.2717298108354322
case_036,2,ok,466068,1152,6555904,0,1091950ace1db6366b0a8c01cec87a9da2f235d68013ad2a8c094b1d27116ae4,0.513868399997591,,1.998656848356892
case_036,3,ok,311345,2304,6557056,0,b5bad51cacdc26bc9066743254ae34f5de87d8385198c90fc229eebb21ceb00d,0.4999690999975428,,2.991890025534375
case_036,4,ok,233584,3456,6558208,0,64c91dd4d1bfd63fa955f5c690411caf24d4c1071c32871d990ca064e6fba07a,0.4919353000004776,,3.987901568600589
case_036,5,ok,187182,4608,6559360,0,44eb0fd5643141ae77ce2094f9599928fea4c7cd89fc95841cadaf777e070f3e,0.4648749000043608,,4.976493466252097
case_037,2,ok,105374,204800,819200,0,f797354f61480b6e37404bfc8c2bad088a272a5b578d6e8ecc6359d93ae54745,0.12298179999925196,,1.992910964754114
case_037,3,ok,74038,1064960,1679360,0,81e7e255e81d45081e729167cb768995ab2c191d6931d47a9ac251bb73cebd7e,0.13914530001056846,,2.836394824279424
case_037,4,ok,54976,532480,1146880,0,47b0ca248ce1ddad5c4b5ad2d7b6b11ea66a30ea6147407e58b4a3bc870652a1,0.11444199999095872,,3.8198668509895226
case_037,5,ok,44890,655360,1269760,0,cfdd02844e2d85eec05f8e608c13be781e7d22da859b5ef70878a2b6d556fe36,0.1259476999985054,,4.678124303853865
case_038,2,ok,683459,6094848,8897798,4240896,bf19ca8e2fe24ca92070b01686d2a8f88dd4fc7bced8487f3d7d38037bdd6dc9,1.541075200002524,,1.996542587046187
case_038,3,ok,462076,7942656,10745606,3323904,1b0bbb4a427c9a7486ec4e678bcd0ae9dc6a19ad6d797de86bd79126c91e2f09,1.6370499000040581,,2.9530964603225445
case_038,4,ok,348315,8252564,11055514,2232320,74a900811fa19abf7e4d2b645025e1dba64401fcafe8b1863c04b16241504294,1.6650193000095896,,3.91758896401246
case_038,5,ok,291895,9579520,12382470,847872,44563c1525e07ef34fdc1328612a0b7846025df80259d94be3836aefaa56d0de,1.6247870000079274,,4.6748145737337055
case_039,2,ok,712650,8159232,12648448,6922240,52363a870e80c7db28d9d76c761e0cb81385e202a7b4a16592833fe09edab480,1.2533406000002287,,2.0139788114782853
case_039,3,ok,568523,15192064,19681280,5976064,45aa2e78dde9a8f4e4fda3fd6461e9646b9fe1016971e2c256a716a8ae934ded,1.750946300002397,,2.524545181109647
case_039,4,ok,367778,12492800,16982016,6103040,aa55b3db2445e181d2558acf9a46f782d108eb668f42fa05cc5b9bbdc30e96cb,1.3498160000017378,,3.902522717508932
case_039,5,ok,431161,20480000,24969216,3670016,3114ed4362763ae1593a971bbdfa0dbf162e339a37908c1086c080f0cd915290,1.4824536999949487,,3.3288307615948565
case_040,2,ok,144027,12288,923526,0,5eebd00a6779e00fce3f090619e94376a721f04ce1e8271d80b0ddc9c8a90111,0.5466509999969276,,1.7597672658598735
case_040,3,ok,110105,0,911238,0,9fc2c058fd63f818676217252253dff4922afc5ffe9218815718552327c7cc93,0.46706139999150764,,2.301929975932065
case_040,4,ok,110202,53760,964998,0,c4e53d803de17d14991233eb73150c5e7eab1a7479f1c6ab05cdded9293bf4b2,0.508266700009699,,2.2999038129979494
case_040,5,ok,110337,66048,977286,0,bf9b5fff87f206f7257230e6c2e3f579be01b554e1a1b18eb1feddd150387b31,0.47752309999486897,,2.2970898248094476
case_041,2,ok,3043073,23538096,28488076,21516288,50489a35a9ac9498b49314f6233efafce1131fa2a4d09bbdd976b0e8cca37b7f,7.068468600002234,,1.9729914464753229
case_041,3,ok,1998711,34737276,39687256,24736768,819e0f5374012cb50e3c62ee810bed324682852813e41547bed2e3807d725f4d,6.079938299997593,,3.0039145229100157
case_041,4,ok,1528894,24485928,29435908,16074752,c7a485e9efad43103d59916a78b88b82a226f15cbd4dea93494dc4b28eb7231f,6.211364799994044,,3.9269936306898976
case_041,5,ok,1208717,39054488,44004468,20263936,3bd1a75774b092b07ae7eb005fceceb155ffd34a40a0e9b80dfcdc3cee1dc63f,6.047698399997898,,4.967214823651855
case_042,2,ok,849537,6469920,8858884,4417536,6191242e23419a031356ffc91411a279afd05cb252394f39ddd73522b68327fb,1.152845900011016,,1.9854815034542346
case_042,3,ok,567781,8368416,10757380,4263936,1ab3a3d313e3e1619bb00a15411d07187e674b53457b6b10066349853799fdfb,1.1622367999952985,,2.97075809158813
case_042,4,ok,444517,8168736,10557700,2626560,a9a6df9d863cfd258b6265b5ac3a4b5cfca08b851b4c470fda6a7e16f5903b49,1.1312618999945698,,3.7945455404405233
case_042,5,ok,362266,10073088,12462052,2171904,16463ba3fdf7ad2083552e659007181f14c09f4f47bee4514bd7d5632f89303c,1.1687314000009792,,4.656081442917635
case_043,2,ok,353177,385024,1816146,16384,7734b5436c71b0e65cdbd938d1056f5d3f076af32797243eb7dd638861ea8142,2.228569200000493,,1.918743293023045
case_043,3,ok,268777,279560,1710682,49160,37c0341953ab7be2cdb31afe88586f1bafdfe77cce1d121595051867d8d2184f,2.0142199999972945,,2.521257399256633
case_043,4,ok,269194,648200,2079322,49160,f1541392eb65f6b85de0591848d99d1a8a8ba0a7b362ae2fa684dca2a364060f,2.065991800001939,,2.517351798331315
case_043,5,ok,269612,1155080,2586202,49160,3e2698e004a197e2edc3108f4653b86b057b9a4cbfed6cf975dad302ad03926f,2.0852641999954358,,2.5134489562779105
case_044,2,ok,47521,930400,1905856,0,cd9c76f3840b92ffe801ddec8251eddcf978097216f9c7cb62885cb5e37c49a6,0.2176130000007106,,3.2492371793522863
case_044,3,ok,55668,1860800,2836256,0,699e24894b7ae76cb8e463e61489e5b1a93851ad800c030e598983cea7e8a6d4,0.18085979999159463,,2.7737120068980383
case_044,4,ok,68165,2791200,3766656,0,03c3f73d883cf557d2e47784584fcbeff463ef26723ef61660b8580a404dd2bf,0.19186110000009649,,2.265194748037849
case_044,5,ok,83237,3721600,4697056,0,037635b4b1ba83a6ec558b22468b0f1c19e0f4ca324d7def8141fb9e0a5033c8,0.17288640000333544,,1.855028412845249
case_045,2,ok,63059,0,557056,0,fd8a41237af35939cf7fc007017968c5630e206b0a9d13f0a2a3789f2afc6162,0.17298470000969246,,1.99200748505368
case_045,3,ok,42601,0,557056,0,0eb6b7af74988a025bde49f4851ea0c80e7c7376111fbbec34cab9a2ebbf6e81,0.19918340000731405,,2.94861622966597
case_045,4,ok,31878,0,557056,0,ecd749215e7197ecc8e0b63da20682d7e83a77823fbe809d5a12a3d4b4c737d3,0.16008859999419656,,3.940460505677897
case_045,5,ok,26164,0,557056,0,16c8ee2138dbbf5b3f98a086cfe11187e5ed434b81052b1a0fe1d3026ab8eda2,0.17449999999371357,,4.801024308209754
case_046,2,ok,112356,930400,1991872,0,e356cf4fa425364ec06f45bd25b16c8c5b6ed053c8a3ecc94e52df16f9a2b31f,0.13416430000506807,,2.460527252661184
case_046,3,ok,84540,1860800,2922272,0,ad2613481fc6a736086c8263cdeb5feb84d618de5fbbe42c8231f1070494b4d3,0.1342962000053376,,3.2701088242252188
case_046,4,ok,80168,2791200,3852672,0,7aada3983c968ea15cdf0b3e1b072e83da4adc2d267ec23183ee84714eee7943,0.13551710000319872,,3.4484457638958186
case_046,5,ok,95335,3721600,4783072,0,a16b928e56cd55900a92b9729703ca028450b3086baf8d9761a8d74c9692dc05,0.1416975000029197,,2.8998269261026905
case_047,2,ok,176096,494022,957964,0,e7cc7b837f6ef7cb78c55ee8388eef85c28b501ea5c7073a26c0b7e5d4c10b46,4.4263561999978265,,1.854147737597674
case_047,3,ok,128024,1353740,1817682,0,f773632b9cdf6cf73841aae589bd8716523742793d9950c9a501ad09110d0485,4.142965899998671,,2.550365556458164
case_047,4,ok,104175,1170770,1634712,0,fddf7b19994db49009cf1775592eada83c37397520b6926313a82e5ee6731d26,3.7377101000020048,,3.134226061915047
case_047,5,ok,94756,2385816,2849758,0,8fe9267dbbeddc2d932692355b6938065e7dab41d73991220774cdaa2ba67bed,3.9503627000085544,,3.4457765207480264
case_048,2,ok,148681,424582,839372,0,5bd79b0505c2038c8a15485caaad1bd23065da1747719199d1ee8253686895f2,0.3206432000006316,,1.4946092641292432
case_048,3,ok,130128,638220,1053010,0,dff9e2b831304e0a9639eacb3681375656c9497b3c0bdfc4d1c0677a0f0906f1,0.36070000000472646,,1.707703184556744
case_048,4,ok,126825,415310,830100,0,d1da4d7cdad14f343198321cf67b5bb48f75e52266584fa34abc9e0b27408f01,0.2877102000056766,,1.7521781983047506
case_048,5,ok,127339,415760,830550,0,4ff9b52c47bf7efe9953fb55d6d6762b13de125e670a0bd231985d07557ee3d4,0.3056683000031626,,1.7451055843064576
case_049,2,ok,132212,795798,948338,0,08890f9adbd0410b361e00474319eded3a8f63d3e551daa34a8736904b1ed368,0.9028270000126213,,1.4845551084621669
case_049,3,ok,115750,1226378,1378918,0,1fbcb4d7f7e3377d89ca7da485c01f4d20ed4786f61e7e3c7b57995976a84fbe,0.871924899998703,,1.6956889848812096
case_049,4,ok,102275,1531118,1683658,0,ad02a456a1fb3b8e4b4071032732510443168d98ae1af6698c196fe662707cab,0.9440735000098357,,1.9191004644341236
case_049,5,ok,97747,1726740,1879280,0,fd350a3215ce3077600bbb99396c7106a654b4553491f9bd83027132e80787c8,0.9844263999984832,,2.008000245531832
case_050,2,ok,75386,597958,917334,0,448fd606e76f57a11ae7dd2393fc9363fdac839cd4aa6beca0d4153075a64516,1.0661575999984052,,1.9856472023983234
case_050,3,ok,60423,919320,1238696,0,82ef3c705a26f4cf10d9358b3f173dba7e3bdba6573790e44f123ec428438eff,0.9907275000005029,,2.4773678897108717
case_050,4,ok,49215,1303162,1622538,0,403cb490188b8110586297a28b75f7186cfda632736da0e1d8066a50d34b7dc0,1.0618486000021221,,3.0415523722442344
case_050,5,ok,47714,1526304,1845680,0,171dcea75e81965a859a03b2a0d053096cf2114c91ceb58ef8802b18529ccce9,1.1185248999972828,,3.1372343546967345
case_051,2,ok,379535,9438408,9831626,9437644,d8e4a6d6494cb27a69e46628c3e0c441339c12280363c4af06040c7beda78785,0.2978426999907242,,1.6009801467585334
case_051,3,ok,228013,376,393594,0,496a298c7f7c37a28368c295d600ef35aec7f9485978d69ee18b6ef7f9f2e453,0.20132829999784008,,2.6648831426278328
case_051,4,ok,192346,1332,394550,0,a5a5a5cb6f75d467244ccdb5d4213854154ce8ae8fcd166dd7155755d7b4ef51,0.2658385999966413,,3.159036319965063
case_051,5,ok,191961,1520,394738,0,5e1bc9289d814edaac123d0f91e8678a89ce068e822f38034e31b797e5569bdf,0.283339799992973,,3.165372132881158
case_052,2,ok,91254,102912,913116,0,6296dd77000fc3cef22639e8fb4fe9ebc4d86ed2eb882aeb05176d435b396931,0.15050009998958558,,1.9758147588050934
case_052,3,ok,63361,181248,991452,0,986033146cb827f76caeb237366105f97b26dfceed0a7295c5635b5b5c3c598e,0.1393699999898672,,2.845614810372311
case_052,4,ok,47721,259584,1069788,0,53ac8fcf9f16e02f836f1a0787f01c7ae27124313e3bde00148c918d638fb03e,0.167464199999813,,3.778231805703988
case_052,5,ok,51670,328704,1138908,0,a768b8b8242cd9690888ebe926fa4bb7bb5010ac38017757db638ddd8129c23e,0.1630927999940468,,3.4894716469905167
case_053,2,ok,718971,4639598,7634886,0,c5d08458592b906767881d30b3cbfb2afd335a0c099459d6c0177acd74324fdb,4.94215560000157,,2.0483246194909115
case_053,3,ok,546106,5882944,8878232,4768320,f204a28e4ca1ab8d8388889b93d69c78c9c98d61dbbb7f521c4769f191fcae57,3.559178299998166,,2.6967035703691224
case_053,4,ok,492232,6360992,9356280,4291488,b3c52372a51c88990b6e611439d91205190655b31681d13ab9f7e4d9ad63a0ce,3.436657500002184,,2.991853434965626
case_053,5,ok,520446,9600548,12595836,3831888,16eb03b4196d2b5408700386405194b8588baa08a02dccccdbffe3408040a6e7,3.1227607000037096,,2.829661482651418
case_054,2,ok,435929,661958,2268234,0,6eaf212fce5eb177491a0f3fc0cfb205d0aa5028ec4b31a973e67085480f8467,5.583165400006692,,1.869687494981981
case_054,3,ok,295182,1733776,3340052,0,af01a314360fbf80ed5dbabaacd98dcd785d549dabcd5356e3f0ec8b6c22daad,4.9364411999995355,,2.76118123733832
case_054,4,ok,231708,1766610,3372886,0,3aa929376c23ac63bba428053d465652bb3dc9c10a9f44eededc2f3c450e1e09,4.434171100001549,,3.517578158717006
case_054,5,ok,202096,2922392,4528668,0,eaa8bdb25df6d25770158c8bc8f1050870ad4bb99c310c745ad9dca3c0fb2d69,4.6076055000012275,,4.032989272424986
case_055,2,ok,65764,57856,683666,0,02bf0b0a06bbf48d250ae2deabad176bd4466fbec3fe72dc0c62bcfe4537922e,0.1488796000048751,,1.8069916671735295
case_055,3,ok,43687,115712,741522,0,f7e9857891b00fa753773c02663f33bd361ec9e6a845ed791a04ae3ffe9fc963,0.14566550000745337,,2.7201455810653057
case_055,4,ok,31367,115712,741522,0,266d8f0e29bf76797635ed37585a3e3e8962a666529f066394bb409fe5a19419,0.15498229999502655,,3.788535722255874
case_055,5,ok,26781,198656,824466,0,74406cae53bf0d1e092b0103b8e937ec015f425d70e5a993de55aa9d6578c884,0.17975969999679364,,4.437287629289422
case_056,2,ok,187182,1022802,1244402,0,f173dd9e25a5b164fa0163f796a1f1349aab252c77cf29ada8235612e44667e4,2.1733534000086365,,1.4813657296107532
case_056,3,ok,144637,1371916,1593516,0,2b5d5dc730581e593ea79e4c93f832ef0209d5b9f271dbf4031527f76c679558,1.8660352000006242,,1.9171097298754813
case_056,4,ok,121045,1936314,2157914,0,b607b80358b0c6cb0633ed148d416986b14c34bf71c5c03de0036b53bc715986,1.8758454999915557,,2.2907596348465447
case_056,5,ok,112895,2504008,2725608,0,42dfd540bacb1fa36c3bf4bfd762dfe4619ea6bd3c2cd20a0eb71b45337aebc0,1.9080399999947986,,2.456131803888569
case_057,2,ok,33730,288,342748,0,e4a9979d248f1b2c0cf1a19905e584470bc20ed8105da02c99bb20da1e8ff851,0.10686619998887181,,1.7707085680403203
case_057,3,ok,25250,288,342748,0,400f4f7a8fecae7b822de8cd588583e260ebef87054b9978797c6213e5cf0875,0.12183709999953862,,2.3653861386138613
case_057,4,ok,20957,288,342748,0,a2bd8abf08f740fcd042d023511a1f488e38e75f60241cb194abb0a33b117c32,0.1101424000080442,,2.8499308107076393
case_057,5,ok,16538,27936,370396,0,643bd93ba247202c196ce04327479e7881d6a489b8abc38c6aee2a357e731bf2,0.10408640000969172,,3.6114403192647235
case_058,2,ok,2316879,31506432,39174144,29216768,ffdbc79c0e989a9aa356939d2c9b1c87f134a2912979f98d026bf9b61cdec152,6.827033800000208,,1.9594104828089858
case_058,3,ok,1554831,30400512,38068224,21209088,b615e67bad6daa16fbb75a224b97d9b427aa160df1a220cd978e8f44c7436ae1,6.377421900004265,,2.9197494775959574
case_058,4,ok,1274373,27066368,34734080,13930496,b7c5f0b9fc2b701df3ed340b4df802866bf4c3434d606fc179d60fdeb4dd963b,6.429833300004248,,3.562314173322881
case_058,5,ok,1004819,32104448,39772160,13721600,bc4ce56d1f63e7a39beffc94f4e6975a50f69a266abbf66c71409f39a871d9fc,5.468253099999856,,4.517945022934478
case_059,2,ok,369318,360448,1703936,0,a4e6a96742cbcae03080b2d6c8b222dc903cf2f8614c8f6def699a7f720770de,0.4288072000053944,,2.2459587672412393
case_059,3,ok,266217,2998272,4341760,835584,ff23eca4b1c5c288383253307c61a5152a29e17d7b38231455e16bcb9d36504b,0.5190368000039598,,3.1157777301975456
case_059,4,ok,185216,1081344,2424832,0,7a7c67cc5070dad2699e61bab51db2ea511a33c24b1dc94e9d306ffcef0b492f,0.46628570000757463,,4.478408992743607
case_059,5,ok,150782,4325376,5668864,0,f803551e4dd53af0b4c8546f66122f25cbc78a7822318b47052da16c4f998226,0.5928502999886405,,5.501140719714555
case_060,2,ok,469437,2768912,4867918,1570832,c9da9e9aee0e139ed2e7b88cc93a9a5cf6e975392e53c778c498f33c9768e4f4,1.140717800008133,,1.8933083672569482
case_060,3,ok,334622,3439756,5538762,1033228,708dfd61215a9bf375016f6778a7b8d98faf4c572684da8c4ffad8736a29557c,1.106110599997919,,2.656098523109658
case_060,4,ok,229383,3699968,5798974,146432,3b1fab878d8311078f649190c886ea5e1c1c276161e004cbb3987513e8d4c8d8,1.1265451000072062,,3.8746942885915696
case_060,5,ok,183272,4290944,6389950,81920,f83edc0910763ec026efc64771a9170d73cedfbaf0f783d5bdd4bc7ad0700566,1.1612908000097377,,4.849562399057139
case_061,2,ok,39299,34560,578748,0,44db77417322b10e8605e17b7f7a95e95281854e8ab36b7149bc89402505adba,0.15873160000774078,,1.9641975622789385
case_061,3,ok,28409,43008,587196,0,21583862db0fa05dc04603160a22b8731cedb73f842b5a06bbcae452849cf974,0.1525419000099646,,2.7171318948220633
case_061,4,ok,27166,62208,606396,0,007f14624a8b45678a1c365879add4651c790e49734e964f90dcdb25f38e8167,0.17329829999653157,,2.8414562320547745
case_061,5,ok,20949,157028,701216,0,cba676a027124d453828066c75731bffa229c2d4bf460aa318d75403aa0f914b,0.17735050000192132,,3.684710487374099
case_062,2,ok,1625119,16422912,29824512,7180800,b8aa45726e0819c32ecd4882382457ed17f05bd2ae7f263f566334388e8c9c28,10.480865099991206,,1.7566768956611793
case_062,3,ok,1126037,15585792,28987392,3941376,c8563263af861b743ae2791885c7ffe0225fa69f2b3eaae7aa8e437cd2c9eb8a,9.453753800000413,,2.5352710434914663
case_062,4,ok,885322,14976000,28377600,1124352,a3c3723248ccccc67b12831a70cb2b6656927b87f98a5300e4f07fcea4817f56,9.235167299993918,,3.2245996371941508
case_062,5,ok,567755,15037440,28439040,251904,444c51f8c4a98cb7ba22795443c04834c3561f100731089f62d253e5486d3b79,8.797272399999201,,5.028241054680276
case_063,2,ok,585524,5064192,10085376,1598976,3da343364bcd8e8ce5d063f7c5fb31341e777d4b21fc8c717e9d1b1864cabdf5,2.39132540000719,,1.828100983051079
case_063,3,ok,351019,4792320,9813504,15360,95213bd40757de7cc3ac8e9dfa720a1c227ec1e07a11da844e5876600be33f13,2.272823100007372,,3.0493990353798512
case_063,4,ok,263878,5203968,10225152,0,4d808b41ce86f643b602cfd7d197202ff8ebe4babbdd4963f598ca80548e61a1,2.201947299996391,,4.056408643388233
case_063,5,ok,373335,9785856,14807040,7096320,9a7daaf05db1e6e3d6432d5b69c2432fd381532687a9159a95c37e2e4f0ebb8c,2.606111699991743,,2.8671220217766886
case_064,2,ok,13773,40166,77580,0,fe6dad99eba2065ea5c457c2b66129ae7731dca62d16542f8a13e16b9fed1f8d,0.11936330000753514,,1.38793291221956
case_064,3,ok,10681,65868,103282,0,07bdffee917dcd55357675754d3d129d611ee3eee4adf04bf18c3c416272310a,0.13166240000282414,,1.7897200636644508
case_064,4,ok,10465,83824,121238,0,d149b1ab6aa349e1377807c37b40863082c052195f44bd71f4481e1841fb8f82,0.13317349999852013,,1.8266602962255136
case_064,5,ok,10292,83728,121142,0,9156fb8d6d4f4ec8abbe2fb386e7e2fc3ed8304ed58be35b1cff5e8880e0e9f7,0.12861889999476261,,1.85736494364555
case_065,2,ok,26928,13968,330170,0,60086231198c2bb3c25c728c805b4e9330fe9e48290471a0907ca32717b0ba48,0.1019535000086762,,1.970736779560309
case_065,3,ok,18165,27792,343994,0,859726a3ded9de1096dad916287029fff7a00435be21577ee83de9c3783b9dd4,0.09070830000564456,,2.921442334159097
case_065,4,ok,14502,41616,357818,0,0fbb9e125f6479d8ead30c468421c989923e034ceed2b49cfde38f24f4c535d9,0.09967039999901317,,3.659357330023445
case_065,5,ok,12156,55584,371786,0,ab305bc1e9330442f90a7ad5d3259be92e9a3e7672bc7c5591673629b812629c,0.09362480000709184,,4.365580783152352
case_066,2,ok,187136,962412,2069446,0,3c755967e9b6bdf630d80c3f502d5099174acbfaa8b376868a0617873474bfd8,1.482594400004018,,1.918764962380301
case_066,3,ok,138900,1875416,2982450,0,118b06cd94192f122e949f936746ffc44c29ddd6d80b300f2e17a3c9a3830554,1.4142646999971475,,2.585097192224622
case_066,4,ok,112071,2276914,3383948,0,88cbf115810a4a1f460ef963968c1b61e2419e6caf4137ecd9daa58e57dc4827,1.4673973000026308,,3.2039510667344806
case_066,5,ok,94904,2420166,3527200,0,193f5f615d3336965a010c7ae89d66b98be7a2cb8635fbb6d65db45b5dd90eea,1.3744206000119448,,3.7835075444659867
case_067,2,ok,32214746,183980416,190028544,180258816,32f4d50b7d9457d89a82da411ce0013982516a65db58b7d247ce965cb4de8e9a,3.0397209000075236,,1.9815408136385741
case_067,3,ok,23139702,179768064,185816192,172324864,dd2d5f4e197f58d423294455b57fbb080e3ad71af54a0199de1d222c52eb42f6,2.563365599999088,,2.7586713951631703
case_067,4,ok,18057629,177194112,183242240,166029312,54a0a35b7bdbd81163351d2c7bce717a384b98db8fadabb0597b5799ecdef974,2.266033299994888,,3.5350617736138004
case_067,5,ok,15329318,175668736,181716864,160782336,79510991ada973726a8e1347a4a7df733e7205aabb6c5c81926212198a403a8b,2.118610900011845,,4.164231833405766
case_068,2,ok,192023,1290782,4062032,0,96b91decba6d69581ee7ca0835563f1b3f5e4537bd3a5a1ce5637b775b6ee953,1.30639300000621,,1.8856855689162235
case_068,3,ok,134975,2190516,4961766,0,02b8b4946eca0582678e0ac09905c095764d8b9249e7932c995ce01646223489,1.1976930999953765,,2.682681978144101
case_068,4,ok,122595,3057330,5828580,0,07e45339ee1775168349cef0878be804b6b251fb6da2f2b7e5ae20caf8b14eff,1.2957202999969013,,2.95358701415229
case_068,5,ok,123877,3420288,6191538,0,7d908de1a945c4cf20af3889faa51475a2607a918ab5c97d0caee92c47f15576,1.197880499996245,,2.923020415412062
case_069,2,ok,13742,111846,237900,0,69d4dacb5b989f6c1fd6fa7987089b19ac970e83fa611b1e86f814412cc93733,0.10849500000767875,,1.8297191092999563
case_069,3,ok,11864,330444,456498,0,55fc043b5bc0922aa2a19662bdba911393b05d41ca6bca40f90d9dcaf1afa584,0.14314480000757612,,2.119352663519892
case_069,4,ok,9592,262578,388632,0,6bedb2c283cc5ea643cfc46a02a8585c779babe354e1612109c8e8e89734b3ba,0.13748910000140313,,2.621351125938282
case_069,5,ok,14614,331026,457080,0,605e8536f560f44b3076a8c9da07cd3d1c4efb416c8c2b4c121c56c506f1b3d7,0.14709319999383297,,1.7205419460791023
case_070,2,ok,58525,129536,549500,0,0a4682dc7509a24a0d28a236791ed5b83ab405debaa2ff2380162c4c7f605832,0.1398462999932235,,2.0042716787697565
case_070,3,ok,45661,259072,679036,0,872c1cca9b126350c8b86e4aaa213fd5ee4fa4352e77fd093f92457a7ebb09dc,0.15485599999374244,,2.568931911259061
case_070,4,ok,36336,360960,780924,0,5677e787303a523a18b7b6a35f1fa26d1d929f91b5da4bb1412c7230c6fa1b2a,0.18188580000423826,,3.228203434610304
case_070,5,ok,27664,462848,882812,0,f2896306339620f997e60c58c996419eb18a8b3e73574d3271c79b070aeabfc7,0.14560979999077972,,4.240167727009832
case_071,2,ok,11417,80358,201804,0,4f4e6aa6d59931663f179eb99effe1fc266b38572eecdd412c3a9afaa0fcf13b,0.08034260000567883,,1.6570903039327318
case_071,3,ok,10829,277100,398546,0,d3bac41abac6c19f8cffb0d943ab64bd5837a4a49862a82639ef9f7769f81065,0.11200069999904372,,1.7470680579924278
case_071,4,ok,8514,211122,332568,0,541d42fde664a71bccd2c5dc6d508c16e1e4edbd30bb7424b22572c0268411f4,0.09330699998827185,,2.2221047686163966
case_071,5,ok,11906,219474,340920,0,32be0028072230062a6abde083261297f4f89ef993ba84cdad78d7f86116cdc4,0.11002439999720082,,1.5890307408029565
case_072,2,ok,11888724,113611640,124714824,102096168,5efcce0a73a44063c5faa2bea74318ea1afed9443511bd77804adb1ad7515eb0,14.838663100003032,,2.0101255609937616
case_072,3,ok,7926170,118470700,129573884,98032936,d190963f1f40b472528745e83673a3027c1338bcf80ee57b7eadd7d81dc1a192,13.097225999998045,,3.015053676618089
case_072,4,ok,5994354,122293024,133396208,93632968,aaa44100d070ba9d03a42af22c91003f400e0cb0082da4a5c71d1f32ca1f3f72,12.989885700008017,,3.9867228395253265
case_072,5,ok,4863110,121488048,132591232,81879040,c0a4d0909d98a61cd48b445190b95f5b82717dea24c8f6862f353bb0369bc940,12.073944600007962,,4.9141039376037146
case_073,2,ok,5306906,91712384,95753472,87990784,1068749098d7c73b6b32f322c97e6af7a75ba50347e57c954f43f53c54375267,1.3347375000012107,,1.8997182162261776
case_073,3,ok,4347939,93073664,97114752,85630464,8c436efab7ca315e5b589821d8179e51e0f0ff11f2eb4ef5972452a4001ab363,1.2022493999975268,,2.318713763003575
case_073,4,ok,3640418,94434944,98476032,83270144,d2e6d013c407fc69cf9d11f6c97f6e89a5a5180c22ee1e8e7dbcff0c93b6623e,1.140540799999144,,2.7693594526782364
case_073,5,ok,3224273,95796224,99837312,80909824,4f7f6d3e0acfc6ccd8a1f6151aded36c28b1f6eb2ade9af483d52be8771e2317,0.9690413999924203,,3.1267904423725907
case_074,2,ok,822510,7077888,10854616,4792320,512a8c6710d8b33b14fb7336b6586c0e1f2d9ce4babe9a2e4ea21d98ea5f889a,0.7942200000106823,,2.0452505136715664
case_074,3,ok,553814,7614464,11391192,3043328,f44b3b83adbe5c4a21fd8d749dfc194de6e66da93a7b40c4d68b119b9360a71a,0.7401007000007667,,3.0375523190096314
case_074,4,ok,423088,8429568,12206296,1785856,cb5bdc643d505af8d7a9d24e2ac14f642b9861c4f1ba3c38a710bdaa9e11b468,0.7817249999934575,,3.9760971712740614
case_074,5,ok,407970,12185740,15962468,622592,b2fda768f7bd35f58e209e0fb544c8c54787240df2d66e9bcfb2ae6a79f7416c,1.1093048000038834,,4.123437997892002
case_075,2,ok,738658,1401990,3239180,0,0636cef50865a16407fbe82b385c14210d5b6fdf3a7e071a637217bf633d9e42,1.8962285000015981,,1.9519303926851128
case_075,3,ok,559640,4018700,5855890,0,cb7a9b0b1f4647a7cfc27158630f0555e13f41405789466eff57f7b02c903119,1.995275399996899,,2.576315131155743
case_075,4,ok,398037,3455122,5292312,0,fee69e2338b9c3e28a2cb364a0ff62e80ef8618ba9ac75f24822643e43ec2e1b,1.8766503000078956,,3.6222989320088335
case_075,5,ok,369499,6786072,8623262,0,b8dd6eb6a01ad22dea7c4c66bc1da679238f348f6fe938ebc8e340691c431ed7,1.9892344000109006,,3.902064687590494
case_076,2,ok,3069464,30744576,35015250,26670080,9c085d0415a7500639545358ad58241703df683ca05af1facd70079a75250ab9,16.86249470000621,,2.015046600970072
case_076,3,ok,2061609,35117056,39387730,26968064,39e2d4ee50c5452f2d1abd929986cba6b83071211a6079fb6813642a50ef1a6f,15.41775009999401,,3.0001387265965564
case_076,4,ok,1550155,35703808,39974482,23480320,49b569bce2bd14783d92957e2d067050edf2828d130eabdb79cb195196554930,14.763228200012236,,3.9899964842225453
case_076,5,ok,1238120,37194752,41465426,20896768,162a333baa3fb62a3de6b8cb5cef2950e23877f6f82b72bf22e14896ead2e7af,14.015813899997738,,4.995568280942074
case_077,2,ok,250735,57344,2198704,0,68b2bd2b1e09c4a9ec8efaaf8afa56674114d2377c8721b271c9d362b1b85347,0.6981815000035567,,1.9754721119907472
case_077,3,ok,178739,114688,2256048,0,7661925961b9c6ddac03aaf9bc9b3d4718147eb7812e11afbe426147c4163b5c,0.747008399994229,,2.771191513883372
case_077,4,ok,144734,172032,2313392,0,c6e3ba2f11ee76c499b41ff84cabacc22b10f2a11eb4fefd1f2b60e6b847d251,0.7134233999968274,,3.4222781101883455
case_077,5,ok,121081,172032,2313392,0,4b5f3f8d483bc722783a6e95e26fdd9237bca50296070645508ea4428505a112,0.7806252000009408,,4.090815239385205
case_078,2,ok,1055740,2148480,4493568,0,dd512d08343ea8a420864219616b9e37c2ec57aa5a8e0d25277a72cce778b002,0.1559519000002183,,2.1749133309337525
case_078,3,ok,773858,5034240,7379328,0,3b2c349df5a303874ff2972a0aa93d72e2f0eb4df87c7ebaa4955caf16575308,0.15438130000256933,,2.967137381793559
case_078,4,ok,557664,6445440,8790528,0,408c2d623ae7906c6c18ccae0597a4c67ded37fd77becd4f167416f6e542cf3c,0.13901179999811575,,4.117430926149079
case_078,5,ok,528099,9331200,11676288,0,6b3b24e83b2abdd2abcac385a6d89bc7ccdd5b387821677443ff653c1f6df994,0.16122090000135358,,4.347940442985122
case_079,2,ok,15446486,31780864,41132032,28131328,b86021bc1bd6d3163a5cee18d748594163a4a3e3b748ef0d3d2d881b49b32f21,10.06652550000581,,2.010311665708304
case_079,3,ok,10181692,39960576,49311744,28336128,6ab985077dcaa65a8a4ed592d313caf8043e631d6ebc19cc9d2cffa3cd6c9525,8.944054199993843,,3.049812447675691
case_079,4,ok,7635624,30445568,39796736,19496960,6d13f89ff0d52188a983427b9dd1a01939e7c564e727b01ab81921b6727cd47e,7.219831400012481,,4.066760097144647
case_079,5,ok,6075976,47677440,57028608,24428544,27d1a1c7184c6496d232354cd037760c029314f30d493c1d001b028def277a22,8.297964299999876,,5.110660575354478
case_080,2,ok,156441,3076096,5054464,1613824,4994c1699b9ba5036fcbcdfcd9f9b36ebd5ca9cea52e76ef8285d09e4e079816,0.2278095000074245,,1.8674004896414622
case_080,3,ok,100098,983040,2961408,0,f787fb65eda1728918e758483a68fd5181701e5ea27fcece0914931226fa0ab6,0.1634217999962857,,2.9185198505464647
case_080,4,ok,92659,2584576,4562944,0,9079fca7f47cd3282f5b9fd1620fb1c4d24ac6e86e450b93eccd1a149de5eb06,0.2574648000008892,,3.1528291909042836
case_080,5,ok,113455,4571136,6549504,0,cb7a4f27a73a650821a086099dc3be0f35aaaaed2e213d22d961cd162633c73f,0.23230669999611564,,2.574923978669957
case_081,2,ok,76860,0,1741140,0,38d67cf6c28fac291aac83471e998b1d4df4007407ebbd1d57a02e3949f048bd,0.7869612000067718,,1.9749544626593807
case_081,3,ok,51943,0,1741140,0,d68ac76f4bbba1d8b60aa20c255a9cabd714ed94c6686cf599309686826f889c,0.7252055999997538,,2.9223379473653814
case_081,4,ok,39588,0,1741140,0,6a60e3a9bbc1f246a0658bb1bf739967c2feba8eda9c86978335e639c3b60689,0.654249900006107,,3.834369000707285
case_081,5,ok,30943,0,1741140,0,ae26e110b0e9d64eef0fc2c50bf20ec8d20f3c1e5fb6ea87c3845f9f42fa4215,0.5898499000031734,,4.905632937982743
case_082,2,ok,365555,567942,1159948,0,e667ab7b0d097b0ba2cfadbe16203912a442382b7abd426668b5655594ba896b,0.7545137999986764,,1.972455581239485
case_082,3,ok,249583,1538572,2130578,0,213037075f8e71bed93d8f639a4f34222e67abe2d060b80736ec3c035c244049,0.7871838999999454,,2.888982823349347
case_082,4,ok,202367,1418386,2010392,0,4dec74e4095e85090b6c73620265c118ac2593d4103e52ff1502112d02b88472,0.7423924000031548,,3.56303646345501
case_082,5,ok,187739,2829592,3421598,0,2b79a56e8dcf36f94be82411fc38ebce69cf2dc28e2cec132788ae895df757e3,0.8079938000009861,,3.840656443253666
case_083,2,ok,447790,930400,2368704,0,c9188db4633d9a506e875ba4de40c57580c98591034206ec200a2d8503281d68,0.7792288999917218,,2.3626990330288753
case_083,3,ok,308067,1860800,3299104,0,163a381039564a1b6b10d0687b4fb4a82a8471b4c6a3401066834aad95d289c3,0.6727495000086492,,3.4342951370968002
case_083,4,ok,224609,2791200,4229504,0,06cb98df169d10f9dda4d24e406d18d2f029d314f774986c9328a4eba37c3a64,0.6845185999991372,,4.710376699063707
case_083,5,ok,197034,3721600,5159904,0,7bc8dee7e3372db6b1ac1ef6a582f78d0e8848584634df682eb17e36318e880a,0.6429769000096712,,5.369596110315986
case_084,2,ok,1255052,0,13236330,0,7fdb9354daf28f5ea7d4c41db2738885384b19ccd12595ac6fb54ce38be17c4e,3.491853400002583,,1.9978550689533183
case_084,3,ok,836220,0,13236330,0,a2ef46d2618ee30c36f5fa83579f4fad7ee9255edd5582da333f164404f1d54b,3.177599899994675,,2.998507569778288
case_084,4,ok,629028,0,13236330,0,6353fab7d8653edce0e5e1c04008ea261d8827569ed0704cf13d887e4d38726a,2.9950610999949276,,3.986169137144928
case_084,5,ok,503472,0,13236330,0,12ef9362db41cdb9f8dce1edbb75273564fd7ef206e671573781bf8a4c516cf8,2.8274206000060076,,4.98024120507198
case_085,2,ok,1662788,2148486,3838220,0,083e187e6aff98d9172d047bb063fadf4be8447ad0180091392134369c68b998,8.070879499995499,,1.917201110424179
case_085,3,ok,1126371,5683212,7372946,0,75a93c335578dc3a749028a8c1ba37dbe314845d0095398918000f9b75e0c85a,7.116653299992322,,2.83023888221554
case_085,4,ok,838581,5003666,6693400,0,8cece95d2e79e82e1d64dc409126568dbd694acec6c5883748ff6d78ed19789b,6.4793152999918675,,3.8015397439245584
case_085,5,ok,746292,10855448,12545182,0,a8e93b023e6d97f3119b454dabb3f879196b59721c4a090de056f54691f17e96,6.741676399993594,,4.271651042755383
case_086,2,ok,62866,418278,756300,0,35b4dc19fe6de0140349a30ac16fecc69b2281b416c9ed1a6b370b1e1fb0b490,1.0139502999954857,,1.8834187000922598
case_086,3,ok,48546,1081164,1419186,0,270189df897b9402eac4cd5208f327a5555f5f1225acead7d182265cc187dfbc,1.0315760999947088,,2.4389857042804763
case_086,4,ok,38996,952434,1290456,0,861855f6c09ec10488e4ec539762204e7a961c0e477ccb0e47746470b405658b,0.8858405000064522,,3.0362857728997845
case_086,5,ok,42073,1934424,2272446,0,bf78c2b76f26ba7531fb6b664722a9238828b2fad051ad9a87be4a28bd41ed9a,1.0895309999905294,,2.814227651938298
case_087,2,ok,1985234,9999360,15918458,7994880,6beba444ef8c1d4b320f2dfb75ee9180323b83ac61a0ddaa1f35c42a0f921731,13.507980299997143,,2.0018148994022873
case_087,3,ok,1385253,10722816,16641914,7059456,d94c99e59dd6b323a29d6e3b99f2764496a984e84327728b9c984a4cf4e160a9,11.981136400005198,,2.8688412874760063
case_087,4,ok,1069661,11796480,17715578,6612480,750c3dbb6c9a0e2fdac2b5f29d19bd0600e9d0484ebfbca97481bffcf353f376,11.530984400000307,,3.715262125103187
case_087,5,ok,888504,11773440,17692538,5483520,517fd09dc6ad790f6007ef378c1270e2cddb16d05bfd50f66086a91f2d3b6e34,10.70705490000546,,4.472766582930409
case_088,2,ok,135849,850054,2679852,0,ec9c72f07bc2d16c3909b622e25384f47039a8571fcdd2828ca8ab936b5983a4,0.6932754000008572,,1.7933367194458554
case_088,3,ok,96111,1473104,3302902,0,f6ff33b6b1872685d56ba097edf7aa72d30ccbbd550601986244315808d7f5b0,0.6394215999898734,,2.5348087107615154
case_088,4,ok,87538,2048310,3878108,0,c764181a7d11820a9ba8e1e639b5e9afb269114bfd966a1ae003d8d6a6d98aef,0.6574053000076674,,2.7830542164545684
case_088,5,ok,86863,2220472,4050270,0,828c99e849863ab9b9450f1a1659785d6c94d1bbb380ca6b3620e17fa424c455,0.6285089000011794,,2.804680934344888
case_089,2,ok,346832,238720,805120,0,ef08037fa81ee9cbd8676803cb34e011ba0ed17a7bae923fb7671ab3f2de5afd,0.9353798999945866,,1.998350786547954
case_089,3,ok,243614,477440,1043840,0,f9ec5c179c52c7372ac071437060c8e66932150560b472fccae0bfd87f4dd3f7,0.8209104999987176,,2.8450417463692563
case_089,4,ok,178160,716160,1282560,0,5e64d1009de8e7d60a6d7b6fd88d9beb7f27884a30f847e56b29081098346800,0.7237857000000076,,3.8902784014369107
case_089,5,ok,147432,954880,1521280,0,45b0caa8d33898a2d757622ef883c1457e7fda931febd7e5b77b4642ba444d1e,0.7149063000106253,,4.701096098540344
case_090,2,ok,482371,2171520,4399872,0,1c1bc8defe4e9b1acb01a9c63138095dbc3a783cde39b0294ade3d247d44e5b4,0.29675769999448676,,2.442856224773048
case_090,3,ok,345253,4596480,6824832,0,b6d55051a8afa9c7a1a9ab1fc370e4e2064d0eaa4e04455bd1d38380345ef157,0.28142379999917466,,3.41304203004753
case_090,4,ok,297117,6744960,8973312,0,df4d02e2be9053a9e77f6e42ef109ec8b2800a6dc597aa95711c990e889d6288,0.282447300007334,,3.9659898289226128
case_090,5,ok,285660,8893440,11121792,0,adadd18e3bc532ae60909b4b27eeb9105f9d33297943dea422caeac928440fc9,0.27056169998832047,,4.125054260309459
case_091,2,ok,4590046,57827296,64404952,51348960,9c368aba5d5070eee5494480552a3dedc940b7f3313941ff177be6885caf359f,16.106783299997915,,2.0014546695174733
case_091,3,ok,3070809,63099200,69676856,50142528,1a149f1746a4947c5bca06a505088300ccaac0bcd7125b3a9e80e884289f57e6,14.712509999997565,,2.9916445470884057
case_091,4,ok,2315529,67391136,73968792,47956128,3186406487aa55648dd1c11c9f81e982e1ebbb0e026db7a6da95ab831a30e83d,14.316580700004124,,3.967460135459327
case_091,5,ok,1876536,69999104,76576760,43844096,3e7021da51418403de4dba1f0fd54df9b135ab634c68c7fd76f5b210d53fa14f,13.044871100006276,,4.895599658093423
case_092,2,ok,2828252,66389088,69646016,65458688,7e60382137e6e41bd42ee975b1527966476fbdce03203d0e5b550fe4421300d5,7.921610999997938,,1.702660866146298
case_092,3,ok,1376516,10577088,13834016,8716288,d2fb3ab49ca4dcfab6dc59a47a9f7be5edd97ba0719c844f376279c4c51a6b0c,6.0841421999939485,,3.4983639855984237
case_092,4,ok,1028889,6657824,9914752,3866624,13916291dc3b1233bedb1e859ade4159a55c6a1c9820eb98ab89b4a47516fd5e,5.538333200005582,,4.680343555038493
case_092,5,ok,819820,4524416,7781344,802816,b70deca5eb8b14f4111ffca97bcbd8128aa40387d30496d70e38d1db378e6608,5.092201399995247,,5.873916225512917
case_093,2,ok,37827,8192,722944,0,1469376cc0cae5c34dfe2b96bb51cb4a7622e7a839eb29b6ac55960acadc677f,0.0975095999892801,,1.9616940280751844
case_093,3,ok,25103,16384,731136,0,d881d5b76b1d96eb7fa2e6e118e738073020ed1bb58fd1526ad5d9ad05a2f30a,0.08336219999182504,,2.956021192686133
case_093,4,ok,19779,24576,739328,0,d2ad824bd9839e8f80ed32db071c1d06ec76ecd2bb9accbaaa0d02c8f0932074,0.08833189999859314,,3.751706355225239
case_093,5,ok,15876,32768,747520,0,6d46bd5288ce6ae2cce27e74567a3e03b7ec6a87982c05048af6750615d14098,0.10030200000619516,,4.674036281179139
case_094,2,ok,53614,106272,632964,0,ba36c383632605f4491d8804f32d12b1078e6bc468b8183872779d5cacfccb26,0.07467070000711828,,1.7699108441824896
case_094,3,ok,39889,212544,739236,0,43cb0c72cef7388f5470b6896d93b0bf6eca67e34201def5227bd4af725fb2b9,0.08067150000715628,,2.37890145152799
case_094,4,ok,30709,318816,845508,0,deb28c457c1129a803c5ec739b97cba407da36a42629ab14f6c590ec6bdf4414,0.08514219999779016,,3.090038750854798
case_094,5,ok,25530,259200,785892,0,bcf34fcd33501d5fc6584f092393808aa00fd29cb0281aace3b0f16a530b3c28,0.08399939999799244,,3.716882099490795
case_095,2,ok,1042890,0,11355036,0,a78c5309ee7909d2dd6aaf73d97c6a981dcced7fb997b6b2a3c8c43b0645dfd7,1.0256954000069527,,1.9991111238960964
case_095,3,ok,695775,0,11355036,0,cad7a631465eb71b3464522c70dbcf0014a6d79f6f550fbe1509f959ac64e8f0,0.9440482000063639,,2.9964471273040854
case_095,4,ok,524422,0,11355036,0,fdfaea2ee55f85e27957b535630142b49bc1238bd49e55f3a705d7e12b5fa100,0.8816036999924108,,3.9755254356224565
case_095,5,ok,420852,0,11355036,0,23bc2a91e21be76a82a97af2665dea4c52e73e94e9b8e706d538df9e694f270c,0.8766497000033269,,4.953886401870491
case_096,2,ok,47175,67392,286950,0,f29c3714eac8a6260e88c1e4ce112ee66d18d9d38bbc9d9e330526f75f0b13e7,0.15577889999258332,,1.7847164811870695
case_096,3,ok,33662,67392,286950,0,9b05ab4ac3348211722ab390fd6de236036367f85d9ce2dcad73e024b28ffb60,0.15302699999301694,,2.5011585764363375
case_096,4,ok,26984,78336,297894,0,fa24e4ae4d75279843c888c55b02e0c9c7742a5dc41e6026a64037043af6b2ed,0.15360199999122415,,3.120145271271865
case_096,5,ok,27053,134784,354342,0,59faa9286047c84d12b631ef182c7e527b6ec1047efbf6cdbdec5949f7183b1f,0.1489410000067437,,3.112187188112224
case_097,2,ok,5617602,11796480,16842752,9240576,0d99921e12bf95f8aba82583e50cccfe25f948b3d0fb4167e2dd95f2ae8c074b,2.08147089999693,,2.045625339780212
case_097,3,ok,3660459,16031744,21078016,7512064,63b88706e014211fc1af4e0567241219be91bd037f6f6f473bb6304b0b0f2e31,2.1355442000058247,,3.1393628503966307
case_097,4,ok,2626908,14221312,19267584,6553600,6e68c3709190ede84c278739b920e4668ef1bc8404463bf9690e49319fe3583f,1.825905399993644,,4.37453805005733
case_097,5,ok,2102348,21311488,26357760,4272128,f01e347ec42e6bf5ab9006aa087cb62318aec498f22094d67c6eda897fda5c3e,2.229198900007759,,5.466035594487687
case_098,2,ok,89756,0,697994,0,b10ecdd3fe66c4dee5a978003f97a24682c7c4d9a740d4f170c2aabb800bf88d,0.20467430001008324,,1.9768037791345425
case_098,3,ok,85234,901280,1599274,20480,2c723bfcdef7e3a7b312f0ca4c8e43b86dcd7552bd718ca13e755af66a7c5e45,0.24890469999809284,,2.0816810193115423
case_098,4,ok,78025,1020112,1718106,0,1cb6ac9156d291c64276ddd8c7af10171f8e78bca1944c5eb2bad541d7fb84ed,0.23822470000595786,,2.2740147388657483
case_098,5,ok,70962,987336,1685330,0,c0a4e853de31d1af0939d0d2f8ec9b6cc55f837c917eae8ac86b1446683f9788,0.24888430000282824,,2.5003523012316453
case_099,2,ok,811392,7303168,9837204,5398528,910ed7186b373f0a680f2ded9292e1e21921a5a833f88c908ef3029cb40a3939,1.3722826000011992,,2.0002649767313456
case_099,3,ok,560542,7594740,10128776,2887680,417c9999b750b3c4a9f4b79f9be3b3080b2c7dd9e8ab0a38e1a6ee9c29176594,1.8498487000033492,,2.895410156598435
case_099,4,ok,427540,7745504,10279540,2117632,33fbbf9711e1b059484960fc313d21f8d8b792a8af72a41913cdd4c70a4e9f9b,1.8001192999945488,,3.796133695092857
case_099,5,ok,337221,10698752,13232788,3080192,75f2556e7ce450a26b050b8f8a536f583e5a71ccd4ffe792a333b74a015729d8,1.4629897999984678,,4.81286456062938
case_100,2,ok,90243,12288,466886,0,6b9f04cfdf97836d5287d486055a55283f8a879938d6ff925c9ce0c162d4074e,0.1821131000033347,,1.6757310816351407
case_100,3,ok,57811,72192,526790,0,86fe803ca22787694f3982325bb52a72e2dfea3696c949fc3f6445ec0f080a97,0.20087700001022313,,2.6158170590372074
case_100,4,ok,58086,144384,598982,0,681c112467a9b0589948715fa7a4a280b78894717abeb3169f7644b5358161e1,0.1806187000038335,,2.603432840959956
case_100,5,ok,58085,211968,666566,0,0559f888440b589988e5b3c984e8745037bb04a551dcc8b48ae062593793bcfc,0.16824949999863748,,2.603477662047
