case,variant,cores,status,makespan_cycles,original_copy_bytes,scheduled_copy_bytes,added_copy_bytes,cache_hit_rate,cache_hit_bytes,wall_seconds,error
case_015,singlecore,1,ok,177362,884614,1064870,180256,,,0.31,
case_015,q1,2,ok,92411,884614,1109150,224536,,,0.285,
case_015,q1,3,ok,60807,884614,1191062,306448,,,0.285,
case_015,q1,4,ok,53421,884614,1148550,263936,,,0.278,
case_015,q1,5,ok,43437,884614,1206150,321536,,,0.308,
case_015,q2,1,ok,177362,884614,1064870,180256,,,0.156,
case_015,q2,2,ok,92411,884614,1109150,224536,,,0.133,
case_015,q2,3,ok,60807,884614,1191062,306448,,,0.131,
case_015,q2,4,ok,53421,884614,1148550,263936,,,0.138,
case_015,q2,5,ok,43437,884614,1206150,321536,,,0.138,
case_015,q3,1,ok,177362,884614,1064870,180256,0.1692685978123867,180224,0.16,
case_015,q3,2,ok,92411,884614,1109150,224536,0.20244435106753256,224512,0.14,
case_015,q3,3,ok,60807,884614,1191062,306448,0.25730652385294756,306432,0.147,
case_015,q3,4,ok,53395,884614,1148550,263936,0.2012925607226637,231168,0.139,
case_015,q3,5,ok,43437,884614,1206150,321536,0.266609619425249,321536,0.141,
case_016,singlecore,1,ok,7715523,393218,393218,0,,,52.652,
case_016,q1,2,ok,7715523,393218,393218,0,,,54.122,
case_016,q1,3,ok,7715523,393218,393218,0,,,55.715,
case_016,q1,4,ok,7715523,393218,393218,0,,,107.65,
case_016,q1,5,ok,7715523,393218,393218,0,,,97.546,
case_016,q2,1,ok,7715523,393218,393218,0,,,12.005,
case_016,q2,2,ok,7715523,393218,393218,0,,,12.144,
case_016,q2,3,ok,7715523,393218,393218,0,,,11.914,
case_016,q2,4,ok,7715523,393218,393218,0,,,11.999,
case_016,q2,5,ok,7715523,393218,393218,0,,,12.126,
case_016,q3,1,ok,7715523,393218,393218,0,0.0,0,10.987,
case_016,q3,2,ok,7715523,393218,393218,0,0.0,0,11.194,
case_016,q3,3,ok,7715523,393218,393218,0,0.0,0,11.107,
case_016,q3,4,ok,7715523,393218,393218,0,0.0,0,11.101,
case_016,q3,5,ok,7715523,393218,393218,0,0.0,0,9.432,
case_017,singlecore,1,ok,162810,643862,666390,22528,,,0.481,
case_017,q1,2,ok,87680,643862,731414,87552,,,0.475,
case_017,q1,3,ok,58579,643862,818966,175104,,,0.463,
case_017,q1,4,ok,42384,643862,903062,259200,,,0.469,
case_017,q1,5,ok,35496,643862,984854,340992,,,0.475,
case_017,q2,1,ok,162810,643862,666390,22528,,,0.215,
case_017,q2,2,ok,87680,643862,731414,87552,,,0.187,
case_017,q2,3,ok,58579,643862,818966,175104,,,0.196,
case_017,q2,4,ok,42384,643862,903062,259200,,,0.19,
case_017,q2,5,ok,35496,643862,984854,340992,,,0.206,
case_017,q3,1,ok,162810,643862,666390,22528,0.040398388942088706,22528,0.208,
case_017,q3,2,ok,87680,643862,731414,87552,0.14060738432877767,87552,0.192,
case_017,q3,3,ok,58579,643862,818966,175104,0.1362503555226394,96768,0.202,
case_017,q3,4,ok,42384,643862,903062,259200,0.12327556469826946,97920,0.209,
case_017,q3,5,ok,35496,643862,984854,340992,0.3024277773338964,264960,0.263,
case_018,singlecore,1,ok,1004367,1592848,3563024,1970176,,,2.014,
case_018,q1,2,ok,502105,1592848,4784656,3191808,,,2.169,
case_018,q1,3,ok,338272,1592848,5459856,3867008,,,2.149,
case_018,q1,4,ok,258133,1592848,6446352,4853504,,,1.922,
case_018,q1,5,ok,203865,1592848,7286288,5693440,,,2.04,
case_018,q2,1,ok,1004367,1592848,3563024,1970176,,,0.566,
case_018,q2,2,ok,502105,1592848,4784656,3191808,,,0.522,
case_018,q2,3,ok,338272,1592848,5459856,3867008,,,0.529,
case_018,q2,4,ok,258133,1592848,6446352,4853504,,,0.553,
case_018,q2,5,ok,203865,1592848,7286288,5693440,,,0.631,
case_018,q3,1,ok,1003110,1592848,3563024,1970176,0.34375031576536474,1224704,0.593,
case_018,q3,2,ok,501620,1592848,4784656,3191808,0.483919000151325,2315264,0.575,
case_018,q3,3,ok,338089,1592848,5459856,3867008,0.5319887669508631,2904448,0.548,
case_018,q3,4,ok,257482,1592848,6446352,4853504,0.6677898264066645,4304640,0.552,
case_018,q3,5,ok,202515,1592848,7286288,5693440,0.5661064534954261,4124672,0.683,
case_019,singlecore,1,ok,81144,186984,186984,0,,,0.138,
case_019,q1,2,ok,43224,186984,214152,27168,,,0.143,
case_019,q1,3,ok,29121,186984,211560,24576,,,0.137,
case_019,q1,4,ok,24099,186984,238728,51744,,,0.135,
case_019,q1,5,ok,24169,186984,260712,73728,,,0.132,
case_019,q2,1,ok,81144,186984,186984,0,,,0.085,
case_019,q2,2,ok,43224,186984,214152,27168,,,0.082,
case_019,q2,3,ok,29121,186984,211560,24576,,,0.081,
case_019,q2,4,ok,24099,186984,238728,51744,,,0.084,
case_019,q2,5,ok,24169,186984,260712,73728,,,0.104,
case_019,q3,1,ok,81144,186984,186984,0,0.0,0,0.09,
case_019,q3,2,ok,43224,186984,214152,27168,0.13161515357039047,27168,0.086,
case_019,q3,3,ok,29121,186984,211560,24576,0.12057224718880624,24576,0.093,
case_019,q3,4,ok,24099,186984,238728,51744,0.011220973523351054,2592,0.082,
case_019,q3,5,ok,24169,186984,260712,73728,0.06476401296545181,16384,0.082,
case_020,singlecore,1,ok,532746,2359296,2359296,0,,,8.779,
case_020,q1,2,ok,266580,2359296,2359296,0,,,5.036,
case_020,q1,3,ok,177950,2359296,2359296,0,,,3.375,
case_020,q1,4,ok,133704,2359296,2359296,0,,,2.829,
case_020,q1,5,ok,107650,2359296,2359296,0,,,2.411,
case_020,q2,1,ok,532746,2359296,2359296,0,,,1.877,
case_020,q2,2,ok,266580,2359296,2359296,0,,,1.357,
case_020,q2,3,ok,177950,2359296,2359296,0,,,1.211,
case_020,q2,4,ok,133704,2359296,2359296,0,,,1.087,
case_020,q2,5,ok,107650,2359296,2359296,0,,,1.103,
case_020,q3,1,ok,532746,2359296,2359296,0,0.0,0,2.08,
case_020,q3,2,ok,266580,2359296,2359296,0,0.0,0,1.499,
case_020,q3,3,ok,177950,2359296,2359296,0,0.0,0,1.317,
case_020,q3,4,ok,133704,2359296,2359296,0,0.0,0,1.29,
case_020,q3,5,ok,107650,2359296,2359296,0,0.0,0,1.242,
case_021,singlecore,1,ok,6567937,3338240,7839744,4501504,,,5.269,
case_021,q1,2,ok,3194570,3338240,6512640,3174400,,,3.244,
case_021,q1,3,ok,2144024,3338240,11104256,7766016,,,7.312,
case_021,q1,4,ok,1550324,3338240,7946240,4608000,,,2.077,
case_021,q1,5,ok,1250168,3338240,14770176,11431936,,,7.023,
case_021,q2,1,ok,6567937,3338240,7839744,4501504,,,1.733,
case_021,q2,2,ok,3194570,3338240,6512640,3174400,,,1.278,
case_021,q2,3,ok,2144024,3338240,11104256,7766016,,,1.904,
case_021,q2,4,ok,1550324,3338240,7946240,4608000,,,1.008,
case_021,q2,5,ok,1250168,3338240,14770176,11431936,,,1.687,
case_021,q3,1,ok,6558837,3338240,7839744,4501504,0.5005973715651135,3432448,1.987,
case_021,q3,2,ok,3193634,3338240,6512640,3174400,0.21777777777777776,1204224,1.411,
case_021,q3,3,ok,2142851,3338240,11104256,7766016,0.5459328207203561,5525504,1.448,
case_021,q3,4,ok,1550324,3338240,7946240,4608000,0.0,0,1.096,
case_021,q3,5,ok,1249380,3338240,14770176,11431936,0.5699643493761141,7858176,1.592,
case_022,singlecore,1,ok,56780,213686,213686,0,,,0.561,
case_022,q1,2,ok,28333,213686,220598,6912,,,0.615,
case_022,q1,3,ok,19128,213686,227510,13824,,,0.602,
case_022,q1,4,ok,14654,213686,227510,13824,,,0.588,
case_022,q1,5,ok,11828,213686,234422,20736,,,0.578,
case_022,q2,1,ok,56780,213686,213686,0,,,0.277,
case_022,q2,2,ok,28333,213686,220598,6912,,,0.262,
case_022,q2,3,ok,19128,213686,227510,13824,,,0.248,
case_022,q2,4,ok,14654,213686,227510,13824,,,0.253,
case_022,q2,5,ok,11828,213686,234422,20736,,,0.246,
case_022,q3,1,ok,56780,213686,213686,0,0.0,0,0.288,
case_022,q3,2,ok,28333,213686,220598,6912,0.03135376408469871,6912,0.283,
case_022,q3,3,ok,19128,213686,227510,13824,0.060801182245210326,13824,0.258,
case_022,q3,4,ok,14654,213686,227510,13824,0.060801182245210326,13824,0.288,
case_022,q3,5,ok,11828,213686,234422,20736,0.08851098704092608,20736,0.286,
case_023,singlecore,1,ok,122614,443444,443444,0,,,0.366,
case_023,q1,2,ok,61227,443444,527828,84384,,,0.304,
case_023,q1,3,ok,41662,443444,640340,196896,,,0.297,
case_023,q1,4,ok,31519,443444,724724,281280,,,0.379,
case_023,q1,5,ok,25191,443444,724436,280992,,,0.406,
case_023,q2,1,ok,122614,443444,443444,0,,,0.19,
case_023,q2,2,ok,61227,443444,527828,84384,,,0.182,
case_023,q2,3,ok,41662,443444,640340,196896,,,0.171,
case_023,q2,4,ok,31519,443444,724724,281280,,,0.172,
case_023,q2,5,ok,25191,443444,724436,280992,,,0.2,
case_023,q3,1,ok,122614,443444,443444,0,0.0,0,0.224,
case_023,q3,2,ok,61227,443444,527828,84384,0.1627445005457989,84384,0.21,
case_023,q3,3,ok,41662,443444,640340,196896,0.3120291338757373,196896,0.223,
case_023,q3,4,ok,31519,443444,724724,281280,0.39317754213714806,281280,0.215,
case_023,q3,5,ok,25191,443444,724436,280992,0.32420005761319176,231840,0.234,
case_024,singlecore,1,ok,2555343,393218,393218,0,,,8.281,
case_024,q1,2,ok,2555343,393218,393218,0,,,8.137,
case_024,q1,3,ok,2555343,393218,393218,0,,,8.149,
case_024,q1,4,ok,2555343,393218,393218,0,,,8.176,
case_024,q1,5,ok,2555343,393218,393218,0,,,8.123,
case_024,q2,1,ok,2555343,393218,393218,0,,,1.977,
case_024,q2,2,ok,2555343,393218,393218,0,,,2.013,
case_024,q2,3,ok,2555343,393218,393218,0,,,2.046,
case_024,q2,4,ok,2555343,393218,393218,0,,,2.081,
case_024,q2,5,ok,2555343,393218,393218,0,,,2.165,
case_024,q3,1,ok,2555343,393218,393218,0,0.0,0,2.133,
case_024,q3,2,ok,2555343,393218,393218,0,0.0,0,2.056,
case_024,q3,3,ok,2555343,393218,393218,0,0.0,0,1.941,
case_024,q3,4,ok,2555343,393218,393218,0,0.0,0,2.084,
case_024,q3,5,ok,2555343,393218,393218,0,0.0,0,1.991,
case_025,singlecore,1,ok,4863026,8217600,8217600,0,,,230.762,
case_025,q1,2,ok,2431840,8217600,8245248,27648,,,162.37,
case_025,q1,3,ok,1622164,8217600,8272896,55296,,,90.488,
case_025,q1,4,ok,1217444,8217600,8300544,82944,,,50.842,
case_025,q1,5,ok,975282,8217600,8328192,110592,,,40.309,
