case,cores,singlecore_cycles,baseline_cycles,selected_cycles,speedup,added_copy_bytes,strategy,source_plan
case_001,2,233110,116868,116868,1.9946435294520313,1152,baseline,baseline_results/case_001/q1_n2/case_001_multicore_res.json
case_001,3,233110,78545,78545,2.9678528232223567,2304,baseline,baseline_results/case_001/q1_n3/case_001_multicore_res.json
case_001,4,233110,58984,58984,3.952088702020887,3456,baseline,baseline_results/case_001/q1_n4/case_001_multicore_res.json
case_001,5,233110,47502,47502,4.9073723211654245,4608,baseline,baseline_results/case_001/q1_n5/case_001_multicore_res.json
case_002,2,261945,261945,139290,1.8805729054490632,611328,first_join,q1_optimization/case_002/n2/first_join/case_002_multicore_res.json
case_002,3,261945,261945,96229,2.7221004063224186,611328,first_join,q1_optimization/case_002/n3/first_join/case_002_multicore_res.json
case_002,4,261945,261945,74162,3.5320649389175047,611328,first_join,q1_optimization/case_002/n4/first_join/case_002_multicore_res.json
case_002,5,261945,261945,61214,4.279168164145457,611328,first_join,q1_optimization/case_002/n5/first_join/case_002_multicore_res.json
case_003,2,602212,538381,334673,1.799404194542135,1692218,valley_merge_40_heft,q1_optimization/case_003/n2/valley_merge_40_heft/case_003_multicore_res.json
case_003,3,602212,538764,229451,2.6245777965665873,2471380,valley_merge_40_heft,q1_optimization/case_003/n3/valley_merge_40_heft/case_003_multicore_res.json
case_003,4,602212,539155,213063,2.8264503926068816,3189486,valley_merge_40_heft,q1_optimization/case_003/n4/valley_merge_40_heft/case_003_multicore_res.json
case_003,5,602212,539607,168388,3.5763356058626505,4050696,valley_merge_40_heft,q1_optimization/case_003/n5/valley_merge_40_heft/case_003_multicore_res.json
case_004,2,392357,199074,199074,1.9709103147573264,110592,baseline,baseline_results/case_004/q1_n2/case_004_multicore_res.json
case_004,3,392357,134043,134043,2.927098020784375,221184,baseline,baseline_results/case_004/q1_n3/case_004_multicore_res.json
case_004,4,392357,104188,104188,3.765855952700887,331776,baseline,baseline_results/case_004/q1_n4/case_004_multicore_res.json
case_004,5,392357,88341,88341,4.441391879195391,442368,baseline,baseline_results/case_004/q1_n5/case_004_multicore_res.json
case_005,2,95618,95618,56091,1.7046941577080101,599742,valley_merge_32_heft,q1_optimization/case_005/n2/valley_merge_32_heft/case_005_multicore_res.json
case_005,3,95618,95618,45163,2.1171755640679315,852140,valley_merge_32_heft,q1_optimization/case_005/n3/valley_merge_32_heft/case_005_multicore_res.json
case_005,4,95618,95618,39415,2.425929214765952,1080058,valley_merge_32_heft,q1_optimization/case_005/n4/valley_merge_32_heft/case_005_multicore_res.json
case_005,5,95618,95618,38428,2.488237743312168,1266408,valley_merge_32_heft,q1_optimization/case_005/n5/valley_merge_32_heft/case_005_multicore_res.json
case_006,2,82837,46100,46100,1.7968980477223426,29576,baseline,baseline_results/case_006/q1_n2/case_006_multicore_res.json
case_006,3,82837,31153,31153,2.6590376528745225,30080,baseline,baseline_results/case_006/q1_n3/case_006_multicore_res.json
case_006,4,82837,31428,31153,2.6590376528745225,30080,baseline_k3,q1_optimization/case_006/n4/baseline_k3/case_006_multicore_res.json
case_006,5,82837,31733,31153,2.6590376528745225,30080,baseline_k3,q1_optimization/case_006/n5/baseline_k3/case_006_multicore_res.json
case_007,2,1012562,507494,507494,1.9952196479170197,27648,baseline,baseline_results/case_007/q1_n2/case_007_multicore_res.json
case_007,3,1012562,338094,338094,2.994912657426633,55296,baseline,baseline_results/case_007/q1_n3/case_007_multicore_res.json
case_007,4,1012562,254398,254398,3.980227831979811,82944,baseline,baseline_results/case_007/q1_n4/case_007_multicore_res.json
case_007,5,1012562,203834,203834,4.967581463347626,110592,baseline,baseline_results/case_007/q1_n5/case_007_multicore_res.json
case_008,2,487605,244266,244266,1.9962049568912579,0,baseline,baseline_results/case_008/q1_n2/case_008_multicore_res.json
case_008,3,487605,163359,163359,2.984867684057811,0,baseline,baseline_results/case_008/q1_n3/case_008_multicore_res.json
case_008,4,487605,123060,123060,3.962335446123842,0,baseline,baseline_results/case_008/q1_n4/case_008_multicore_res.json
case_008,5,487605,100603,100603,4.846823653370178,0,baseline,baseline_results/case_008/q1_n5/case_008_multicore_res.json
case_009,2,153261,92198,91777,1.6699281955173955,490242,valley_merge_32_heft,q1_optimization/case_009/n2/valley_merge_32_heft/case_009_multicore_res.json
case_009,3,153261,92207,69092,2.218216291321716,634496,valley_merge_32_heft,q1_optimization/case_009/n3/valley_merge_32_heft/case_009_multicore_res.json
case_009,4,153261,92216,57977,2.643479310761164,702550,valley_merge_32_heft,q1_optimization/case_009/n4/valley_merge_32_heft/case_009_multicore_res.json
case_009,5,153261,92225,51785,2.959563580187313,777248,valley_merge_32_heft,q1_optimization/case_009/n5/valley_merge_32_heft/case_009_multicore_res.json
case_010,2,86969,45272,45272,1.9210328679978794,48384,baseline,baseline_results/case_010/q1_n2/case_010_multicore_res.json
case_010,3,86969,30856,30856,2.8185442053409386,48384,baseline,baseline_results/case_010/q1_n3/case_010_multicore_res.json
case_010,4,86969,29856,29856,2.9129488210075025,96768,baseline,baseline_results/case_010/q1_n4/case_010_multicore_res.json
case_010,5,86969,31015,29856,2.9129488210075025,96768,baseline_k4,q1_optimization/case_010/n5/baseline_k4/case_010_multicore_res.json
case_011,2,184697,92646,92646,1.9935777043801135,180224,baseline,baseline_results/case_011/q1_n2/case_011_multicore_res.json
case_011,3,184697,69625,69625,2.6527396768402154,1081344,baseline,baseline_results/case_011/q1_n3/case_011_multicore_res.json
case_011,4,184697,46880,46880,3.9397824232081913,540672,baseline,baseline_results/case_011/q1_n4/case_011_multicore_res.json
case_011,5,184697,47287,47287,3.905872649988369,1622016,baseline,baseline_results/case_011/q1_n5/case_011_multicore_res.json
case_012,2,59088,30094,30094,1.9634478633614674,28800,baseline,baseline_results/case_012/q1_n2/case_012_multicore_res.json
case_012,3,59088,21894,21894,2.6988215949575225,20160,baseline,baseline_results/case_012/q1_n3/case_012_multicore_res.json
case_012,4,59088,17236,17236,3.42817359016013,39168,baseline,baseline_results/case_012/q1_n4/case_012_multicore_res.json
case_012,5,59088,14300,14300,4.132027972027972,49536,baseline,baseline_results/case_012/q1_n5/case_012_multicore_res.json
case_013,2,263949,132198,132198,1.9966187083011846,8192,baseline,baseline_results/case_013/q1_n2/case_013_multicore_res.json
case_013,3,263949,88351,88351,2.98750438591527,16384,baseline,baseline_results/case_013/q1_n3/case_013_multicore_res.json
case_013,4,263949,66982,66982,3.9405959810098237,24576,baseline,baseline_results/case_013/q1_n4/case_013_multicore_res.json
case_013,5,263949,54363,54363,4.855305998565201,32768,baseline,baseline_results/case_013/q1_n5/case_013_multicore_res.json
case_014,2,17698626,8891974,8891974,1.990404605321608,71575992,baseline,baseline_results/case_014/q1_n2/case_014_multicore_res.json
case_014,3,17698626,5980632,5980632,2.9593236968935726,77640360,baseline,baseline_results/case_014/q1_n3/case_014_multicore_res.json
case_014,4,17698626,4526660,4526660,3.9098642266041628,82469784,baseline,baseline_results/case_014/q1_n4/case_014_multicore_res.json
case_014,5,17698626,3694640,3694640,4.790351969339367,87765000,baseline,baseline_results/case_014/q1_n5/case_014_multicore_res.json
case_015,2,177362,92411,92411,1.9192736795403145,224536,baseline,baseline_results/case_015/q1_n2/case_015_multicore_res.json
case_015,3,177362,60807,60807,2.916802341835644,306448,baseline,baseline_results/case_015/q1_n3/case_015_multicore_res.json
case_015,4,177362,53421,53421,3.320080118305535,263936,baseline,baseline_results/case_015/q1_n4/case_015_multicore_res.json
case_015,5,177362,43437,43437,4.083200957708866,321536,baseline,baseline_results/case_015/q1_n5/case_015_multicore_res.json
case_016,2,7715523,7715523,4550194,1.6956470427414743,119554128,fork_join_heft,q1_optimization/case_016/n2/fork_join_heft/case_016_multicore_res.json
case_016,3,7715523,7715523,3712678,2.0781557140155975,119554736,fork_join_heft,q1_optimization/case_016/n3/fork_join_heft/case_016_multicore_res.json
case_016,4,7715523,7715523,3241338,2.380351262349067,119555344,fork_join_heft,q1_optimization/case_016/n4/fork_join_heft/case_016_multicore_res.json
case_016,5,7715523,7715523,3223183,2.3937589023024755,119555952,fork_join_heft,q1_optimization/case_016/n5/fork_join_heft/case_016_multicore_res.json
case_017,2,162810,87680,87680,1.8568658759124088,87552,baseline,baseline_results/case_017/q1_n2/case_017_multicore_res.json
case_017,3,162810,58579,58579,2.7793236484064257,175104,baseline,baseline_results/case_017/q1_n3/case_017_multicore_res.json
case_017,4,162810,42384,42384,3.841308040770102,259200,baseline,baseline_results/case_017/q1_n4/case_017_multicore_res.json
case_017,5,162810,35496,35496,4.586713995943205,340992,baseline,baseline_results/case_017/q1_n5/case_017_multicore_res.json
case_018,2,1004367,502105,502105,2.0003126836020355,3191808,baseline,baseline_results/case_018/q1_n2/case_018_multicore_res.json
case_018,3,1004367,338272,338272,2.969110656513102,3867008,baseline,baseline_results/case_018/q1_n3/case_018_multicore_res.json
case_018,4,1004367,258133,258133,3.89088958017766,4853504,baseline,baseline_results/case_018/q1_n4/case_018_multicore_res.json
case_018,5,1004367,203865,203865,4.926627915532338,5693440,baseline,baseline_results/case_018/q1_n5/case_018_multicore_res.json
case_019,2,81144,43224,43224,1.8772903942254304,27168,baseline,baseline_results/case_019/q1_n2/case_019_multicore_res.json
case_019,3,81144,29121,29121,2.7864427732564128,24576,baseline,baseline_results/case_019/q1_n3/case_019_multicore_res.json
case_019,4,81144,24099,24099,3.3671106684924688,51744,baseline,baseline_results/case_019/q1_n4/case_019_multicore_res.json
case_019,5,81144,24169,24169,3.357358599859324,73728,baseline,baseline_results/case_019/q1_n5/case_019_multicore_res.json
case_020,2,532746,266580,266580,1.9984469952734638,0,baseline,baseline_results/case_020/q1_n2/case_020_multicore_res.json
case_020,3,532746,177950,177950,2.993796010115201,0,baseline,baseline_results/case_020/q1_n3/case_020_multicore_res.json
case_020,4,532746,133704,133704,3.984518039849219,0,baseline,baseline_results/case_020/q1_n4/case_020_multicore_res.json
case_020,5,532746,107650,107650,4.948871342313051,0,baseline,baseline_results/case_020/q1_n5/case_020_multicore_res.json
case_021,2,6567937,3194570,3194570,2.0559690349561914,3174400,baseline,baseline_results/case_021/q1_n2/case_021_multicore_res.json
case_021,3,6567937,2144024,2144024,3.063369160046716,7766016,baseline,baseline_results/case_021/q1_n3/case_021_multicore_res.json
case_021,4,6567937,1550324,1550324,4.236493145948847,4608000,baseline,baseline_results/case_021/q1_n4/case_021_multicore_res.json
case_021,5,6567937,1250168,1250168,5.253643510312214,11431936,baseline,baseline_results/case_021/q1_n5/case_021_multicore_res.json
case_022,2,56780,28333,28333,2.004023576747962,6912,baseline,baseline_results/case_022/q1_n2/case_022_multicore_res.json
case_022,3,56780,19128,19128,2.968423253868674,13824,baseline,baseline_results/case_022/q1_n3/case_022_multicore_res.json
case_022,4,56780,14654,14654,3.874709976798144,13824,baseline,baseline_results/case_022/q1_n4/case_022_multicore_res.json
case_022,5,56780,11828,11828,4.800473452823808,20736,baseline,baseline_results/case_022/q1_n5/case_022_multicore_res.json
case_023,2,122614,61227,61227,2.0026132261910594,84384,baseline,baseline_results/case_023/q1_n2/case_023_multicore_res.json
case_023,3,122614,41662,41662,2.943065623349815,196896,baseline,baseline_results/case_023/q1_n3/case_023_multicore_res.json
case_023,4,122614,31519,31519,3.890161489894984,281280,baseline,baseline_results/case_023/q1_n4/case_023_multicore_res.json
case_023,5,122614,25191,25191,4.867373268230717,280992,baseline,baseline_results/case_023/q1_n5/case_023_multicore_res.json
case_024,2,2555343,2555343,1506718,1.6959663321205427,39327048,fork_join_heft,q1_optimization/case_024/n2/fork_join_heft/case_024_multicore_res.json
case_024,3,2555343,2555343,1228774,2.0795874587190157,39327248,fork_join_heft,q1_optimization/case_024/n3/fork_join_heft/case_024_multicore_res.json
case_024,4,2555343,2555343,1072818,2.3818979547323034,39327448,fork_join_heft,q1_optimization/case_024/n4/fork_join_heft/case_024_multicore_res.json
case_024,5,2555343,2555343,1067515,2.3937302988716787,39327648,fork_join_heft,q1_optimization/case_024/n5/fork_join_heft/case_024_multicore_res.json
case_025,2,4863026,2431840,2431840,1.9997310678334101,27648,baseline,baseline_results/case_025/q1_n2/case_025_multicore_res.json
case_025,3,4863026,1622164,1622164,2.9978633479722148,55296,baseline,baseline_results/case_025/q1_n3/case_025_multicore_res.json
case_025,4,4863026,1217444,1217444,3.9944555971362954,82944,baseline,baseline_results/case_025/q1_n4/case_025_multicore_res.json
case_025,5,4863026,975282,975282,4.986276789687495,110592,baseline,baseline_results/case_025/q1_n5/case_025_multicore_res.json
case_026,2,99203,58112,58112,1.707100082599119,288,baseline,baseline_results_15_55/case_026/q1_n2/case_026_multicore_res.json
case_026,3,99203,41655,41655,2.3815388308726444,95664,baseline,baseline_results_15_55/case_026/q1_n3/case_026_multicore_res.json
case_026,4,99203,42226,41655,2.3815388308726444,95664,baseline_k3,q1_optimization/case_026/n4/baseline_k3/case_026_multicore_res.json
case_026,5,99203,44114,41655,2.3815388308726444,95664,baseline_k3,q1_optimization/case_026/n5/baseline_k3/case_026_multicore_res.json
case_027,2,2363952,1120962,1120962,2.10886006840553,1744896,baseline,baseline_results_15_55/case_027/q1_n2/case_027_multicore_res.json
case_027,3,2363952,837049,837049,2.8241500796249683,3686400,baseline,baseline_results_15_55/case_027/q1_n3/case_027_multicore_res.json
case_027,4,2363952,559196,559196,4.227412213249022,3317760,baseline,baseline_results_15_55/case_027/q1_n4/case_027_multicore_res.json
case_027,5,2363952,558753,558753,4.230763861670542,5529600,baseline,baseline_results_15_55/case_027/q1_n5/case_027_multicore_res.json
case_028,2,43836040,23638628,22065328,1.9866480117585381,231418944,valley_split,q1_optimization/case_028/n2/valley_split/case_028_multicore_res.json
case_028,3,43836040,16770711,16697261,2.6253431625701964,232113888,valley_split,q1_optimization/case_028/n3/valley_split/case_028_multicore_res.json
case_028,4,43836040,13608312,13045632,3.3602082290838804,236235240,valley_split,q1_optimization/case_028/n4/valley_split/case_028_multicore_res.json
case_028,5,43836040,11491035,10291425,4.259472327690286,236587968,valley_split,q1_optimization/case_028/n5/valley_split/case_028_multicore_res.json
case_029,2,37555,19740,19740,1.9024822695035462,0,baseline,baseline_results_29_55/case_029/q1_n2/case_029_multicore_res.json
case_029,3,37555,12743,12743,2.9471082162756024,0,baseline,baseline_results_29_55/case_029/q1_n3/case_029_multicore_res.json
case_029,4,37555,11028,11028,3.405422560754443,0,baseline,baseline_results_29_55/case_029/q1_n4/case_029_multicore_res.json
case_029,5,37555,9383,9383,4.002451241607162,0,baseline,baseline_results_29_55/case_029/q1_n5/case_029_multicore_res.json
case_030,2,2808034,1401423,1401423,2.003701951516423,6940672,baseline,baseline_results_29_55/case_030/q1_n2/case_030_multicore_res.json
case_030,3,2808034,933969,933969,3.0065601749094455,9071616,baseline,baseline_results_29_55/case_030/q1_n3/case_030_multicore_res.json
case_030,4,2808034,699591,699591,4.0138223619228945,8632320,baseline,baseline_results_29_55/case_030/q1_n4/case_030_multicore_res.json
case_030,5,2808034,561192,561192,5.0036957048568045,11644416,baseline,baseline_results_29_55/case_030/q1_n5/case_030_multicore_res.json
case_031,2,1414369,735345,735345,1.923408740115184,5564928,baseline,baseline_results_29_55/case_031/q1_n2/case_031_multicore_res.json
case_031,3,1414369,486363,486363,2.9080522161430866,5018112,baseline,baseline_results_29_55/case_031/q1_n3/case_031_multicore_res.json
case_031,4,1414369,398198,398198,3.5519239172471986,7971840,baseline,baseline_results_29_55/case_031/q1_n4/case_031_multicore_res.json
case_031,5,1414369,308135,308135,4.590095250458403,8217600,baseline,baseline_results_29_55/case_031/q1_n5/case_031_multicore_res.json
case_032,2,41443,21880,21880,1.8941042047531993,6216,baseline,baseline_results_29_55/case_032/q1_n2/case_032_multicore_res.json
case_032,3,41443,15402,15402,2.690754447474354,12360,baseline,baseline_results_29_55/case_032/q1_n3/case_032_multicore_res.json
case_032,4,41443,14274,14274,2.9033907804399606,12360,baseline,baseline_results_29_55/case_032/q1_n4/case_032_multicore_res.json
case_032,5,41443,10415,10415,3.9791646663466156,12360,baseline,baseline_results_29_55/case_032/q1_n5/case_032_multicore_res.json
case_033,2,1774196,897883,897883,1.975976825488399,6229536,baseline,baseline_results_29_55/case_033/q1_n2/case_033_multicore_res.json
case_033,3,1774196,604202,604202,2.9364285454202403,7803456,baseline,baseline_results_29_55/case_033/q1_n3/case_033_multicore_res.json
case_033,4,1774196,460454,460454,3.853144939559652,7531104,baseline,baseline_results_29_55/case_033/q1_n4/case_033_multicore_res.json
case_033,5,1774196,376794,376794,4.708663089115007,8297088,baseline,baseline_results_29_55/case_033/q1_n5/case_033_multicore_res.json
case_034,2,842996,418129,418129,2.016114644045259,1648128,baseline,baseline_results_29_55/case_034/q1_n2/case_034_multicore_res.json
case_034,3,842996,282515,282515,2.9838982000955703,2638336,baseline,baseline_results_29_55/case_034/q1_n3/case_034_multicore_res.json
case_034,4,842996,213112,213112,3.955647734524569,3176960,baseline,baseline_results_29_55/case_034/q1_n4/case_034_multicore_res.json
case_034,5,842996,178096,178096,4.733379750247058,3536896,baseline,baseline_results_29_55/case_034/q1_n5/case_034_multicore_res.json
case_035,2,169571,95406,95406,1.7773620107750037,0,baseline,baseline_results_29_55/case_035/q1_n2/case_035_multicore_res.json
case_035,3,169571,95424,90451,1.8747277531481132,536476,valley_merge_24_heft,q1_optimization/case_035/n3/valley_merge_24_heft/case_035_multicore_res.json
case_035,4,169571,95442,72321,2.3446993266132936,583578,valley_merge_24_heft,q1_optimization/case_035/n4/valley_merge_24_heft/case_035_multicore_res.json
case_035,5,169571,95460,57542,2.9469083452087173,611392,valley_merge_24_heft,q1_optimization/case_035/n5/valley_merge_24_heft/case_035_multicore_res.json
case_036,2,931510,466068,466068,1.998656848356892,1152,baseline,baseline_results_29_55/case_036/q1_n2/case_036_multicore_res.json
case_036,3,931510,311345,311345,2.991890025534375,2304,baseline,baseline_results_29_55/case_036/q1_n3/case_036_multicore_res.json
case_036,4,931510,233584,233584,3.987901568600589,3456,baseline,baseline_results_29_55/case_036/q1_n4/case_036_multicore_res.json
case_036,5,931510,187182,187182,4.976493466252097,4608,baseline,baseline_results_29_55/case_036/q1_n5/case_036_multicore_res.json
case_037,2,210001,105374,105374,1.992910964754114,204800,baseline,baseline_results_29_55/case_037/q1_n2/case_037_multicore_res.json
case_037,3,210001,74038,74038,2.836394824279424,1064960,baseline,baseline_results_29_55/case_037/q1_n3/case_037_multicore_res.json
case_037,4,210001,53320,53320,3.938503375843961,614400,baseline,baseline_results_29_55/case_037/q1_n4/case_037_multicore_res.json
case_037,5,210001,43800,43800,4.794543378995434,1925120,baseline,baseline_results_29_55/case_037/q1_n5/case_037_multicore_res.json
case_038,2,1364555,683459,683459,1.996542587046187,6094848,baseline,baseline_results_29_55/case_038/q1_n2/case_038_multicore_res.json
case_038,3,1364555,462076,462076,2.9530964603225445,7942656,baseline,baseline_results_29_55/case_038/q1_n3/case_038_multicore_res.json
case_038,4,1364555,346382,346382,3.9394512416926974,8761344,baseline,baseline_results_29_55/case_038/q1_n4/case_038_multicore_res.json
case_038,5,1364555,280919,280919,4.857467811006019,9070080,baseline,baseline_results_29_55/case_038/q1_n5/case_038_multicore_res.json
case_039,2,1435262,708561,708561,2.025601183243221,11067392,baseline,baseline_results_29_55/case_039/q1_n2/case_039_multicore_res.json
case_039,3,1435262,485565,485565,2.9558596686334475,14323712,baseline,baseline_results_29_55/case_039/q1_n3/case_039_multicore_res.json
case_039,4,1435262,395323,395323,3.6306058590064327,17604608,baseline,baseline_results_29_55/case_039/q1_n4/case_039_multicore_res.json
case_039,5,1435262,431161,431161,3.3288307615948565,20480000,baseline,baseline_results_29_55/case_039/q1_n5/case_039_multicore_res.json
case_040,2,253454,144027,144027,1.7597672658598735,12288,baseline,baseline_results_29_55/case_040/q1_n2/case_040_multicore_res.json
case_040,3,253454,110105,109266,2.319605366719748,1260994,valley_mode_heft,q1_optimization/case_040/n3/valley_mode_heft/case_040_multicore_res.json
case_040,4,253454,110202,95092,2.6653556555756532,1480856,valley_mode_heft,q1_optimization/case_040/n4/valley_mode_heft/case_040_multicore_res.json
case_040,5,253454,110337,95187,2.662695536155147,971758,valley_merge_32_heft,q1_optimization/case_040/n5/valley_merge_32_heft/case_040_multicore_res.json
case_041,2,6003957,3002984,3002984,1.9993303327623457,30557184,baseline,baseline_results_29_55/case_041/q1_n2/case_041_multicore_res.json
case_041,3,6003957,1998385,1998385,3.0044045566795186,34762752,baseline,baseline_results_29_55/case_041/q1_n3/case_041_multicore_res.json
case_041,4,6003957,1501288,1501288,3.999204016817559,34759680,baseline,baseline_results_29_55/case_041/q1_n4/case_041_multicore_res.json
case_041,5,6003957,1213259,1213259,4.948619379703756,38200320,baseline,baseline_results_29_55/case_041/q1_n5/case_041_multicore_res.json
case_042,2,1686740,849537,849537,1.9854815034542346,6469920,baseline,baseline_results_29_55/case_042/q1_n2/case_042_multicore_res.json
case_042,3,1686740,567781,567781,2.97075809158813,8368416,baseline,baseline_results_29_55/case_042/q1_n3/case_042_multicore_res.json
case_042,4,1686740,444517,444517,3.7945455404405233,8168736,baseline,baseline_results_29_55/case_042/q1_n4/case_042_multicore_res.json
case_042,5,1686740,362266,362266,4.656081442917635,10073088,baseline,baseline_results_29_55/case_042/q1_n5/case_042_multicore_res.json
case_043,2,677656,353177,346415,1.9561970468946206,2248218,valley_merge_40_heft,q1_optimization/case_043/n2/valley_merge_40_heft/case_043_multicore_res.json
case_043,3,677656,268777,248521,2.7267554854519336,3276150,valley_merge_40_heft,q1_optimization/case_043/n3/valley_merge_40_heft/case_043_multicore_res.json
case_043,4,677656,269194,196266,3.4527427063271277,3836302,valley_merge_40_heft,q1_optimization/case_043/n4/valley_merge_40_heft/case_043_multicore_res.json
case_043,5,677656,269612,174128,3.8917118441606173,4424184,valley_merge_40_heft,q1_optimization/case_043/n5/valley_merge_40_heft/case_043_multicore_res.json
case_044,2,154407,131105,65130,2.370750806080147,1147232,data_band_12,q1_optimization/case_044/n2/data_band_12/case_044_multicore_res.json
case_044,3,154407,123553,68814,2.243831197140117,2077632,data_band_12,q1_optimization/case_044/n3/data_band_12/case_044_multicore_res.json
case_044,4,154407,124268,78188,1.9748171074845244,3008032,data_band_12,q1_optimization/case_044/n4/data_band_12/case_044_multicore_res.json
case_044,5,154407,132892,91544,1.686697107401905,3938432,data_band_12,q1_optimization/case_044/n5/data_band_12/case_044_multicore_res.json
case_045,2,125614,63059,63059,1.99200748505368,0,baseline,baseline_results_29_55/case_045/q1_n2/case_045_multicore_res.json
case_045,3,125614,42601,42601,2.94861622966597,0,baseline,baseline_results_29_55/case_045/q1_n3/case_045_multicore_res.json
case_045,4,125614,31878,31878,3.940460505677897,0,baseline,baseline_results_29_55/case_045/q1_n4/case_045_multicore_res.json
case_045,5,125614,26164,26164,4.801024308209754,0,baseline,baseline_results_29_55/case_045/q1_n5/case_045_multicore_res.json
case_046,2,276455,166578,138890,1.9904600763193894,1561184,data_band_12,q1_optimization/case_046/n2/data_band_12/case_046_multicore_res.json
case_046,3,276455,142176,118466,2.333623149258015,2491584,data_band_12,q1_optimization/case_046/n3/data_band_12/case_046_multicore_res.json
case_046,4,276455,124612,113490,2.4359414926425234,3421984,data_band_12,q1_optimization/case_046/n4/data_band_12/case_046_multicore_res.json
case_046,5,276455,131039,116275,2.3775962158675554,4352384,data_band_12,q1_optimization/case_046/n5/data_band_12/case_046_multicore_res.json
case_047,2,326508,326508,202068,1.615832294079221,1097622,valley_merge_16_heft,q1_optimization/case_047/n2/valley_merge_16_heft/case_047_multicore_res.json
case_047,3,326508,326508,154800,2.10922480620155,1594560,valley_merge_16_heft,q1_optimization/case_047/n3/valley_merge_16_heft/case_047_multicore_res.json
case_047,4,326508,326508,128336,2.544165316045381,1496234,valley_merge_16_heft,q1_optimization/case_047/n4/valley_merge_16_heft/case_047_multicore_res.json
case_047,5,326508,326508,119895,2.7232828725134492,2290708,valley_merge_16_heft,q1_optimization/case_047/n5/valley_merge_16_heft/case_047_multicore_res.json
case_048,2,222220,222220,138281,1.6070175946080807,843532,valley_merge_10_heft,q1_optimization/case_048/n2/valley_merge_10_heft/case_048_multicore_res.json
case_048,3,222220,222220,117377,1.8932158770457586,937780,valley_merge_10_heft,q1_optimization/case_048/n3/valley_merge_10_heft/case_048_multicore_res.json
case_048,4,222220,222220,112953,1.9673669579382576,964532,valley_merge_10_heft,q1_optimization/case_048/n4/valley_merge_10_heft/case_048_multicore_res.json
case_048,5,222220,222220,111155,1.9991903198236696,968758,valley_merge_10_heft,q1_optimization/case_048/n5/valley_merge_10_heft/case_048_multicore_res.json
case_049,2,196276,160206,148975,1.3175096492700118,272632,valley_merge_20_heft,q1_optimization/case_049/n2/valley_merge_20_heft/case_049_multicore_res.json
case_049,3,196276,160224,118835,1.6516682795472715,331140,valley_merge_20_heft,q1_optimization/case_049/n3/valley_merge_20_heft/case_049_multicore_res.json
case_049,4,196276,160242,98817,1.9862574253417935,385552,valley_merge_20_heft,q1_optimization/case_049/n4/valley_merge_20_heft/case_049_multicore_res.json
case_049,5,196276,160260,93035,2.1097006502929005,446270,valley_merge_20_heft,q1_optimization/case_049/n5/valley_merge_20_heft/case_049_multicore_res.json
case_050,2,149690,108121,81231,1.84276938607182,406870,valley_merge_40_heft,q1_optimization/case_050/n2/valley_merge_40_heft/case_050_multicore_res.json
case_050,3,149690,108134,59129,2.531583486952257,503858,valley_merge_40_heft,q1_optimization/case_050/n3/valley_merge_40_heft/case_050_multicore_res.json
case_050,4,149690,108147,47911,3.124334703930204,592722,valley_merge_40_heft,q1_optimization/case_050/n4/valley_merge_40_heft/case_050_multicore_res.json
case_050,5,149690,108160,43279,3.4587213198086832,656902,valley_merge_32_heft,q1_optimization/case_050/n5/valley_merge_32_heft/case_050_multicore_res.json
case_051,2,607628,607628,357955,1.6974982888910617,9045258,fork_join_heft,q1_optimization/case_051/n2/fork_join_heft/case_051_multicore_res.json
case_051,3,607628,607628,291222,2.086476983194951,9045304,fork_join_heft,q1_optimization/case_051/n3/fork_join_heft/case_051_multicore_res.json
case_051,4,607628,607628,254308,2.389338911870645,9045350,fork_join_heft,q1_optimization/case_051/n4/fork_join_heft/case_051_multicore_res.json
case_051,5,607628,607628,253856,2.3935932182024455,9045396,fork_join_heft,q1_optimization/case_051/n5/fork_join_heft/case_051_multicore_res.json
case_052,2,180301,91254,91254,1.9758147588050934,102912,baseline,baseline_results_29_55/case_052/q1_n2/case_052_multicore_res.json
case_052,3,180301,63361,63361,2.845614810372311,181248,baseline,baseline_results_29_55/case_052/q1_n3/case_052_multicore_res.json
case_052,4,180301,47721,47721,3.778231805703988,259584,baseline,baseline_results_29_55/case_052/q1_n4/case_052_multicore_res.json
case_052,5,180301,51670,43555,4.13961657674205,443480,valley_split,q1_optimization/case_052/n5/valley_split/case_052_multicore_res.json
case_053,2,1472686,774929,774929,1.900414102453257,5959552,baseline,baseline_results_29_55/case_053/q1_n2/case_053_multicore_res.json
case_053,3,1472686,546106,546106,2.6967035703691224,5882944,baseline,baseline_results_29_55/case_053/q1_n3/case_053_multicore_res.json
case_053,4,1472686,492232,490398,3.0030424267635674,8579742,band_12,q1_optimization/case_053/n4/band_12/case_053_multicore_res.json
case_053,5,1472686,492699,442938,3.324812953505908,9668230,band_12,q1_optimization/case_053/n5/band_12/case_053_multicore_res.json
case_054,2,815051,517960,434781,1.8746242361096737,1279424,valley_merge_32_heft,q1_optimization/case_054/n2/valley_merge_32_heft/case_054_multicore_res.json
case_054,3,815051,517986,299804,2.718612827047004,1872156,valley_merge_32_heft,q1_optimization/case_054/n3/valley_merge_32_heft/case_054_multicore_res.json
case_054,4,815051,518015,271073,3.006758327092702,1801590,valley_merge_32_heft,q1_optimization/case_054/n4/valley_merge_32_heft/case_054_multicore_res.json
case_054,5,815051,518133,199283,4.089917353713061,2566484,valley_merge_32_heft,q1_optimization/case_054/n5/valley_merge_32_heft/case_054_multicore_res.json
case_055,2,118835,65764,65764,1.8069916671735295,57856,baseline,baseline_results_29_55/case_055/q1_n2/case_055_multicore_res.json
case_055,3,118835,43687,43687,2.7201455810653057,115712,baseline,baseline_results_29_55/case_055/q1_n3/case_055_multicore_res.json
case_055,4,118835,31367,31367,3.788535722255874,115712,baseline,baseline_results_29_55/case_055/q1_n4/case_055_multicore_res.json
case_055,5,118835,26781,26781,4.437287629289422,198656,baseline,baseline_results_29_55/case_055/q1_n5/case_055_multicore_res.json
case_056,2,277285,265710,152979,1.8125690454245353,640558,valley_merge_40_heft,q1_optimization/case_056/n2/valley_merge_40_heft/case_056_multicore_res.json
case_056,3,277285,265728,104740,2.6473649035707467,807572,valley_merge_40_heft,q1_optimization/case_056/n3/valley_merge_40_heft/case_056_multicore_res.json
case_056,4,277285,265746,85671,3.2366261628789204,897874,valley_merge_40_heft,q1_optimization/case_056/n4/valley_merge_40_heft/case_056_multicore_res.json
case_056,5,277285,265764,75870,3.6547383682615,1048300,valley_merge_40_heft,q1_optimization/case_056/n5/valley_merge_40_heft/case_056_multicore_res.json
case_057,2,59726,33730,33730,1.7707085680403203,288,baseline,baseline_results_56_100/case_057/q1_n2/case_057_multicore_res.json
case_057,3,59726,25250,25250,2.3653861386138613,288,baseline,baseline_results_56_100/case_057/q1_n3/case_057_multicore_res.json
case_057,4,59726,20957,20957,2.8499308107076393,288,baseline,baseline_results_56_100/case_057/q1_n4/case_057_multicore_res.json
case_057,5,59726,16538,16538,3.6114403192647235,27936,baseline,baseline_results_56_100/case_057/q1_n5/case_057_multicore_res.json
case_058,2,4539717,2271316,2271316,1.9987166030618373,33431552,baseline,baseline_results_56_100/case_058/q1_n2/case_058_multicore_res.json
case_058,3,4539717,1554831,1554831,2.9197494775959574,30400512,baseline,baseline_results_56_100/case_058/q1_n3/case_058_multicore_res.json
case_058,4,4539717,1154519,1154519,3.9321284448328697,42622976,baseline,baseline_results_56_100/case_058/q1_n4/case_058_multicore_res.json
case_058,5,4539717,1004819,1004819,4.517945022934478,32104448,baseline,baseline_results_56_100/case_058/q1_n5/case_058_multicore_res.json
case_059,2,829473,369318,369318,2.2459587672412393,360448,baseline,baseline_results_56_100/case_059/q1_n2/case_059_multicore_res.json
case_059,3,829473,266217,266217,3.1157777301975456,2998272,baseline,baseline_results_56_100/case_059/q1_n3/case_059_multicore_res.json
case_059,4,829473,185216,185216,4.478408992743607,1081344,baseline,baseline_results_56_100/case_059/q1_n4/case_059_multicore_res.json
case_059,5,829473,150782,150782,5.501140719714555,4325376,baseline,baseline_results_56_100/case_059/q1_n5/case_059_multicore_res.json
case_060,2,888789,469437,469437,1.8933083672569482,2768912,baseline,baseline_results_56_100/case_060/q1_n2/case_060_multicore_res.json
case_060,3,888789,334622,334622,2.656098523109658,3439756,baseline,baseline_results_56_100/case_060/q1_n3/case_060_multicore_res.json
case_060,4,888789,229383,229383,3.8746942885915696,3699968,baseline,baseline_results_56_100/case_060/q1_n4/case_060_multicore_res.json
case_060,5,888789,183272,183272,4.849562399057139,4290944,baseline,baseline_results_56_100/case_060/q1_n5/case_060_multicore_res.json
case_061,2,77191,39299,39299,1.9641975622789385,34560,baseline,baseline_results_56_100/case_061/q1_n2/case_061_multicore_res.json
case_061,3,77191,28409,28409,2.7171318948220633,43008,baseline,baseline_results_56_100/case_061/q1_n3/case_061_multicore_res.json
case_061,4,77191,27166,27166,2.8414562320547745,62208,baseline,baseline_results_56_100/case_061/q1_n4/case_061_multicore_res.json
case_061,5,77191,22283,22283,3.46412063007674,83712,baseline,baseline_results_56_100/case_061/q1_n5/case_061_multicore_res.json
case_062,2,2854809,2854809,1506870,1.8945290569193096,6700032,first_join,q1_optimization/case_062/n2/first_join/case_062_multicore_res.json
case_062,3,2854809,2854809,1031305,2.7681520015902183,6700032,first_join,q1_optimization/case_062/n3/first_join/case_062_multicore_res.json
case_062,4,2854809,2854809,794216,3.5944994812494335,6700032,first_join,q1_optimization/case_062/n4/first_join/case_062_multicore_res.json
case_062,5,2854809,2854809,651747,4.380241105827875,6700032,first_join,q1_optimization/case_062/n5/first_join/case_062_multicore_res.json
case_063,2,1070397,1070397,565710,1.8921302434109348,2509824,first_join,q1_optimization/case_063/n2/first_join/case_063_multicore_res.json
case_063,3,1070397,1070397,387925,2.759288522265902,2509824,first_join,q1_optimization/case_063/n3/first_join/case_063_multicore_res.json
case_063,4,1070397,1070397,299084,3.57891762849233,2509824,first_join,q1_optimization/case_063/n4/first_join/case_063_multicore_res.json
case_063,5,1070397,1070397,245593,4.358418195958354,2509824,first_join,q1_optimization/case_063/n5/first_join/case_063_multicore_res.json
case_064,2,19116,19116,14655,1.3044012282497441,69918,valley_merge_32_heft,q1_optimization/case_064/n2/valley_merge_32_heft/case_064_multicore_res.json
case_064,3,19116,19116,12379,1.5442281282817676,94124,valley_merge_32_heft,q1_optimization/case_064/n3/valley_merge_32_heft/case_064_multicore_res.json
case_064,4,19116,19116,10810,1.7683626271970398,103002,valley_merge_32_heft,q1_optimization/case_064/n4/valley_merge_32_heft/case_064_multicore_res.json
case_064,5,19116,19116,10789,1.7718046158124015,104956,valley_merge_32_heft,q1_optimization/case_064/n5/valley_merge_32_heft/case_064_multicore_res.json
case_065,2,53068,26928,26928,1.970736779560309,13968,baseline,baseline_results_56_100/case_065/q1_n2/case_065_multicore_res.json
case_065,3,53068,18165,18165,2.921442334159097,27792,baseline,baseline_results_56_100/case_065/q1_n3/case_065_multicore_res.json
case_065,4,53068,14502,14502,3.659357330023445,41616,baseline,baseline_results_56_100/case_065/q1_n4/case_065_multicore_res.json
case_065,5,53068,12156,12156,4.365580783152352,55584,baseline,baseline_results_56_100/case_065/q1_n5/case_065_multicore_res.json
case_066,2,359070,248146,192471,1.8655797496765747,1023986,valley_merge_40_heft,q1_optimization/case_066/n2/valley_merge_40_heft/case_066_multicore_res.json
case_066,3,359070,248976,144642,2.4824739702161196,1786680,valley_merge_40_heft,q1_optimization/case_066/n3/valley_merge_40_heft/case_066_multicore_res.json
case_066,4,359070,249811,116659,3.0779451221080243,1829470,valley_merge_40_heft,q1_optimization/case_066/n4/valley_merge_40_heft/case_066_multicore_res.json
case_066,5,359070,250449,100171,3.584570384642262,2062280,valley_merge_40_heft,q1_optimization/case_066/n5/valley_merge_40_heft/case_066_multicore_res.json
case_067,2,63834834,33768704,32117600,1.987534373676738,267491584,mask_band_32,q1_optimization/case_067/n2/mask_band_32/case_067_multicore_res.json
case_067,3,63834834,23568859,22946938,2.781845403513096,267491584,mask_band_32,q1_optimization/case_067/n3/mask_band_32/case_067_multicore_res.json
case_067,4,63834834,18473155,17920570,3.562098415396385,267491584,mask_band_32,q1_optimization/case_067/n4/mask_band_32/case_067_multicore_res.json
case_067,5,63834834,15931687,14688788,4.34582036312322,267491584,mask_band_32,q1_optimization/case_067/n5/mask_band_32/case_067_multicore_res.json
case_068,2,362095,302408,202361,1.7893517031443806,1622266,valley_merge_40_heft,q1_optimization/case_068/n2/valley_merge_40_heft/case_068_multicore_res.json
case_068,3,362095,303144,162542,2.2277011480109756,2777022,valley_merge_40_heft,q1_optimization/case_068/n3/valley_merge_40_heft/case_068_multicore_res.json
case_068,4,362095,303921,126754,2.8566751345125203,2830514,valley_merge_40_heft,q1_optimization/case_068/n4/valley_merge_40_heft/case_068_multicore_res.json
case_068,5,362095,304058,130967,2.7647804408744188,3025948,valley_merge_32_heft,q1_optimization/case_068/n5/valley_merge_32_heft/case_068_multicore_res.json
case_069,2,25144,25144,15079,1.6674845812056502,166470,terminal_branch_heft,q1_optimization/case_069/n2/terminal_branch_heft/case_069_multicore_res.json
case_069,3,25144,25144,11285,2.2280903854674348,218794,terminal_branch_heft,q1_optimization/case_069/n3/terminal_branch_heft/case_069_multicore_res.json
case_069,4,25144,25144,11326,2.220024721878863,271118,terminal_branch_heft,q1_optimization/case_069/n4/terminal_branch_heft/case_069_multicore_res.json
case_069,5,25144,25144,9133,2.75309317858316,267954,terminal_branch_heft,q1_optimization/case_069/n5/terminal_branch_heft/case_069_multicore_res.json
case_070,2,117300,58525,58525,2.0042716787697565,129536,baseline,baseline_results_56_100/case_070/q1_n2/case_070_multicore_res.json
case_070,3,117300,45661,45661,2.568931911259061,259072,baseline,baseline_results_56_100/case_070/q1_n3/case_070_multicore_res.json
case_070,4,117300,36336,36336,3.228203434610304,360960,baseline,baseline_results_56_100/case_070/q1_n4/case_070_multicore_res.json
case_070,5,117300,27664,27664,4.240167727009832,462848,baseline,baseline_results_56_100/case_070/q1_n5/case_070_multicore_res.json
case_071,2,18919,18919,12639,1.4968747527494264,117990,terminal_branch,q1_optimization/case_071/n2/terminal_branch/case_071_multicore_res.json
case_071,3,18919,18919,10106,1.8720562042351079,193450,terminal_branch,q1_optimization/case_071/n3/terminal_branch/case_071_multicore_res.json
case_071,4,18919,18919,9190,2.0586507072905333,185678,terminal_branch,q1_optimization/case_071/n4/terminal_branch/case_071_multicore_res.json
case_071,5,18919,18919,7854,2.4088362617774384,233394,terminal_branch,q1_optimization/case_071/n5/terminal_branch/case_071_multicore_res.json
case_072,2,23897828,11833111,11833111,2.0195727057745,113945376,baseline,baseline_results_71_78/case_072/q1_n2/case_072_multicore_res.json
case_072,3,23897828,7945629,7945629,3.007669751507401,114002720,baseline,baseline_results_71_78/case_072/q1_n3/case_072_multicore_res.json
case_072,4,23897828,5994354,5994354,3.9867228395253265,122293024,baseline,baseline_results_71_78/case_072/q1_n4/case_072_multicore_res.json
case_072,5,23897828,4863110,4863110,4.9141039376037146,121488048,baseline,baseline_results_71_78/case_072/q1_n5/case_072_multicore_res.json
case_073,2,10081626,5980423,5326965,1.8925647155556682,142379264,mask_band_32,q1_optimization/case_073/n2/mask_band_32/case_073_multicore_res.json
case_073,3,10081626,4515227,4515227,2.232806013961203,140671616,baseline,baseline_results_71_78/case_073/q1_n3/case_073_multicore_res.json
case_073,4,10081626,3903787,3812826,2.6441348228321986,142379264,mask_band_32,q1_optimization/case_073/n4/mask_band_32/case_073_multicore_res.json
case_073,5,10081626,3517515,3435158,2.934836185118705,142379264,mask_band_32,q1_optimization/case_073/n5/mask_band_32/case_073_multicore_res.json
case_074,2,1682239,822510,822510,2.0452505136715664,7077888,baseline,baseline_results_71_78/case_074/q1_n2/case_074_multicore_res.json
case_074,3,1682239,553814,553814,3.0375523190096314,7614464,baseline,baseline_results_71_78/case_074/q1_n3/case_074_multicore_res.json
case_074,4,1682239,423088,423088,3.9760971712740614,8429568,baseline,baseline_results_71_78/case_074/q1_n4/case_074_multicore_res.json
case_074,5,1682239,347042,347042,4.847364295964177,9035776,baseline,baseline_results_71_78/case_074/q1_n5/case_074_multicore_res.json
case_075,2,1441809,1441809,777727,1.8538754601550416,2560982,valley_merge_32_heft,q1_optimization/case_075/n2/valley_merge_32_heft/case_075_multicore_res.json
case_075,3,1441809,1441809,670080,2.151696812320917,3844608,valley_merge_32_heft,q1_optimization/case_075/n3/valley_merge_32_heft/case_075_multicore_res.json
case_075,4,1441809,1441809,469639,3.0700367729255875,4409642,valley_merge_32_heft,q1_optimization/case_075/n4/valley_merge_32_heft/case_075_multicore_res.json
case_075,5,1441809,1441809,388059,3.7154376009833556,5348052,valley_merge_32_heft,q1_optimization/case_075/n5/valley_merge_32_heft/case_075_multicore_res.json
case_076,2,6185113,3069464,3069464,2.015046600970072,30744576,baseline,baseline_results_71_78/case_076/q1_n2/case_076_multicore_res.json
case_076,3,6185113,2061609,2061609,3.0001387265965564,35117056,baseline,baseline_results_71_78/case_076/q1_n3/case_076_multicore_res.json
case_076,4,6185113,1550155,1550155,3.9899964842225453,35703808,baseline,baseline_results_71_78/case_076/q1_n4/case_076_multicore_res.json
case_076,5,6185113,1238120,1238120,4.995568280942074,37194752,baseline,baseline_results_71_78/case_076/q1_n5/case_076_multicore_res.json
case_077,2,495320,250735,250735,1.9754721119907472,57344,baseline,baseline_results_71_78/case_077/q1_n2/case_077_multicore_res.json
case_077,3,495320,178739,178739,2.771191513883372,114688,baseline,baseline_results_71_78/case_077/q1_n3/case_077_multicore_res.json
case_077,4,495320,144734,144734,3.4222781101883455,172032,baseline,baseline_results_71_78/case_077/q1_n4/case_077_multicore_res.json
case_077,5,495320,121081,121081,4.090815239385205,172032,baseline,baseline_results_71_78/case_077/q1_n5/case_077_multicore_res.json
case_078,2,2296143,1260358,1104028,2.0797869256939134,15629184,mask_band_32,q1_optimization/case_078/n2/mask_band_32/case_078_multicore_res.json
case_078,3,2296143,993959,764960,3.001651066722443,15629184,mask_band_32,q1_optimization/case_078/n3/mask_band_32/case_078_multicore_res.json
case_078,4,2296143,690924,641964,3.5767472942407985,15629184,mask_band_32,q1_optimization/case_078/n4/mask_band_32/case_078_multicore_res.json
case_078,5,2296143,663941,512732,4.478251796260034,15629184,mask_band_32,q1_optimization/case_078/n5/mask_band_32/case_078_multicore_res.json
case_079,2,31052251,15446486,15446486,2.010311665708304,31780864,baseline,baseline_results_79_85/case_079/q1_n2/case_079_multicore_res.json
case_079,3,31052251,10181692,10181692,3.049812447675691,39960576,baseline,baseline_results_79_85/case_079/q1_n3/case_079_multicore_res.json
case_079,4,31052251,7635624,7635624,4.066760097144647,30445568,baseline,baseline_results_79_85/case_079/q1_n4/case_079_multicore_res.json
case_079,5,31052251,6075976,6075976,5.110660575354478,47677440,baseline,baseline_results_79_85/case_079/q1_n5/case_079_multicore_res.json
case_080,2,292138,145926,145926,2.0019598974822856,2191360,baseline,baseline_results_79_85/case_080/q1_n2/case_080_multicore_res.json
case_080,3,292138,100325,100325,2.9119162721156244,3047424,baseline,baseline_results_79_85/case_080/q1_n3/case_080_multicore_res.json
case_080,4,292138,111314,100325,2.9119162721156244,3047424,baseline_k3,q1_optimization/case_080/n4/baseline_k3/case_080_multicore_res.json
case_080,5,292138,113455,100325,2.9119162721156244,3047424,baseline_k3,q1_optimization/case_080/n5/baseline_k3/case_080_multicore_res.json
case_081,2,151795,76860,76860,1.9749544626593807,0,baseline,baseline_results_79_85/case_081/q1_n2/case_081_multicore_res.json
case_081,3,151795,51943,51943,2.9223379473653814,0,baseline,baseline_results_79_85/case_081/q1_n3/case_081_multicore_res.json
case_081,4,151795,39588,39588,3.834369000707285,0,baseline,baseline_results_79_85/case_081/q1_n4/case_081_multicore_res.json
case_081,5,151795,30943,30943,4.905632937982743,0,baseline,baseline_results_79_85/case_081/q1_n5/case_081_multicore_res.json
case_082,2,721041,721041,379437,1.9002917480372237,1237914,valley_merge_8_heft,q1_optimization/case_082/n2/valley_merge_8_heft/case_082_multicore_res.json
case_082,3,721041,721041,267490,2.6955811432203074,1844266,valley_merge_8_heft,q1_optimization/case_082/n3/valley_merge_8_heft/case_082_multicore_res.json
case_082,4,721041,721041,216839,3.325236696350749,1693882,valley_merge_8_heft,q1_optimization/case_082/n4/valley_merge_8_heft/case_082_multicore_res.json
case_082,5,721041,721041,206847,3.485866364994416,2687818,valley_merge_8_heft,q1_optimization/case_082/n5/valley_merge_8_heft/case_082_multicore_res.json
case_083,2,1057993,644672,464956,2.2754690766438115,4327008,band_12,q1_optimization/case_083/n2/band_12/case_083_multicore_res.json
case_083,3,1057993,512623,329146,3.2143577622088677,5257408,band_12,q1_optimization/case_083/n3/band_12/case_083_multicore_res.json
case_083,4,1057993,450029,278022,3.8054290667645008,5235488,data_band_12,q1_optimization/case_083/n4/data_band_12/case_083_multicore_res.json
case_083,5,1057993,442480,253366,4.175749705958968,6165888,data_band_12,q1_optimization/case_083/n5/data_band_12/case_083_multicore_res.json
case_084,2,2507412,1255052,1255052,1.9978550689533183,0,baseline,baseline_results_79_85/case_084/q1_n2/case_084_multicore_res.json
case_084,3,2507412,836220,836220,2.998507569778288,0,baseline,baseline_results_79_85/case_084/q1_n3/case_084_multicore_res.json
case_084,4,2507412,629028,629028,3.986169137144928,0,baseline,baseline_results_79_85/case_084/q1_n4/case_084_multicore_res.json
case_084,5,2507412,503472,503472,4.98024120507198,0,baseline,baseline_results_79_85/case_084/q1_n5/case_084_multicore_res.json
case_085,2,3187899,3187899,1649858,1.9322262885654402,4875082,valley_merge_8_heft,q1_optimization/case_085/n2/valley_merge_8_heft/case_085_multicore_res.json
case_085,3,3187899,3187899,1190106,2.678668118638172,7265394,valley_merge_8_heft,q1_optimization/case_085/n3/valley_merge_8_heft/case_085_multicore_res.json
case_085,4,3187899,3187899,891818,3.5746071507863713,6393754,valley_merge_8_heft,q1_optimization/case_085/n4/valley_merge_8_heft/case_085_multicore_res.json
case_085,5,3187899,3187899,799692,3.9864085172791524,9685570,valley_merge_8_heft,q1_optimization/case_085/n5/valley_merge_8_heft/case_085_multicore_res.json
case_086,2,118403,118403,66125,1.790593572778828,731742,valley_merge_32_heft,q1_optimization/case_086/n2/valley_merge_32_heft/case_086_multicore_res.json
case_086,3,118403,118403,52489,2.255767875173846,977996,valley_merge_32_heft,q1_optimization/case_086/n3/valley_merge_32_heft/case_086_multicore_res.json
case_086,4,118403,118403,42049,2.815833908059645,1138234,valley_merge_32_heft,q1_optimization/case_086/n4/valley_merge_32_heft/case_086_multicore_res.json
case_086,5,118403,118403,45811,2.584597585732684,1439784,valley_merge_32_heft,q1_optimization/case_086/n5/valley_merge_32_heft/case_086_multicore_res.json
case_087,2,3974071,1985234,1985234,2.0018148994022873,9999360,baseline,baseline_results_86_92/case_087/q1_n2/case_087_multicore_res.json
case_087,3,3974071,1385253,1385253,2.8688412874760063,10722816,baseline,baseline_results_86_92/case_087/q1_n3/case_087_multicore_res.json
case_087,4,3974071,1069661,1069661,3.715262125103187,11796480,baseline,baseline_results_86_92/case_087/q1_n4/case_087_multicore_res.json
case_087,5,3974071,888504,888504,4.472766582930409,11773440,baseline,baseline_results_86_92/case_087/q1_n5/case_087_multicore_res.json
case_088,2,243623,202290,145177,1.6781101689661586,1013802,valley_merge_32_heft,q1_optimization/case_088/n2/valley_merge_32_heft/case_088_multicore_res.json
case_088,3,243623,202428,112321,2.168988880084757,1769340,valley_merge_32_heft,q1_optimization/case_088/n3/valley_merge_32_heft/case_088_multicore_res.json
case_088,4,243623,202670,91718,2.6562179724808654,1878990,valley_merge_32_heft,q1_optimization/case_088/n4/valley_merge_32_heft/case_088_multicore_res.json
case_088,5,243623,202791,89462,2.723200912119112,1989390,valley_merge_32_heft,q1_optimization/case_088/n5/valley_merge_32_heft/case_088_multicore_res.json
case_089,2,693092,346832,346832,1.998350786547954,238720,baseline,baseline_results_86_92/case_089/q1_n2/case_089_multicore_res.json
case_089,3,693092,243614,243614,2.8450417463692563,477440,baseline,baseline_results_86_92/case_089/q1_n3/case_089_multicore_res.json
case_089,4,693092,178160,178160,3.8902784014369107,716160,baseline,baseline_results_86_92/case_089/q1_n4/case_089_multicore_res.json
case_089,5,693092,147432,147432,4.701096098540344,954880,baseline,baseline_results_86_92/case_089/q1_n5/case_089_multicore_res.json
case_090,2,1178363,769224,515918,2.284012187983362,3445632,band_6,q1_optimization/case_090/n2/band_6/case_090_multicore_res.json
case_090,3,1178363,657430,404627,2.9122203906313717,5548032,band_6,q1_optimization/case_090/n3/band_6/case_090_multicore_res.json
case_090,4,1178363,608275,365222,3.226429404581323,7748352,band_6,q1_optimization/case_090/n4/band_6/case_090_multicore_res.json
case_090,5,1178363,542638,318530,3.699378394499733,9896832,band_6,q1_optimization/case_090/n5/band_6/case_090_multicore_res.json
case_091,2,9186769,4590046,4590046,2.0014546695174733,57827296,baseline,baseline_results_86_92/case_091/q1_n2/case_091_multicore_res.json
case_091,3,9186769,3070809,3070809,2.9916445470884057,63099200,baseline,baseline_results_86_92/case_091/q1_n3/case_091_multicore_res.json
case_091,4,9186769,2315529,2315529,3.967460135459327,67391136,baseline,baseline_results_86_92/case_091/q1_n4/case_091_multicore_res.json
case_091,5,9186769,1874503,1874503,4.900909200998878,71279104,baseline,baseline_results_86_92/case_091/q1_n5/case_091_multicore_res.json
case_092,2,4815554,2828252,2063114,2.334119200393192,16816736,band_12,q1_optimization/case_092/n2/band_12/case_092_multicore_res.json
case_092,3,4815554,2231804,1410436,3.4142307768661606,17419456,band_12,q1_optimization/case_092/n3/band_12/case_092_multicore_res.json
case_092,4,4815554,1927728,1076446,4.473567647610749,18349856,band_12,q1_optimization/case_092/n4/band_12/case_092_multicore_res.json
case_092,5,4815554,1661234,908533,5.300362232301964,19280256,band_12,q1_optimization/case_092/n5/band_12/case_092_multicore_res.json
case_093,2,74205,37827,37827,1.9616940280751844,8192,baseline,baseline_results_93_100/case_093/q1_n2/case_093_multicore_res.json
case_093,3,74205,25103,25103,2.956021192686133,16384,baseline,baseline_results_93_100/case_093/q1_n3/case_093_multicore_res.json
case_093,4,74205,19779,19779,3.751706355225239,24576,baseline,baseline_results_93_100/case_093/q1_n4/case_093_multicore_res.json
case_093,5,74205,15876,15876,4.674036281179139,32768,baseline,baseline_results_93_100/case_093/q1_n5/case_093_multicore_res.json
case_094,2,94892,53614,53614,1.7699108441824896,106272,baseline,baseline_results_93_100/case_094/q1_n2/case_094_multicore_res.json
case_094,3,94892,39889,39889,2.37890145152799,212544,baseline,baseline_results_93_100/case_094/q1_n3/case_094_multicore_res.json
case_094,4,94892,30709,30709,3.090038750854798,318816,baseline,baseline_results_93_100/case_094/q1_n4/case_094_multicore_res.json
case_094,5,94892,25530,25530,3.716882099490795,259200,baseline,baseline_results_93_100/case_094/q1_n5/case_094_multicore_res.json
case_095,2,2084853,1042890,1042890,1.9991111238960964,0,baseline,baseline_results_93_100/case_095/q1_n2/case_095_multicore_res.json
case_095,3,2084853,695775,695775,2.9964471273040854,0,baseline,baseline_results_93_100/case_095/q1_n3/case_095_multicore_res.json
case_095,4,2084853,524422,524422,3.9755254356224565,0,baseline,baseline_results_93_100/case_095/q1_n4/case_095_multicore_res.json
case_095,5,2084853,420852,420852,4.953886401870491,0,baseline,baseline_results_93_100/case_095/q1_n5/case_095_multicore_res.json
case_096,2,84194,47175,47175,1.7847164811870695,67392,baseline,baseline_results_93_100/case_096/q1_n2/case_096_multicore_res.json
case_096,3,84194,33662,33662,2.5011585764363375,67392,baseline,baseline_results_93_100/case_096/q1_n3/case_096_multicore_res.json
case_096,4,84194,26984,26984,3.120145271271865,78336,baseline,baseline_results_93_100/case_096/q1_n4/case_096_multicore_res.json
case_096,5,84194,27053,27053,3.112187188112224,134784,baseline,baseline_results_93_100/case_096/q1_n5/case_096_multicore_res.json
case_097,2,11491509,5617602,5617602,2.045625339780212,11796480,baseline,baseline_results_93_100/case_097/q1_n2/case_097_multicore_res.json
case_097,3,11491509,3660459,3660459,3.1393628503966307,16031744,baseline,baseline_results_93_100/case_097/q1_n3/case_097_multicore_res.json
case_097,4,11491509,2626908,2626908,4.37453805005733,14221312,baseline,baseline_results_93_100/case_097/q1_n4/case_097_multicore_res.json
case_097,5,11491509,2102348,2102348,5.466035594487687,21311488,baseline,baseline_results_93_100/case_097/q1_n5/case_097_multicore_res.json
case_098,2,177430,89756,89756,1.9768037791345425,0,baseline,baseline_results_93_100/case_098/q1_n2/case_098_multicore_res.json
case_098,3,177430,89825,89825,1.9752852769273588,0,baseline,baseline_results_93_100/case_098/q1_n3/case_098_multicore_res.json
case_098,4,177430,89894,86201,2.058328789689215,1441998,valley_merge_8_heft,q1_optimization/case_098/n4/valley_merge_8_heft/case_098_multicore_res.json
case_098,5,177430,90168,82703,2.1453877126585494,1429710,valley_merge_10_heft,q1_optimization/case_098/n5/valley_merge_10_heft/case_098_multicore_res.json
case_099,2,1622999,811392,811392,2.0002649767313456,7303168,baseline,baseline_results_93_100/case_099/q1_n2/case_099_multicore_res.json
case_099,3,1622999,539533,539533,3.008155200886693,8011776,baseline,baseline_results_93_100/case_099/q1_n3/case_099_multicore_res.json
case_099,4,1622999,406807,406807,3.989604407003813,9322496,baseline,baseline_results_93_100/case_099/q1_n4/case_099_multicore_res.json
case_099,5,1622999,337221,337221,4.81286456062938,10698752,baseline,baseline_results_93_100/case_099/q1_n5/case_099_multicore_res.json
case_100,2,151223,90243,90243,1.6757310816351407,12288,baseline,baseline_results_93_100/case_100/q1_n2/case_100_multicore_res.json
case_100,3,151223,57811,57811,2.6158170590372074,72192,baseline,baseline_results_93_100/case_100/q1_n3/case_100_multicore_res.json
case_100,4,151223,58086,57811,2.6158170590372074,72192,baseline_k3,q1_optimization/case_100/n4/baseline_k3/case_100_multicore_res.json
case_100,5,151223,58085,57811,2.6158170590372074,72192,baseline_k3,q1_optimization/case_100/n5/baseline_k3/case_100_multicore_res.json
