case,cores,strategy,active_cores,band_width,data_aware,status,makespan_cycles,added_copy_bytes,partition_added_copy_bytes,spill_added_copy_bytes,peak_l1_bytes,peak_ub_bytes,wall_seconds,error
case_044,5,band_w4_k2,2,4,0,ok,47049,930400,930400,0,172288,0,0.193,
case_044,5,band_w8_k2,2,8,0,ok,48853,930400,930400,0,282496,0,0.189,
case_044,5,band_w12_k2,2,12,0,ok,51437,930400,930400,0,392704,0,0.183,
case_044,5,band_w4_k3,3,4,0,ok,55556,1860800,1860800,0,164096,0,0.183,
case_044,5,band_w8_k3,3,8,0,ok,55423,1860800,1860800,0,274304,0,0.171,
case_044,5,band_w12_k3,3,12,0,ok,56876,1860800,1860800,0,384768,0,0.199,
case_044,5,band_w4_k4,4,4,0,ok,68057,2791200,2791200,0,160000,0,0.175,
case_044,5,band_w8_k4,4,8,0,ok,68063,2791200,2791200,0,270208,0,0.176,
case_044,5,band_w12_k4,4,12,0,ok,68973,2791200,2791200,0,380800,0,0.196,
case_044,5,band_w4_k5,5,4,0,ok,83125,3721600,3721600,0,160000,0,0.173,
case_044,5,band_w8_k5,5,8,0,ok,83485,3721600,3721600,0,270208,0,0.182,
case_044,5,band_w12_k5,5,12,0,ok,84038,3721600,3721600,0,380800,0,0.168,
case_048,5,band_w4_k2,2,4,0,ok,147659,346022,346022,0,20992,12484,0.307,
case_048,5,band_w8_k2,2,8,0,ok,151967,314182,314182,0,20096,13684,0.303,
case_048,5,band_w12_k2,2,12,0,ok,156614,315206,315206,0,19968,15124,0.459,
case_048,5,band_w4_k3,3,4,0,ok,127741,495820,495820,0,20736,11460,0.46,
case_048,5,band_w8_k3,3,8,0,ok,133333,441164,441164,0,20480,12708,0.508,
case_048,5,band_w12_k3,3,12,0,ok,138308,436940,436940,0,20480,14612,0.482,
case_048,5,band_w4_k4,4,4,0,ok,125014,506224,506224,0,20672,11524,0.448,
case_048,5,band_w8_k4,4,8,0,ok,133347,442894,442894,0,20480,12708,0.454,
case_048,5,band_w12_k4,4,12,0,ok,138343,437902,437902,0,20480,14612,0.452,
case_048,5,band_w4_k5,5,4,0,ok,125625,511028,511028,0,20864,11332,0.438,
case_048,5,band_w8_k5,5,8,0,ok,133433,443216,443216,0,20480,12708,0.457,
case_048,5,band_w12_k5,5,12,0,ok,138378,438096,438096,0,20480,14612,0.423,
case_064,5,band_w4_k2,2,4,0,ok,14818,46854,46854,0,8864,5124,0.174,
case_064,5,band_w8_k2,2,8,0,ok,14214,41028,41028,0,6144,7700,0.198,
case_064,5,band_w12_k2,2,12,0,ok,13632,40068,40068,0,6656,7892,0.19,
case_064,5,band_w4_k3,3,4,0,ok,13107,70380,70380,0,7968,4100,0.188,
case_064,5,band_w8_k3,3,8,0,ok,11948,67208,67208,0,5632,7428,0.198,
case_064,5,band_w12_k3,3,12,0,ok,11923,65544,65544,0,6400,7636,0.208,
case_064,5,band_w4_k4,4,4,0,ok,11807,100400,100400,0,7168,3620,0.215,
case_064,5,band_w8_k4,4,8,0,ok,11651,84812,84812,0,5632,6388,0.201,
case_064,5,band_w12_k4,4,12,0,ok,11252,83018,83018,0,6144,7348,0.184,
case_064,5,band_w4_k5,5,4,0,ok,11916,106962,106962,0,6816,3588,0.216,
case_064,5,band_w8_k5,5,8,0,ok,11643,84908,84908,0,5632,6388,0.223,
case_064,5,band_w12_k5,5,12,0,ok,11261,83180,83180,0,6144,7348,0.193,
case_098,5,band_w4_k2,2,4,0,ok,96471,2258252,1810718,447534,237568,131072,0.41,
case_098,5,band_w8_k2,2,8,0,ok,100723,1170540,752740,417800,217088,131072,0.335,
case_098,5,band_w12_k2,2,12,0,ok,108624,233496,102424,131072,229376,127156,0.327,
case_098,5,band_w4_k3,3,4,0,ok,82551,2514306,2514306,0,229376,131072,0.414,
case_098,5,band_w8_k3,3,8,0,ok,83374,1230992,1034380,196612,267008,131072,0.369,
case_098,5,band_w12_k3,3,12,0,ok,95568,196648,163876,32772,229376,126996,0.287,
case_098,5,band_w4_k4,4,4,0,ok,78911,2902486,2902486,0,225280,114692,0.418,
case_098,5,band_w8_k4,4,8,0,ok,79956,1369228,1172616,196612,212992,131072,0.314,
case_098,5,band_w12_k4,4,12,0,ok,86570,253992,229416,24576,229376,126992,0.286,
case_098,5,band_w4_k5,5,4,0,ok,72606,3048454,3048454,0,217088,114692,0.411,
case_098,5,band_w8_k5,5,8,0,ok,78189,1443988,1247376,196612,212992,131072,0.34,
case_098,5,band_w12_k5,5,12,0,ok,86826,327724,327724,0,229376,69636,0.291,
case_001,5,band_w4_k2,2,4,0,ok,116868,1152,1152,0,13440,8192,0.11,
case_001,5,band_w8_k2,2,8,0,duplicate,,,,,,,0.007,
case_001,5,band_w12_k2,2,12,0,duplicate,,,,,,,0.003,
case_001,5,band_w4_k3,3,4,0,ok,78545,2304,2304,0,13440,8192,0.099,
case_001,5,band_w8_k3,3,8,0,duplicate,,,,,,,0.003,
case_001,5,band_w12_k3,3,12,0,duplicate,,,,,,,0.003,
case_001,5,band_w4_k4,4,4,0,ok,58984,3456,3456,0,13440,8192,0.103,
case_001,5,band_w8_k4,4,8,0,duplicate,,,,,,,0.003,
case_001,5,band_w12_k4,4,12,0,duplicate,,,,,,,0.003,
case_001,5,band_w4_k5,5,4,0,duplicate,,,,,,,0.003,
case_001,5,band_w8_k5,5,8,0,duplicate,,,,,,,0.003,
case_001,5,band_w12_k5,5,12,0,duplicate,,,,,,,0.003,
case_002,5,band_w4_k2,2,4,0,ok,132700,427008,337920,89088,463872,130560,0.326,
case_002,5,band_w8_k2,2,8,0,ok,135054,321024,321024,0,7680,84480,0.302,
case_002,5,band_w12_k2,2,12,0,ok,132196,27648,27648,0,12288,19968,0.299,
case_002,5,band_w4_k3,3,4,0,ok,89495,439296,439296,0,311808,102912,0.331,
case_002,5,band_w8_k3,3,8,0,ok,91730,434688,434688,0,7680,43008,0.295,
case_002,5,band_w12_k3,3,12,0,ok,89027,41472,41472,0,7680,15360,0.258,
case_002,5,band_w4_k4,4,4,0,ok,67434,508416,508416,0,233472,76800,0.274,
case_002,5,band_w8_k4,4,8,0,ok,68850,479232,479232,0,12288,33792,0.282,
case_002,5,band_w12_k4,4,12,0,ok,68202,44544,44544,0,7680,13824,0.295,
case_002,5,band_w4_k5,5,4,0,ok,54745,517632,517632,0,187392,61440,0.43,
case_002,5,band_w8_k5,5,8,0,ok,55789,514560,514560,0,7680,27648,0.437,
case_002,5,band_w12_k5,5,12,0,ok,64453,47616,47616,0,7680,12288,0.391,
case_003,5,band_w4_k2,2,4,0,ok,370682,2372950,2372950,0,119040,75662,6.95,
case_003,5,band_w8_k2,2,8,0,ok,382272,1786730,1786730,0,146176,97380,6.363,
case_003,5,band_w12_k2,2,12,0,ok,368951,1673582,1673582,0,146688,96354,6.465,
case_003,5,band_w4_k3,3,4,0,ok,278762,3573494,3573494,0,99584,49156,6.733,
case_003,5,band_w8_k3,3,8,0,ok,301391,2501142,2501142,0,123520,83146,5.631,
case_003,5,band_w12_k3,3,12,0,ok,278284,1994508,1994508,0,116736,89028,5.481,
case_003,5,band_w4_k4,4,4,0,ok,254436,4500934,4500934,0,91392,50692,6.604,
case_003,5,band_w8_k4,4,8,0,ok,286822,3514770,3514770,0,116736,83082,5.999,
case_003,5,band_w12_k4,4,12,0,ok,270268,3245956,3245956,0,131712,90596,5.765,
case_003,5,band_w4_k5,5,4,0,ok,236034,6069924,6069924,0,90752,45572,7.173,
case_003,5,band_w8_k5,5,8,0,ok,264689,4224712,4224712,0,137472,83560,5.738,
case_003,5,band_w12_k5,5,12,0,ok,242057,3962880,3962880,0,116736,82340,5.822,
case_004,5,band_w4_k2,2,4,0,ok,196032,983040,110592,872448,258048,129024,0.181,
case_004,5,band_w8_k2,2,8,0,ok,199074,110592,110592,0,125952,12288,0.158,
case_004,5,band_w12_k2,2,12,0,duplicate,,,,,,,0.004,
case_004,5,band_w4_k3,3,4,0,ok,131412,847872,221184,626688,199680,129024,0.166,
case_004,5,band_w8_k3,3,8,0,ok,134043,221184,221184,0,125952,12288,0.15,
case_004,5,band_w12_k3,3,12,0,duplicate,,,,,,,0.005,
case_004,5,band_w4_k4,4,4,0,ok,101428,712704,331776,380928,172032,129024,0.14,
case_004,5,band_w8_k4,4,8,0,ok,104188,331776,331776,0,125952,12288,0.153,
case_004,5,band_w12_k4,4,12,0,duplicate,,,,,,,0.005,
case_004,5,band_w4_k5,5,4,0,ok,85236,577536,442368,135168,156672,129024,0.145,
case_004,5,band_w8_k5,5,8,0,duplicate,,,,,,,0.007,
case_004,5,band_w12_k5,5,12,0,duplicate,,,,,,,0.006,
case_005,5,band_w4_k2,2,4,0,ok,61840,591718,591718,0,47712,70692,1.184,
case_005,5,band_w8_k2,2,8,0,ok,60979,601094,601094,0,47616,93124,1.125,
case_005,5,band_w12_k2,2,12,0,ok,67018,653028,653028,0,48768,99428,1.186,
case_005,5,band_w4_k3,3,4,0,ok,56401,1317420,1317420,0,51168,57476,1.264,
case_005,5,band_w8_k3,3,8,0,ok,51121,891404,891404,0,43392,91652,1.057,
case_005,5,band_w12_k3,3,12,0,ok,57294,926984,926984,0,42624,80884,1.191,
case_005,5,band_w4_k4,4,4,0,ok,51940,1539728,1539728,0,50304,48004,1.391,
case_005,5,band_w8_k4,4,8,0,ok,48522,1242226,1242226,0,43392,91460,1.162,
case_005,5,band_w12_k4,4,12,0,ok,55479,1233740,1233740,0,42624,75268,1.254,
case_005,5,band_w4_k5,5,4,0,ok,55383,1870038,1870038,0,48480,37508,1.293,
case_005,5,band_w8_k5,5,8,0,ok,48520,1362712,1362712,0,43008,91908,1.112,
case_005,5,band_w12_k5,5,12,0,ok,56783,1240908,1240908,0,43392,74452,1.111,
case_006,5,band_w4_k2,2,4,0,ok,40084,820626,700778,119848,145024,123926,0.15,
case_006,5,band_w8_k2,2,8,0,ok,41651,229788,229788,0,146048,77832,0.145,
case_006,5,band_w12_k2,2,12,0,ok,47910,237960,43392,194568,196608,131072,0.132,
case_006,5,band_w4_k3,3,4,0,ok,31316,1208236,1208236,0,84736,114690,0.208,
case_006,5,band_w8_k3,3,8,0,ok,33166,238380,238380,0,147456,101384,0.177,
case_006,5,band_w12_k3,3,12,0,ok,31178,256896,125824,131072,196608,131072,0.176,
case_006,5,band_w4_k4,4,4,0,ok,31228,1241274,1241274,0,52352,114690,0.219,
case_006,5,band_w8_k4,4,8,0,ok,33633,331064,331064,0,131072,80910,0.17,
case_006,5,band_w12_k4,4,12,0,ok,31503,311040,179968,131072,196608,131072,0.146,
case_006,5,band_w4_k5,5,4,0,ok,34902,1438414,1438414,0,35968,98306,0.228,
case_006,5,band_w8_k5,5,8,0,ok,27575,259884,259884,0,131072,74756,0.139,
case_006,5,band_w12_k5,5,12,0,ok,31770,358528,227456,131072,196608,131072,0.138,
case_007,5,band_w4_k2,2,4,0,ok,490814,2933760,27648,2906112,451584,129024,1.404,
case_007,5,band_w8_k2,2,8,0,ok,507494,27648,27648,0,35328,6144,1.151,
case_007,5,band_w12_k2,2,12,0,duplicate,,,,,,,0.028,
case_007,5,band_w4_k3,3,4,0,ok,326994,2709504,55296,2654208,308736,129024,1.159,
case_007,5,band_w8_k3,3,8,0,ok,338094,55296,55296,0,35328,6144,0.995,
case_007,5,band_w12_k3,3,12,0,duplicate,,,,,,,0.02,
case_007,5,band_w4_k4,4,4,0,ok,246058,2485248,82944,2402304,238080,129024,1.08,
case_007,5,band_w8_k4,4,8,0,ok,254398,82944,82944,0,35328,6144,0.998,
case_007,5,band_w12_k4,4,12,0,duplicate,,,,,,,0.031,
case_007,5,band_w4_k5,5,4,0,ok,197052,2260992,110592,2150400,195072,129024,1.081,
case_007,5,band_w8_k5,5,8,0,duplicate,,,,,,,0.036,
case_007,5,band_w12_k5,5,12,0,duplicate,,,,,,,0.018,
case_008,5,band_w4_k2,2,4,0,ok,136244,3538944,0,3538944,30720,129216,0.258,
case_008,5,band_w8_k2,2,8,0,ok,244266,0,0,0,36864,37056,0.247,
case_008,5,band_w12_k2,2,12,0,duplicate,,,,,,,0.007,
case_008,5,band_w4_k3,3,4,0,ok,110229,3317760,0,3317760,30720,129216,0.241,
case_008,5,band_w8_k3,3,8,0,ok,163359,0,0,0,36864,37056,0.22,
case_008,5,band_w12_k3,3,12,0,duplicate,,,,,,,0.007,
case_008,5,band_w4_k4,4,4,0,ok,104264,3096576,0,3096576,30720,129216,0.246,
case_008,5,band_w8_k4,4,8,0,ok,123060,0,0,0,36864,37056,0.233,
case_008,5,band_w12_k4,4,12,0,duplicate,,,,,,,0.005,
case_008,5,band_w4_k5,5,4,0,ok,97488,2875392,0,2875392,30720,129216,0.269,
case_008,5,band_w8_k5,5,8,0,duplicate,,,,,,,0.007,
case_008,5,band_w12_k5,5,12,0,duplicate,,,,,,,0.006,
case_009,5,band_w4_k2,2,4,0,ok,88429,740494,732878,7616,36992,127052,2.034,
case_009,5,band_w8_k2,2,8,0,ok,89793,391438,391438,0,39840,111410,1.913,
case_009,5,band_w12_k2,2,12,0,ok,93609,371630,371630,0,42656,102336,1.779,
case_009,5,band_w4_k3,3,4,0,ok,73295,1185252,1185252,0,32224,115436,2.095,
case_009,5,band_w8_k3,3,8,0,ok,70920,618700,618700,0,39712,78222,1.857,
case_009,5,band_w12_k3,3,12,0,ok,74470,569682,569682,0,41824,59664,1.729,
case_009,5,band_w4_k4,4,4,0,ok,69014,1317674,1317674,0,30976,72116,1.911,
case_009,5,band_w8_k4,4,8,0,ok,64259,747262,747262,0,36992,72776,1.686,
case_009,5,band_w12_k4,4,12,0,ok,67315,672118,672118,0,38656,55852,1.923,
case_009,5,band_w4_k5,5,4,0,ok,68820,1538614,1538614,0,30464,39534,1.969,
case_009,5,band_w8_k5,5,8,0,ok,53909,861326,861326,0,32800,47114,1.742,
case_009,5,band_w12_k5,5,12,0,ok,58803,765594,765594,0,35360,53256,1.71,
case_010,5,band_w4_k2,2,4,0,ok,49327,580496,480656,99840,142336,131072,0.17,
case_010,5,band_w8_k2,2,8,0,ok,53927,69560,69560,0,253312,51984,0.132,
case_010,5,band_w12_k2,2,12,0,ok,45249,253824,52608,201216,230528,131072,0.138,
case_010,5,band_w4_k3,3,4,0,ok,36485,742424,644120,98304,103552,114690,0.181,
case_010,5,band_w8_k3,3,8,0,ok,40863,137520,137520,0,228736,43018,0.15,
case_010,5,band_w12_k3,3,12,0,ok,31413,272776,76168,196608,229376,131072,0.138,
case_010,5,band_w4_k4,4,4,0,ok,33357,852732,754428,98304,67584,114690,0.178,
case_010,5,band_w8_k4,4,8,0,ok,35871,181572,181572,0,215680,38912,0.166,
case_010,5,band_w12_k4,4,12,0,ok,31874,327952,131344,196608,229376,131072,0.152,
case_010,5,band_w4_k5,5,4,0,ok,31502,887476,787636,99840,83712,114690,0.206,
case_010,5,band_w8_k5,5,8,0,ok,32455,220612,220612,0,212992,36866,0.15,
case_010,5,band_w12_k5,5,12,0,ok,32958,373644,177036,196608,229376,131072,0.123,
case_011,5,band_w4_k2,2,4,0,ok,101223,1212416,1212416,0,468992,0,0.197,
case_011,5,band_w8_k2,2,8,0,ok,98187,983040,983040,0,376832,0,0.197,
case_011,5,band_w12_k2,2,12,0,ok,95483,753664,753664,0,331776,0,0.173,
case_011,5,band_w4_k3,3,4,0,ok,71518,1830912,1830912,0,315392,0,0.216,
case_011,5,band_w8_k3,3,8,0,ok,67190,2330624,2330624,0,192512,0,0.232,
case_011,5,band_w12_k3,3,12,0,ok,63552,1978368,1978368,0,180224,0,0.204,
case_011,5,band_w4_k4,4,4,0,ok,57538,2015232,2015232,0,198656,0,0.287,
case_011,5,band_w8_k4,4,8,0,ok,52587,1687552,1687552,0,161792,0,0.237,
case_011,5,band_w12_k4,4,12,0,ok,49668,1359872,1359872,0,139264,0,0.189,
case_011,5,band_w4_k5,5,4,0,ok,68960,3465216,3465216,0,94208,0,0.364,
case_011,5,band_w8_k5,5,8,0,ok,61138,2998272,2998272,0,94208,0,0.33,
case_011,5,band_w12_k5,5,12,0,ok,45978,2101248,2101248,0,102400,0,0.267,
case_012,5,band_w4_k2,2,4,0,ok,29291,340804,340804,0,33984,82472,0.287,
case_012,5,band_w8_k2,2,8,0,ok,30815,115444,115444,0,29248,73744,0.237,
case_012,5,band_w12_k2,2,12,0,ok,30715,104592,104592,0,28224,59410,0.237,
case_012,5,band_w4_k3,3,4,0,ok,22124,419504,419504,0,42176,72228,0.3,
case_012,5,band_w8_k3,3,8,0,ok,20332,191960,191960,0,30272,49160,0.242,
case_012,5,band_w12_k3,3,12,0,ok,23535,149224,149224,0,28224,51218,0.247,
case_012,5,band_w4_k4,4,4,0,ok,22277,484768,484768,0,31680,69150,0.288,
case_012,5,band_w8_k4,4,8,0,ok,16920,217580,217580,0,29248,40972,0.238,
case_012,5,band_w12_k4,4,12,0,ok,16548,172336,172336,0,28224,30728,0.243,
case_012,5,band_w4_k5,5,4,0,ok,22131,598264,598264,0,29952,51204,0.305,
case_012,5,band_w8_k5,5,8,0,ok,15816,224736,224736,0,28224,32786,0.242,
case_012,5,band_w12_k5,5,12,0,ok,14553,176868,176868,0,28224,30728,0.231,
case_013,5,band_w4_k2,2,4,0,ok,132198,8192,8192,0,20480,0,0.572,
case_013,5,band_w8_k2,2,8,0,duplicate,,,,,,,0.01,
case_013,5,band_w12_k2,2,12,0,duplicate,,,,,,,0.016,
case_013,5,band_w4_k3,3,4,0,ok,88351,16384,16384,0,20480,0,0.641,
case_013,5,band_w8_k3,3,8,0,duplicate,,,,,,,0.014,
case_013,5,band_w12_k3,3,12,0,duplicate,,,,,,,0.025,
case_013,5,band_w4_k4,4,4,0,ok,66982,24576,24576,0,20480,0,0.549,
case_013,5,band_w8_k4,4,8,0,duplicate,,,,,,,0.017,
case_013,5,band_w12_k4,4,12,0,duplicate,,,,,,,0.012,
case_013,5,band_w4_k5,5,4,0,duplicate,,,,,,,0.01,
case_013,5,band_w8_k5,5,8,0,duplicate,,,,,,,0.009,
case_013,5,band_w12_k5,5,12,0,duplicate,,,,,,,0.011,
case_014,5,band_w4_k2,2,4,0,ok,9382469,114738192,41472768,73265424,523776,4678,30.762,
case_014,5,band_w8_k2,2,8,0,ok,8933288,81928480,19843840,62084640,523776,266,20.271,
case_014,5,band_w12_k2,2,12,0,ok,8810735,68201188,9913060,58288128,523776,4870,15.369,
case_014,5,band_w4_k3,3,4,0,ok,6528376,125418460,63864796,61553664,523776,2360,23.682,
case_014,5,band_w8_k3,3,8,0,ok,6042774,84740692,30016852,54723840,523776,182,15.254,
case_014,5,band_w12_k3,3,12,0,ok,5929977,73513820,18166964,55346856,523944,2206,12.506,
case_014,5,band_w4_k4,4,4,0,ok,5069151,105585888,80797104,24788784,523776,1362,19.636,
case_014,5,band_w8_k4,4,8,0,ok,4630044,90376504,44921080,45455424,523776,158,14.662,
case_014,5,band_w12_k4,4,12,0,ok,4484418,77920772,29739524,48181248,523776,2480,12.174,
case_014,5,band_w4_k5,5,4,0,ok,4267953,133460864,89018480,44442384,523776,1264,19.368,
case_014,5,band_w8_k5,5,8,0,ok,3789721,94955328,50355744,44599584,523776,160,14.069,
case_014,5,band_w12_k5,5,12,0,ok,3643027,84785044,36384148,48400896,523776,1312,12.888,
case_015,5,band_w4_k2,2,4,0,ok,107874,1537406,818782,718624,181760,131072,0.239,
case_015,5,band_w8_k2,2,8,0,ok,108491,660352,455480,204872,324608,122896,0.189,
case_015,5,band_w12_k2,2,12,0,ok,92209,576808,158984,417824,317696,122906,0.166,
case_015,5,band_w4_k3,3,4,0,ok,77607,1654948,1474716,180232,180224,131072,0.209,
case_015,5,band_w8_k3,3,8,0,ok,67386,512092,479308,32784,313856,122894,0.178,
case_015,5,band_w12_k3,3,12,0,ok,66914,645668,449052,196616,317696,122896,0.22,
case_015,5,band_w4_k4,4,4,0,ok,64560,1870278,1673666,196612,180224,131072,0.237,
case_015,5,band_w8_k4,4,8,0,ok,55515,618088,585312,32776,293888,122892,0.185,
case_015,5,band_w12_k4,4,12,0,ok,57897,760348,711192,49156,305408,122892,0.212,
case_015,5,band_w4_k5,5,4,0,ok,61092,2123204,2008512,114692,180224,131072,0.246,
case_015,5,band_w8_k5,5,8,0,ok,53608,847984,847984,0,228352,106508,0.194,
case_015,5,band_w12_k5,5,12,0,ok,50949,844316,827928,16388,228352,122892,0.163,
case_016,5,band_w4_k2,2,4,0,ok,4154388,8536,8536,0,196608,65546,8.929,
case_016,5,band_w8_k2,2,8,0,ok,7715523,0,0,0,393216,65544,9.557,
case_016,5,band_w12_k2,2,12,0,ok,7715523,0,0,0,393216,65558,9.362,
case_016,5,band_w4_k3,3,4,0,ok,2876681,12192,12192,0,131072,65542,7.689,
case_016,5,band_w8_k3,3,8,0,duplicate,,,,,,,0.101,
case_016,5,band_w12_k3,3,12,0,duplicate,,,,,,,0.107,
case_016,5,band_w4_k4,4,4,0,ok,2241799,14628,14628,0,98304,65540,7.573,
case_016,5,band_w8_k4,4,8,0,duplicate,,,,,,,0.087,
case_016,5,band_w12_k4,4,12,0,duplicate,,,,,,,0.093,
case_016,5,band_w4_k5,5,4,0,ok,2242797,15844,15844,0,98304,65540,7.339,
case_016,5,band_w8_k5,5,8,0,duplicate,,,,,,,0.082,
case_016,5,band_w12_k5,5,12,0,duplicate,,,,,,,0.091,
case_017,5,band_w4_k2,2,4,0,ok,83115,513664,419456,94208,79872,122914,0.275,
case_017,5,band_w8_k2,2,8,0,ok,82940,265932,265932,0,104448,118806,0.239,
case_017,5,band_w12_k2,2,12,0,ok,86068,292364,292364,0,95232,129062,0.236,
case_017,5,band_w4_k3,3,4,0,ok,63808,926560,926560,0,76800,101908,0.304,
case_017,5,band_w8_k3,3,8,0,ok,57855,455788,455788,0,98304,119824,0.27,
case_017,5,band_w12_k3,3,12,0,ok,60769,449552,449552,0,95232,102426,0.241,
case_017,5,band_w4_k4,4,4,0,ok,43848,867412,867412,0,73728,72716,0.272,
case_017,5,band_w8_k4,4,8,0,ok,45566,598272,598272,0,90112,111634,0.238,
case_017,5,band_w12_k4,4,12,0,ok,44462,577548,577548,0,86016,71700,0.24,
case_017,5,band_w4_k5,5,4,0,ok,42992,1259876,1259876,0,73728,92178,0.311,
case_017,5,band_w8_k5,5,8,0,ok,46358,723072,653432,69640,86016,130070,0.263,
case_044,5,band_w1_k2,2,1,0,ok,44234,930400,930400,0,98560,0,0.209,
case_017,5,band_w12_k5,5,12,0,ok,42198,699412,699412,0,86016,88088,0.256,
case_044,5,band_w2_k2,2,2,0,ok,43931,930400,930400,0,172160,0,0.19,
case_044,5,band_w3_k2,2,3,0,ok,46162,930400,930400,0,172288,0,0.236,
case_044,5,band_w1_k3,3,1,0,ok,54338,1860800,1860800,0,90368,0,0.205,
case_044,5,band_w2_k3,3,2,0,ok,54016,1860800,1860800,0,163968,0,0.187,
case_044,5,band_w3_k3,3,3,0,ok,54744,1860800,1860800,0,164096,0,0.187,
case_018,5,band_w4_k2,2,4,0,ok,534247,6212720,4009072,2203648,524288,123392,0.835,
case_044,5,band_w1_k4,4,1,0,ok,67339,2791200,2791200,0,86272,0,0.213,
case_044,5,band_w2_k4,4,2,0,ok,67021,2791200,2791200,0,159872,0,0.185,
case_044,5,band_w3_k4,4,3,0,ok,67559,2791200,2791200,0,160000,0,0.197,
case_018,5,band_w8_k2,2,8,0,ok,518771,4677340,2802780,1874560,524288,122896,0.687,
case_044,5,band_w1_k5,5,1,0,ok,82394,3721600,3721600,0,86272,0,0.196,
case_044,5,band_w2_k5,5,2,0,ok,82232,3721600,3721600,0,159872,0,0.217,
case_044,5,band_w3_k5,5,3,0,ok,82601,3721600,3721600,0,160000,0,0.192,
case_018,5,band_w12_k2,2,12,0,ok,510255,3154956,1504268,1650688,524288,106502,0.602,
case_048,5,band_w1_k2,2,1,0,ok,143119,527974,527974,0,14976,12932,0.396,
case_048,5,band_w2_k2,2,2,0,ok,149271,525318,525318,0,14848,12804,0.373,
case_018,5,band_w4_k3,3,4,0,ok,379888,7161212,5821820,1339392,524288,90112,0.764,
case_048,5,band_w3_k2,2,3,0,ok,143555,397542,397542,0,20928,12804,0.382,
case_048,5,band_w1_k3,3,1,0,ok,117651,1063276,1063276,0,13312,10820,0.467,
case_018,5,band_w8_k3,3,8,0,ok,356239,6762608,5478512,1284096,524288,98308,0.762,
case_048,5,band_w2_k3,3,2,0,ok,129503,982668,982668,0,14912,10628,0.441,
case_018,5,band_w12_k3,3,12,0,ok,342041,4634632,3483656,1150976,524288,106504,0.652,
case_048,5,band_w3_k3,3,3,0,ok,126026,680556,680556,0,20800,10628,0.373,
case_048,5,band_w1_k4,4,1,0,ok,111772,889616,889616,0,13568,10564,0.452,
case_018,5,band_w4_k4,4,4,0,ok,286685,8364416,8364416,0,425344,88576,0.762,
case_048,5,band_w2_k4,4,2,0,ok,123104,885168,885168,0,14016,10500,0.438,
case_048,5,band_w3_k4,4,3,0,ok,122527,631568,631568,0,20672,10500,0.354,
case_018,5,band_w8_k4,4,8,0,ok,270415,6471812,5893252,578560,524288,98306,0.697,
case_048,5,band_w1_k5,5,1,0,ok,113883,1233716,1233716,0,12480,10500,0.489,
case_018,5,band_w12_k4,4,12,0,ok,261801,4590616,3922968,667648,524288,114692,0.547,
case_048,5,band_w2_k5,5,2,0,ok,124199,1101364,1101364,0,14912,10436,0.407,
case_048,5,band_w3_k5,5,3,0,ok,122282,732212,732212,0,20736,10436,0.404,
case_018,5,band_w4_k5,5,4,0,ok,242464,9232012,9232012,0,310656,90112,0.865,
case_064,5,band_w1_k2,2,1,0,ok,22635,110630,110630,0,6720,4804,0.185,
case_064,5,band_w2_k2,2,2,0,ok,19373,93702,93702,0,6688,5218,0.18,
case_064,5,band_w3_k2,2,3,0,ok,16128,64806,64806,0,8832,5154,0.163,
case_064,5,band_w1_k3,3,1,0,ok,20983,137484,137484,0,4416,3588,0.209,
case_018,5,band_w8_k5,5,8,0,ok,220373,5063316,5063316,0,360448,90114,0.688,
case_064,5,band_w2_k3,3,2,0,ok,17472,127500,127500,0,6304,3778,0.185,
case_064,5,band_w3_k3,3,3,0,ok,14539,80524,80524,0,7936,4100,0.159,
case_064,5,band_w1_k4,4,1,0,ok,20144,230386,230386,0,4352,2756,0.226,
case_018,5,band_w12_k5,5,12,0,ok,206559,4202516,4202516,0,520192,81922,0.551,
case_064,5,band_w2_k4,4,2,0,ok,17016,208978,208978,0,4992,3204,0.209,
case_019,5,band_w4_k2,2,4,0,ok,38791,219960,219960,0,50944,112640,0.111,
case_019,5,band_w8_k2,2,8,0,ok,45403,205356,205356,0,42240,77314,0.1,
case_064,5,band_w3_k4,4,3,0,ok,13821,144816,144816,0,6656,3620,0.177,
case_019,5,band_w12_k2,2,12,0,ok,43727,94252,94252,0,36864,50692,0.108,
case_019,5,band_w4_k3,3,4,0,ok,31353,416364,416364,0,34048,88064,0.126,
case_064,5,band_w1_k5,5,1,0,ok,19558,212598,212598,0,3616,2628,0.235,
case_019,5,band_w8_k3,3,8,0,ok,34124,190560,190560,0,43520,55296,0.107,
case_019,5,band_w12_k3,3,12,0,ok,30405,127024,127024,0,36864,50688,0.095,
case_064,5,band_w2_k5,5,2,0,ok,16747,202900,202900,0,4608,2882,0.205,
case_019,5,band_w4_k4,4,4,0,ok,25828,484232,484232,0,32512,58368,0.115,
case_019,5,band_w8_k4,4,8,0,ok,28311,312960,312960,0,40192,63490,0.112,
case_064,5,band_w3_k5,5,3,0,ok,14112,145236,145236,0,6784,3204,0.175,
case_019,5,band_w12_k4,4,12,0,ok,26291,148048,148048,0,36864,71168,0.094,
case_019,5,band_w4_k5,5,4,0,ok,22891,556132,556132,0,23296,45056,0.114,
case_019,5,band_w8_k5,5,8,0,ok,24811,321664,321664,0,36864,35842,0.116,
case_098,5,band_w1_k2,2,1,0,ok,124830,3584604,1462736,2121868,197632,131072,0.371,
case_019,5,band_w12_k5,5,12,0,ok,21198,133716,133716,0,36864,39040,0.1,
case_098,5,band_w2_k2,2,2,0,ok,109574,3223980,2121072,1102908,262144,131072,0.331,
case_098,5,band_w3_k2,2,3,0,ok,101538,2820008,2342424,477584,262144,131072,0.303,
case_098,5,band_w1_k3,3,1,0,ok,126153,5124312,4941984,182328,106496,131072,0.447,
case_098,5,band_w2_k3,3,2,0,ok,101697,4195738,4195738,0,245760,131072,0.362,
case_098,5,band_w3_k3,3,3,0,ok,86347,3645608,3645608,0,262144,131072,0.325,
case_098,5,band_w1_k4,4,1,0,ok,80174,2727822,2682762,45060,106496,131072,0.424,
case_098,5,band_w2_k4,4,2,0,ok,85436,3612330,3612330,0,229376,114690,0.378,
case_020,5,band_w4_k2,2,4,0,ok,516133,25255936,2949120,22306816,0,131072,2.511,
case_098,5,band_w3_k4,4,3,0,ok,80564,3449168,3449168,0,262144,124454,0.367,
case_098,5,band_w1_k5,5,1,0,ok,120955,5386970,5386970,0,70144,118784,0.447,
case_098,5,band_w2_k5,5,2,0,ok,104797,5001860,5001860,0,229376,98306,0.377,
case_098,5,band_w3_k5,5,3,0,ok,88649,4220980,4220980,0,225280,98306,0.344,
case_020,5,band_w8_k2,2,8,0,ok,412624,17408000,2359296,15048704,0,131072,2.011,
case_020,5,band_w12_k2,2,12,0,ok,307186,8224768,1966080,6258688,0,131072,1.541,
case_020,5,band_w4_k3,3,4,0,ok,535016,26656768,6029312,20627456,0,131072,2.175,
case_020,5,band_w8_k3,3,8,0,ok,426488,19623936,4980736,14643200,0,131072,1.906,
case_020,5,band_w12_k3,3,12,0,ok,282372,10764288,3932160,6832128,0,131072,1.645,
case_020,5,band_w4_k4,4,4,0,ok,485969,25923584,5996544,19927040,0,131072,2.183,
case_020,5,band_w8_k4,4,8,0,ok,399768,19087360,4915200,14172160,0,131072,1.738,
case_020,5,band_w12_k4,4,12,0,ok,255940,10551296,3932160,6619136,0,131072,1.424,
case_020,5,band_w4_k5,5,4,0,ok,481337,25710592,7254016,18456576,0,131072,2.055,
case_020,5,band_w8_k5,5,8,0,ok,372650,19652608,5992448,13660160,0,131072,1.916,
case_020,5,band_w12_k5,5,12,0,ok,250632,12001280,5120000,6881280,0,131072,1.559,
case_021,5,band_w4_k2,2,4,0,ok,3276874,14610432,5959680,8650752,524288,0,0.91,
case_021,5,band_w8_k2,2,8,0,ok,3194570,3174400,1536000,1638400,524288,0,0.816,
case_021,5,band_w12_k2,2,12,0,duplicate,,,,,,,0.02,
case_021,5,band_w4_k3,3,4,0,ok,2217595,14743552,8052736,6690816,524288,0,0.917,
case_021,5,band_w8_k3,3,8,0,ok,2144024,7766016,4710400,3055616,524288,0,0.951,
case_021,5,band_w12_k3,3,12,0,duplicate,,,,,,,0.022,
case_021,5,band_w4_k4,4,4,0,ok,1670422,15446016,10506240,4939776,524288,0,0.916,
case_021,5,band_w8_k4,4,8,0,ok,1550324,4608000,4608000,0,425984,0,0.758,
case_021,5,band_w12_k4,4,12,0,duplicate,,,,,,,0.019,
case_021,5,band_w4_k5,5,4,0,ok,1363563,23482368,17285120,6197248,524288,0,1.117,
case_021,5,band_w8_k5,5,8,0,duplicate,,,,,,,0.019,
case_021,5,band_w12_k5,5,12,0,duplicate,,,,,,,0.018,
case_022,5,band_w4_k2,2,4,0,ok,28370,708568,708568,0,20480,120322,0.297,
case_022,5,band_w8_k2,2,8,0,ok,28500,444248,362316,81932,25088,129034,0.252,
case_022,5,band_w12_k2,2,12,0,ok,28607,165644,165644,0,29696,110606,0.211,
case_022,5,band_w4_k3,3,4,0,ok,22675,877044,877044,0,15360,84992,0.326,
case_022,5,band_w8_k3,3,8,0,ok,20192,587380,587380,0,24576,111626,0.262,
case_022,5,band_w12_k3,3,12,0,ok,19579,223748,223748,0,31232,90120,0.232,
case_022,5,band_w4_k4,4,4,0,ok,21463,924660,924660,0,15360,81924,0.309,
case_022,5,band_w8_k4,4,8,0,ok,18577,644736,644736,0,21504,81926,0.242,
case_022,5,band_w12_k4,4,12,0,ok,15248,223760,223760,0,26624,76800,0.222,
case_022,5,band_w4_k5,5,4,0,ok,22981,1008684,1008684,0,12288,59396,0.308,
case_022,5,band_w8_k5,5,8,0,ok,15978,541316,541316,0,20480,90116,0.25,
case_022,5,band_w12_k5,5,12,0,ok,13547,286988,286988,0,29696,67592,0.215,
case_023,5,band_w4_k2,2,4,0,ok,58867,855920,656728,199192,64512,130310,0.209,
case_023,5,band_w8_k2,2,8,0,ok,66844,571460,454696,116764,130176,129154,0.189,
case_023,5,band_w12_k2,2,12,0,ok,62133,272396,272396,0,90112,116746,0.164,
case_023,5,band_w4_k3,3,4,0,ok,37942,1147244,1112428,34816,62976,129934,0.21,
case_023,5,band_w8_k3,3,8,0,ok,42923,776680,717284,59396,98304,129158,0.195,
case_023,5,band_w12_k3,3,12,0,ok,41784,414300,414300,0,90240,114816,0.194,
case_023,5,band_w4_k4,4,4,0,ok,36957,1350040,1350040,0,67072,92296,0.251,
case_023,5,band_w8_k4,4,8,0,ok,35367,852324,852324,0,83968,82048,0.2,
case_023,5,band_w12_k4,4,12,0,ok,32158,497984,497984,0,90112,94338,0.215,
case_023,5,band_w4_k5,5,4,0,ok,34407,1379940,1379940,0,61440,72834,0.226,
case_023,5,band_w8_k5,5,8,0,ok,30992,702956,702956,0,79872,112770,0.188,
case_023,5,band_w12_k5,5,12,0,ok,26039,514492,514492,0,90112,87042,0.162,
case_024,5,band_w4_k2,2,4,0,ok,1376112,2824,2824,0,196608,65546,1.541,
case_024,5,band_w8_k2,2,8,0,ok,2555343,0,0,0,393216,65544,1.448,
case_024,5,band_w12_k2,2,12,0,ok,2555343,0,0,0,393216,65558,1.332,
case_024,5,band_w4_k3,3,4,0,ok,953369,4032,4032,0,131072,65542,1.489,
case_024,5,band_w8_k3,3,8,0,duplicate,,,,,,,0.028,
case_024,5,band_w12_k3,3,12,0,duplicate,,,,,,,0.03,
case_024,5,band_w4_k4,4,4,0,ok,743623,4836,4836,0,98304,65540,1.468,
case_024,5,band_w8_k4,4,8,0,duplicate,,,,,,,0.032,
case_024,5,band_w12_k4,4,12,0,duplicate,,,,,,,0.029,
case_024,5,band_w4_k5,5,4,0,ok,744621,5236,5236,0,98304,65540,1.507,
case_024,5,band_w8_k5,5,8,0,duplicate,,,,,,,0.027,
case_024,5,band_w12_k5,5,12,0,duplicate,,,,,,,0.031,
case_025,5,band_w4_k2,2,4,0,ok,2774940,18994176,27648,18966528,523776,129024,11.705,
case_025,5,band_w8_k2,2,8,0,ok,2431840,27648,27648,0,35328,6144,8.309,
case_025,5,band_w12_k2,2,12,0,duplicate,,,,,,,0.103,
case_025,5,band_w4_k3,3,4,0,ok,1825620,18267648,55296,18212352,523776,129024,9.91,
case_025,5,band_w8_k3,3,8,0,ok,1622164,55296,55296,0,35328,6144,7.008,
case_025,5,band_w12_k3,3,12,0,duplicate,,,,,,,0.105,
case_025,5,band_w4_k4,4,4,0,ok,1350616,17541120,82944,17458176,523776,129024,8.746,
case_025,5,band_w8_k4,4,8,0,ok,1217444,82944,82944,0,35328,6144,6.796,
case_025,5,band_w12_k4,4,12,0,duplicate,,,,,,,0.095,
case_025,5,band_w4_k5,5,4,0,ok,1059380,16814592,110592,16704000,523776,129024,8.127,
case_025,5,band_w8_k5,5,8,0,duplicate,,,,,,,0.101,
case_025,5,band_w12_k5,5,12,0,duplicate,,,,,,,0.123,
case_026,5,band_w4_k2,2,4,0,ok,61382,1132684,980620,152064,228480,131072,0.143,
case_026,5,band_w8_k2,2,8,0,ok,63066,601688,131664,470024,203392,131072,0.106,
case_026,5,band_w12_k2,2,12,0,ok,61463,26172,26172,0,202240,115464,0.093,
case_026,5,band_w4_k3,3,4,0,ok,58725,1687988,1514420,173568,193664,131072,0.144,
case_026,5,band_w8_k3,3,8,0,ok,56774,591476,360564,230912,196992,131072,0.121,
case_026,5,band_w12_k3,3,12,0,ok,42932,153280,153280,0,177280,106500,0.092,
case_026,5,band_w4_k4,4,4,0,ok,48793,1384692,1286388,98304,163840,131072,0.127,
case_026,5,band_w8_k4,4,8,0,ok,51010,795768,599160,196608,177280,131072,0.137,
case_026,5,band_w12_k4,4,12,0,ok,42773,316020,316020,0,163840,90880,0.12,
case_026,5,band_w4_k5,5,4,0,ok,49884,1549028,1450724,98304,164992,131072,0.138,
case_026,5,band_w8_k5,5,8,0,ok,47394,762640,566032,196608,163840,131072,0.11,
case_026,5,band_w12_k5,5,12,0,ok,47514,337544,337544,0,163840,90116,0.103,
case_027,5,band_w4_k2,2,4,0,ok,1247106,16736256,8970240,7766016,524288,0,0.525,
case_027,5,band_w8_k2,2,8,0,ok,1234386,15065088,8183808,6881280,524288,0,0.505,
case_027,5,band_w12_k2,2,12,0,ok,1225168,13344768,7397376,5947392,524288,0,0.474,
case_027,5,band_w4_k3,3,4,0,ok,874861,18628608,14499840,4128768,524288,0,0.513,
case_027,5,band_w8_k3,3,8,0,ok,862581,16859136,13271040,3588096,524288,0,0.534,
case_027,5,band_w12_k3,3,12,0,ok,850527,14141440,9994240,4147200,524288,0,0.463,
case_027,5,band_w4_k4,4,4,0,ok,749748,16785408,15114240,1671168,524288,0,0.434,
case_027,5,band_w8_k4,4,8,0,ok,728004,15114240,13934592,1179648,524288,0,0.449,
case_027,5,band_w12_k4,4,12,0,ok,707492,13443072,12754944,688128,524288,0,0.403,
case_027,5,band_w4_k5,5,4,0,ok,560557,18087936,18087936,0,501760,0,0.562,
case_027,5,band_w8_k5,5,8,0,ok,551332,17121280,17121280,0,415744,0,0.451,
case_027,5,band_w12_k5,5,12,0,ok,537810,15810560,15810560,0,393216,0,0.449,
case_028,5,band_w4_k2,2,4,0,ok,20602291,41688192,2240640,39447552,523776,0,10.69,
case_028,5,band_w8_k2,2,8,0,ok,20644029,58699392,2209920,56489472,524256,0,9.391,
case_028,5,band_w12_k2,2,12,0,ok,21481465,146094720,16064640,130030080,523776,0,9.22,
case_028,5,band_w4_k3,3,4,0,ok,13725435,33456384,4296960,29159424,523776,0,7.928,
case_028,5,band_w8_k3,3,8,0,ok,14004606,55229184,4296960,50932224,523776,0,7.05,
case_028,5,band_w12_k3,3,12,0,ok,15512061,139085568,4296960,134788608,523536,0,7.192,
case_028,5,band_w4_k4,4,4,0,ok,10387905,34603392,20545920,14057472,519336,0,10.825,
case_028,5,band_w8_k4,4,8,0,ok,10625272,52493184,6721920,45771264,523776,0,6.822,
case_028,5,band_w12_k4,4,12,0,ok,12046514,141808512,20269440,121539072,521208,0,6.149,
case_028,5,band_w4_k5,5,4,0,ok,8280730,32745984,22694400,10051584,517392,0,6.982,
case_028,5,band_w8_k5,5,8,0,ok,8578580,52726272,13294080,39432192,523776,0,6.281,
case_028,5,band_w12_k5,5,12,0,ok,9745536,138038784,9331200,128707584,521208,0,5.369,
case_029,5,band_w4_k2,2,4,0,ok,19706,266326,266326,0,0,53270,0.161,
case_029,5,band_w8_k2,2,8,0,ok,19740,0,0,0,0,96278,0.121,
case_029,5,band_w12_k2,2,12,0,ok,19740,0,0,0,0,14340,0.126,
case_029,5,band_w4_k3,3,4,0,ok,12815,258216,258216,0,0,36880,0.153,
case_029,5,band_w8_k3,3,8,0,ok,12743,0,0,0,0,63502,0.116,
case_029,5,band_w12_k3,3,12,0,ok,12743,0,0,0,0,14340,0.114,
case_029,5,band_w4_k4,4,4,0,ok,17688,520486,520486,0,0,26650,0.224,
case_029,5,band_w8_k4,4,8,0,ok,11028,0,0,0,0,55308,0.122,
case_029,5,band_w12_k4,4,12,0,ok,11028,0,0,0,0,14340,0.111,
case_029,5,band_w4_k5,5,4,0,ok,17774,553286,553286,0,0,22548,0.196,
case_029,5,band_w8_k5,5,8,0,ok,9383,0,0,0,0,47114,0.117,
case_029,5,band_w12_k5,5,12,0,duplicate,,,,,,,0.004,
case_030,5,band_w4_k2,2,4,0,ok,1476064,11149628,4001084,7148544,524288,218,2.652,
case_030,5,band_w8_k2,2,8,0,ok,1402366,4650308,1551684,3098624,524288,220,2.602,
case_030,5,band_w12_k2,2,12,0,ok,1401423,6940672,1950720,4989952,524288,132,2.464,
case_030,5,band_w4_k3,3,4,0,ok,1014071,13372864,7963072,5409792,524288,170,2.605,
case_030,5,band_w8_k3,3,8,0,ok,933815,6868416,3901888,2966528,524288,168,2.454,
case_030,5,band_w12_k3,3,12,0,ok,933969,9071616,3901440,5170176,524288,132,2.436,
case_030,5,band_w4_k4,4,4,0,ok,757747,12533252,8760836,3772416,524288,148,2.46,
case_030,5,band_w8_k4,4,8,0,ok,701739,5370372,4431364,939008,524288,150,2.216,
case_030,5,band_w12_k4,4,12,0,ok,699591,8632320,5255168,3377152,524288,132,2.248,
case_030,5,band_w4_k5,5,4,0,ok,623066,16080388,13093380,2987008,524288,146,2.606,
case_030,5,band_w8_k5,5,8,0,ok,560435,7753200,6205936,1547264,524288,154,2.353,
case_030,5,band_w12_k5,5,12,0,duplicate,,,,,,,0.048,
case_031,5,band_w4_k2,2,4,0,ok,717338,4453748,2100884,2352864,524288,130322,1.933,
case_031,5,band_w8_k2,2,8,0,ok,716080,4866228,2417386,2448842,524288,130050,1.696,
case_031,5,band_w12_k2,2,12,0,ok,714328,5943150,2187534,3755616,524288,131012,1.56,
case_031,5,band_w4_k3,3,4,0,ok,492290,5299228,4305884,993344,524288,130066,1.476,
case_031,5,band_w8_k3,3,8,0,ok,484719,4003202,2956422,1046780,524288,131072,1.348,
case_031,5,band_w12_k3,3,12,0,ok,484805,6991704,4046520,2945184,524288,128096,1.425,
case_031,5,band_w4_k4,4,4,0,ok,383855,6009188,5243460,765728,524288,125058,1.558,
case_031,5,band_w8_k4,4,8,0,ok,374276,7788110,6206926,1581184,524288,130066,1.542,
case_031,5,band_w12_k4,4,12,0,ok,363420,8740064,5923328,2816736,524288,122050,1.475,
case_031,5,band_w4_k5,5,4,0,ok,317091,10510186,10277514,232672,524288,108896,1.691,
case_031,5,band_w8_k5,5,8,0,ok,306929,8376148,7909414,466734,524288,128002,1.514,
case_031,5,band_w12_k5,5,12,0,ok,305233,8914468,7131844,1782624,524288,131072,1.441,
case_032,5,band_w4_k2,2,4,0,ok,20568,288944,288944,0,47104,71692,0.14,
case_032,5,band_w8_k2,2,8,0,ok,21290,169128,169128,0,54784,53264,0.137,
case_032,5,band_w12_k2,2,12,0,ok,21178,82000,82000,0,53248,63510,0.125,
case_032,5,band_w4_k3,3,4,0,ok,16599,476456,476456,0,32768,38918,0.153,
case_032,5,band_w8_k3,3,8,0,ok,14950,221452,221452,0,53248,43018,0.136,
case_032,5,band_w12_k3,3,12,0,ok,16749,112728,112728,0,53248,51216,0.123,
case_032,5,band_w4_k4,4,4,0,ok,15944,456004,456004,0,36864,36870,0.154,
case_032,5,band_w8_k4,4,8,0,ok,14154,187652,187652,0,53248,40960,0.14,
case_032,5,band_w12_k4,4,12,0,ok,14823,151644,151644,0,53248,46080,0.124,
case_032,5,band_w4_k5,5,4,0,ok,16043,548192,548192,0,24576,26634,0.157,
case_032,5,band_w8_k5,5,8,0,ok,14149,207128,207128,0,40960,40960,0.15,
case_032,5,band_w12_k5,5,12,0,ok,13248,174240,174240,0,51200,46082,0.126,
case_033,5,band_w4_k2,2,4,0,ok,903135,6864536,3355800,3508736,523776,128020,0.787,
case_033,5,band_w8_k2,2,8,0,ok,893740,6290596,2372732,3917864,524288,126984,0.81,
case_033,5,band_w12_k2,2,12,0,ok,895196,6414888,2199592,4215296,524288,130052,0.752,
case_033,5,band_w4_k3,3,4,0,ok,604867,4596966,2533606,2063360,523776,75778,0.769,
case_033,5,band_w8_k3,3,8,0,ok,598061,7528152,4624580,2903572,523776,130060,0.745,
case_033,5,band_w12_k3,3,12,0,ok,599970,7962184,4258888,3703296,523776,128004,0.737,
case_033,5,band_w4_k4,4,4,0,ok,451620,10032392,8806664,1225728,523776,63488,0.83,
case_033,5,band_w8_k4,4,8,0,ok,455152,8659176,6686948,1972228,523776,128010,0.767,
case_033,5,band_w12_k4,4,12,0,ok,455118,7841384,6072416,1768968,523776,126984,0.724,
case_033,5,band_w4_k5,5,4,0,ok,368296,11367198,11367198,0,519168,72714,0.869,
case_033,5,band_w8_k5,5,8,0,ok,358066,9318688,8778016,540672,523776,123910,0.81,
case_033,5,band_w12_k5,5,12,0,ok,365139,8524424,7234184,1290240,524288,111616,0.725,
case_034,5,band_w4_k2,2,4,0,ok,440932,5596972,2991838,2605134,524288,129168,0.959,
case_034,5,band_w8_k2,2,8,0,ok,437026,3021500,1821300,1200200,523776,122892,0.773,
case_034,5,band_w12_k2,2,12,0,ok,423298,2413628,1641000,772628,523776,123924,0.718,
case_034,5,band_w4_k3,3,4,0,ok,317234,6489360,5682448,806912,524288,130070,0.958,
case_034,5,band_w8_k3,3,8,0,ok,299413,4081872,3377320,704552,523776,123018,0.759,
case_034,5,band_w12_k3,3,12,0,ok,282179,3616304,3169320,446984,524288,124944,0.719,
case_034,5,band_w4_k4,4,4,0,ok,239488,6394682,6359866,34816,470528,125962,0.915,
case_034,5,band_w8_k4,4,8,0,ok,238608,4551372,4149948,401424,343040,122894,0.753,
case_034,5,band_w12_k4,4,12,0,ok,233336,4076084,3871272,204812,419328,122894,0.745,
case_034,5,band_w4_k5,5,4,0,ok,226535,7948660,7891316,57344,326144,122894,0.957,
case_034,5,band_w8_k5,5,8,0,ok,206956,5091552,4739272,352280,364544,123020,0.804,
case_034,5,band_w12_k5,5,12,0,ok,181359,4677692,4585528,92164,338432,130056,0.778,
case_035,5,band_w4_k2,2,4,0,ok,101580,1010566,1010566,0,113600,113636,0.851,
case_035,5,band_w8_k2,2,8,0,ok,104926,949842,949842,0,131264,62050,0.77,
case_035,5,band_w12_k2,2,12,0,ok,104426,424222,424222,0,97792,100694,0.932,
case_035,5,band_w4_k3,3,4,0,ok,82016,1484932,1484932,0,108224,84294,1.14,
case_035,5,band_w8_k3,3,8,0,ok,80298,1106104,1106104,0,131200,62018,1.091,
case_035,5,band_w12_k3,3,12,0,ok,85389,545122,545122,0,92160,75482,1.082,
case_035,5,band_w4_k4,4,4,0,ok,73607,1772670,1772670,0,100480,84100,1.421,
case_035,5,band_w8_k4,4,8,0,ok,73865,1302646,1302646,0,131168,61504,1.206,
case_035,5,band_w12_k4,4,12,0,ok,76129,694478,694478,0,74848,64098,1.11,
case_035,5,band_w4_k5,5,4,0,ok,74627,1911376,1911376,0,100384,81988,1.332,
case_035,5,band_w8_k5,5,8,0,ok,72953,1282318,1282318,0,131072,61440,1.046,
case_035,5,band_w12_k5,5,12,0,ok,74970,721098,721098,0,73728,61440,1.084,
case_036,5,band_w4_k2,2,4,0,ok,466068,1152,1152,0,13440,8192,0.74,
case_036,5,band_w8_k2,2,8,0,duplicate,,,,,,,0.014,
case_036,5,band_w12_k2,2,12,0,duplicate,,,,,,,0.018,
case_036,5,band_w4_k3,3,4,0,ok,311345,2304,2304,0,13440,8192,0.733,
case_036,5,band_w8_k3,3,8,0,duplicate,,,,,,,0.017,
case_036,5,band_w12_k3,3,12,0,duplicate,,,,,,,0.02,
case_036,5,band_w4_k4,4,4,0,ok,233584,3456,3456,0,13440,8192,0.71,
case_036,5,band_w8_k4,4,8,0,duplicate,,,,,,,0.021,
case_036,5,band_w12_k4,4,12,0,duplicate,,,,,,,0.022,
case_036,5,band_w4_k5,5,4,0,duplicate,,,,,,,0.032,
case_036,5,band_w8_k5,5,8,0,duplicate,,,,,,,0.025,
case_036,5,band_w12_k5,5,12,0,duplicate,,,,,,,0.019,
case_037,5,band_w4_k2,2,4,0,ok,106948,204800,204800,0,249856,0,0.163,
case_037,5,band_w8_k2,2,8,0,ok,105374,204800,204800,0,225280,0,0.18,
case_037,5,band_w12_k2,2,12,0,duplicate,,,,,,,0.006,
case_037,5,band_w4_k3,3,4,0,ok,73521,1310720,1310720,0,262144,0,0.254,
case_037,5,band_w8_k3,3,8,0,ok,74038,1064960,1064960,0,274432,0,0.204,
case_037,5,band_w12_k3,3,12,0,duplicate,,,,,,,0.006,
case_037,5,band_w4_k4,4,4,0,ok,54976,532480,532480,0,163840,0,0.182,
case_037,5,band_w8_k4,4,8,0,ok,53320,614400,614400,0,110592,0,0.188,
case_037,5,band_w12_k4,4,12,0,duplicate,,,,,,,0.006,
case_037,5,band_w4_k5,5,4,0,ok,47548,2187264,2187264,0,57344,0,0.24,
case_037,5,band_w8_k5,5,8,0,duplicate,,,,,,,0.008,
case_037,5,band_w12_k5,5,12,0,duplicate,,,,,,,0.004,
case_038,5,band_w4_k2,2,4,0,ok,697562,5557276,2262556,3294720,524288,106496,2.269,
case_038,5,band_w8_k2,2,8,0,ok,680340,4273240,1496664,2776576,524288,115758,1.849,
case_038,5,band_w12_k2,2,12,0,ok,683929,6349852,2013712,4336140,524288,129026,1.998,
case_038,5,band_w4_k3,3,4,0,ok,475050,4720848,3005648,1715200,524288,83968,2.089,
case_038,5,band_w8_k3,3,8,0,ok,456366,6225452,4177964,2047488,524288,109128,1.756,
case_038,5,band_w12_k3,3,12,0,ok,462658,8237076,4875284,3361792,524288,129024,2.046,
case_038,5,band_w4_k4,4,4,0,ok,361718,7241624,5896600,1345024,523264,81920,2.077,
case_038,5,band_w8_k4,4,8,0,ok,344336,7129036,5400452,1728584,523776,129120,1.874,
case_038,5,band_w12_k4,4,12,0,ok,349034,8852504,6226964,2625540,524288,127040,1.981,
case_038,5,band_w4_k5,5,4,0,ok,301759,10826320,10551888,274432,524288,77824,2.327,
case_038,5,band_w8_k5,5,8,0,ok,287430,8615360,7930304,685056,523776,106688,1.747,
case_038,5,band_w12_k5,5,12,0,ok,294234,9448464,7707664,1740800,523776,129088,1.921,
case_039,5,band_w4_k2,2,4,0,ok,756432,12640256,6496256,6144000,524288,0,2.08,
case_039,5,band_w8_k2,2,8,0,ok,708561,11067392,4202496,6864896,524288,0,2.088,
case_039,5,band_w12_k2,2,12,0,duplicate,,,,,,,0.039,
case_039,5,band_w4_k3,3,4,0,ok,504041,8953856,3883008,5070848,524288,0,1.818,
case_039,5,band_w8_k3,3,8,0,ok,485565,14323712,8404992,5918720,524288,0,1.831,
case_039,5,band_w12_k3,3,12,0,duplicate,,,,,,,0.034,
case_039,5,band_w4_k4,4,4,0,ok,427970,19890176,16588800,3301376,524288,0,2.075,
case_039,5,band_w8_k4,4,8,0,ok,395323,17604608,12607488,4997120,524288,0,1.909,
case_039,5,band_w12_k4,4,12,0,duplicate,,,,,,,0.044,
case_039,5,band_w4_k5,5,4,0,ok,485010,24387584,20938752,3448832,524288,0,2.317,
case_039,5,band_w8_k5,5,8,0,duplicate,,,,,,,0.04,
case_039,5,band_w12_k5,5,12,0,duplicate,,,,,,,0.041,
case_040,5,band_w4_k2,2,4,0,ok,153121,1911970,1786596,125374,155648,131072,0.932,
case_040,5,band_w8_k2,2,8,0,ok,158419,1069062,542210,526852,243200,131072,0.8,
case_040,5,band_w12_k2,2,12,0,ok,161627,334554,283864,50690,288512,123712,0.864,
case_040,5,band_w4_k3,3,4,0,ok,119898,2557586,2557586,0,90624,128454,0.885,
case_040,5,band_w8_k3,3,8,0,ok,133330,1477852,1017820,460032,229568,131072,0.789,
case_040,5,band_w12_k3,3,12,0,ok,144692,608992,608992,0,245760,74242,0.809,
case_040,5,band_w4_k4,4,4,0,ok,108776,3337500,3337500,0,82176,90242,0.901,
case_040,5,band_w8_k4,4,8,0,ok,123322,1745644,1285224,460420,237184,131072,0.744,
case_040,5,band_w12_k4,4,12,0,ok,141309,834946,834946,0,245760,81920,0.767,
case_040,5,band_w4_k5,5,4,0,ok,103094,3525904,3525904,0,57856,84356,0.885,
case_040,5,band_w8_k5,5,8,0,ok,114964,1892132,1433252,458880,229568,131072,0.839,
case_040,5,band_w12_k5,5,12,0,ok,137160,1063302,1063302,0,245760,49666,0.772,
case_041,5,band_w4_k2,2,4,0,ok,3087810,25431596,6141484,19290112,524288,14338,8.144,
case_041,5,band_w8_k2,2,8,0,ok,3029365,24463764,1977748,22486016,524288,12288,8.216,
case_041,5,band_w12_k2,2,12,0,ok,3015864,31085612,4811820,26273792,524288,14338,7.673,
case_041,5,band_w4_k3,3,4,0,ok,2069282,26951400,11746024,15205376,524288,16396,8.387,
case_041,5,band_w8_k3,3,8,0,ok,2021941,33394228,9837108,23557120,524288,12288,6.656,
case_041,5,band_w12_k3,3,12,0,ok,1998921,34673708,9797676,24876032,524288,14338,5.228,
case_041,5,band_w4_k4,4,4,0,ok,1578981,27915116,15089516,12825600,524288,12288,5.39,
case_041,5,band_w8_k4,4,8,0,ok,1525579,27615884,8621708,18994176,524288,12288,4.886,
case_041,5,band_w12_k4,4,12,0,ok,1500477,34744364,13714476,21029888,524288,14338,4.772,
case_041,5,band_w4_k5,5,4,0,ok,1272049,38923152,25924496,12998656,524288,10242,5.462,
case_041,5,band_w8_k5,5,8,0,ok,1223160,34620064,18221728,16398336,524288,12288,4.841,
case_041,5,band_w12_k5,5,12,0,ok,1214530,38270024,18372680,19897344,524288,8198,4.787,
case_042,5,band_w4_k2,2,4,0,ok,947868,16567456,8810908,7756548,524288,128004,1.595,
case_042,5,band_w8_k2,2,8,0,ok,919665,13198676,7278932,5919744,524288,63488,1.469,
case_042,5,band_w12_k2,2,12,0,ok,899027,11416864,5495072,5921792,524288,131072,1.303,
case_042,5,band_w4_k3,3,4,0,ok,707072,18834696,13257992,5576704,524288,131072,1.634,
case_042,5,band_w8_k3,3,8,0,ok,643042,18548344,12528248,6020096,524288,60430,1.526,
case_042,5,band_w12_k3,3,12,0,ok,626652,16099920,10820176,5279744,524288,131072,1.391,
case_042,5,band_w4_k4,4,4,0,ok,562463,19190712,15944760,3245952,524288,131072,1.577,
case_042,5,band_w8_k4,4,8,0,ok,504350,15091628,12579756,2511872,524288,58370,1.411,
case_042,5,band_w12_k4,4,12,0,ok,471958,11996016,10277744,1718272,524288,131072,1.249,
case_042,5,band_w4_k5,5,4,0,ok,534789,28019284,23344212,4675072,524288,131072,1.909,
case_042,5,band_w8_k5,5,8,0,ok,451957,22474668,18891692,3582976,524288,38912,1.598,
case_042,5,band_w12_k5,5,12,0,ok,398334,18389136,16045200,2343936,524288,131072,1.434,
case_043,5,band_w4_k2,2,4,0,ok,388010,4467408,4123372,344036,411008,127382,2.757,
case_043,5,band_w8_k2,2,8,0,ok,381567,3469276,3086476,382800,418976,129682,2.59,
case_043,5,band_w12_k2,2,12,0,ok,376861,3147758,2815738,332020,507536,122896,2.408,
case_043,5,band_w4_k3,3,4,0,ok,301494,7190596,7154592,36004,210608,123912,2.97,
case_043,5,band_w8_k3,3,8,0,ok,289250,4883064,4770738,112326,426224,130210,2.633,
case_043,5,band_w12_k3,3,12,0,ok,282541,4146012,3983510,162502,313712,123922,2.394,
case_043,5,band_w4_k4,4,4,0,ok,265094,8654494,8654494,0,166064,88074,3.006,
case_043,5,band_w8_k4,4,8,0,ok,258681,6189948,6100276,89672,124928,130514,2.566,
case_043,5,band_w12_k4,4,12,0,ok,247447,5121748,4943182,178566,214160,126702,2.311,
case_043,5,band_w4_k5,5,4,0,ok,248241,8913762,8913762,0,91312,78866,2.996,
case_043,5,band_w8_k5,5,8,0,ok,236260,6096792,6081780,15012,75008,129874,2.505,
case_043,5,band_w12_k5,5,12,0,ok,217036,5674954,5609222,65732,133040,130826,2.272,
case_045,5,band_w4_k2,2,4,0,ok,98622,4902912,1241088,3661824,0,131072,0.344,
case_045,5,band_w8_k2,2,8,0,ok,90914,3956736,1105920,2850816,0,131072,0.31,
case_045,5,band_w12_k2,2,12,0,ok,66863,1654784,491520,1163264,0,131072,0.229,
case_045,5,band_w4_k3,3,4,0,ok,81526,4141056,1437696,2703360,0,131072,0.319,
case_045,5,band_w8_k3,3,8,0,ok,72309,3551232,1191936,2359296,0,131072,0.307,
case_045,5,band_w12_k3,3,12,0,ok,57223,2072576,942080,1130496,0,131072,0.254,
case_045,5,band_w4_k4,4,4,0,ok,75884,3817472,1675264,2142208,0,131072,0.337,
case_045,5,band_w8_k4,4,8,0,ok,65190,3231744,1298432,1933312,0,131072,0.279,
case_045,5,band_w12_k4,4,12,0,ok,51681,2174976,1167360,1007616,0,131072,0.244,
case_045,5,band_w4_k5,5,4,0,ok,67216,3293184,1720320,1572864,0,131072,0.284,
case_045,5,band_w8_k5,5,8,0,ok,59070,2875392,1425408,1449984,0,131072,0.27,
case_045,5,band_w12_k5,5,12,0,ok,45392,1908736,1126400,782336,0,131072,0.236,
case_046,5,band_w4_k2,2,4,0,ok,112408,930400,930400,0,214016,0,0.144,
case_046,5,band_w8_k2,2,8,0,ok,112410,930400,930400,0,323072,0,0.132,
case_046,5,band_w12_k2,2,12,0,ok,117940,930400,930400,0,433152,0,0.124,
case_046,5,band_w4_k3,3,4,0,ok,84364,1860800,1860800,0,197632,0,0.129,
case_046,5,band_w8_k3,3,8,0,ok,85996,1860800,1860800,0,306688,0,0.13,
case_046,5,band_w12_k3,3,12,0,ok,89972,1860800,1860800,0,417280,0,0.129,
case_046,5,band_w4_k4,4,4,0,ok,79860,2791200,2791200,0,181248,0,0.127,
case_046,5,band_w8_k4,4,8,0,ok,79814,2791200,2791200,0,290304,0,0.138,
case_046,5,band_w12_k4,4,12,0,ok,81620,2791200,2791200,0,401408,0,0.135,
case_046,5,band_w4_k5,5,4,0,ok,95027,3721600,3721600,0,181248,0,0.137,
case_046,5,band_w8_k5,5,8,0,ok,94927,3721600,3721600,0,290304,0,0.132,
case_046,5,band_w12_k5,5,12,0,ok,96787,3721600,3721600,0,401408,0,0.13,
case_047,5,band_w4_k2,2,4,0,ok,192692,864806,864806,0,22144,34692,4.348,
case_047,5,band_w8_k2,2,8,0,ok,201629,682822,682822,0,20800,50084,4.324,
case_047,5,band_w12_k2,2,12,0,ok,212564,740070,740070,0,20736,48932,4.37,
case_047,5,band_w4_k3,3,4,0,ok,153692,1387916,1387916,0,21312,28868,4.406,
case_047,5,band_w8_k3,3,8,0,ok,164770,1231180,1231180,0,19456,43844,3.954,
case_047,5,band_w12_k3,3,12,0,ok,178528,1138348,1138348,0,19712,46772,4.025,
case_047,5,band_w4_k4,4,4,0,ok,129978,2133042,2133042,0,21248,22148,4.468,
case_047,5,band_w8_k4,4,8,0,ok,141283,1738642,1738642,0,19456,43716,4.062,
case_047,5,band_w12_k4,4,12,0,ok,161948,1699154,1699154,0,19456,46420,4.102,
case_047,5,band_w4_k5,5,4,0,ok,129615,3025272,3025272,0,21504,21252,4.715,
case_047,5,band_w8_k5,5,8,0,ok,136291,2125144,2125144,0,19712,43524,3.963,
case_047,5,band_w12_k5,5,12,0,ok,156608,1982424,1982424,0,19456,46388,4.265,
case_049,5,band_w4_k2,2,4,0,ok,118841,977242,977242,0,86176,110564,1.006,
case_049,5,band_w8_k2,2,8,0,ok,128403,706050,706050,0,80960,122660,0.838,
case_049,5,band_w12_k2,2,12,0,ok,124211,808952,808952,0,36224,121922,0.882,
case_049,5,band_w4_k3,3,4,0,ok,100334,1503824,1503824,0,60032,92130,0.989,
case_049,5,band_w8_k3,3,8,0,ok,106583,1107208,1107208,0,64512,119746,0.907,
case_049,5,band_w12_k3,3,12,0,ok,102593,1069668,1069668,0,23776,120642,0.905,
case_049,5,band_w4_k4,4,4,0,ok,86256,1742718,1742718,0,54432,95842,1.012,
case_049,5,band_w8_k4,4,8,0,ok,94990,1247790,1247790,0,55840,118562,0.842,
case_049,5,band_w12_k4,4,12,0,ok,90392,1304396,1304396,0,23840,119490,0.866,
case_049,5,band_w4_k5,5,4,0,ok,82372,2032176,2032176,0,49280,95778,1.035,
case_049,5,band_w8_k5,5,8,0,ok,93612,1386366,1386366,0,49152,118562,0.907,
case_049,5,band_w12_k5,5,12,0,ok,89816,1412370,1412370,0,22528,119490,0.91,
case_050,5,band_w4_k2,2,4,0,ok,85848,1047684,1047684,0,43392,130086,0.983,
case_050,5,band_w8_k2,2,8,0,ok,89581,606598,530998,75600,40960,129666,1.021,
case_050,5,band_w12_k2,2,12,0,ok,91899,663388,588880,74508,17216,128522,0.973,
case_050,5,band_w4_k3,3,4,0,ok,71321,1640694,1640694,0,31872,86276,1.099,
case_050,5,band_w8_k3,3,8,0,ok,69576,1216664,1216664,0,33280,86090,0.996,
case_050,5,band_w12_k3,3,12,0,ok,72510,892896,892896,0,16384,106568,0.906,
case_050,5,band_w4_k4,4,4,0,ok,64339,1755440,1755440,0,27904,86148,1.05,
case_050,5,band_w8_k4,4,8,0,ok,62846,1257186,1257186,0,29696,65540,0.988,
case_050,5,band_w12_k4,4,12,0,ok,61684,977118,977118,0,16960,98468,0.914,
case_050,5,band_w4_k5,5,4,0,ok,64867,2159210,2159210,0,25344,65572,1.105,
case_050,5,band_w8_k5,5,8,0,ok,59871,1487086,1487086,0,27392,53634,1.0,
case_050,5,band_w12_k5,5,12,0,ok,57939,1113660,1113660,0,15168,86150,0.932,
case_051,5,band_w4_k2,2,4,0,ok,327449,668,668,0,196608,65546,0.232,
case_051,5,band_w8_k2,2,8,0,ok,607628,0,0,0,393216,65544,0.195,
case_051,5,band_w12_k2,2,12,0,ok,607628,0,0,0,393216,65558,0.185,
case_051,5,band_w4_k3,3,4,0,ok,227413,952,952,0,131072,65542,0.244,
case_051,5,band_w8_k3,3,8,0,duplicate,,,,,,,0.006,
case_051,5,band_w12_k3,3,12,0,duplicate,,,,,,,0.006,
case_051,5,band_w4_k4,4,4,0,ok,178135,1140,1140,0,98304,65540,0.281,
case_051,5,band_w8_k4,4,8,0,duplicate,,,,,,,0.009,
case_051,5,band_w12_k4,4,12,0,duplicate,,,,,,,0.01,
case_051,5,band_w4_k5,5,4,0,ok,179133,1232,1232,0,98304,65540,0.297,
case_051,5,band_w8_k5,5,8,0,duplicate,,,,,,,0.009,
case_051,5,band_w12_k5,5,12,0,duplicate,,,,,,,0.008,
case_052,5,band_w4_k2,2,4,0,ok,86318,485988,477796,8192,85632,130590,0.22,
case_052,5,band_w8_k2,2,8,0,ok,90535,260132,260132,0,107520,67092,0.174,
case_052,5,band_w12_k2,2,12,0,ok,90809,233996,233996,0,105984,83056,0.165,
case_052,5,band_w4_k3,3,4,0,ok,63670,791708,791708,0,89088,68620,0.214,
case_052,5,band_w8_k3,3,8,0,ok,64595,311868,311868,0,100608,79372,0.189,
case_052,5,band_w12_k3,3,12,0,ok,69783,336908,336908,0,105984,102424,0.177,
case_052,5,band_w4_k4,4,4,0,ok,48635,917940,917940,0,85248,58626,0.203,
case_052,5,band_w8_k4,4,8,0,ok,51723,507480,507480,0,89856,67082,0.179,
case_052,5,band_w12_k4,4,12,0,ok,49020,425492,425492,0,101376,53260,0.207,
case_052,5,band_w4_k5,5,4,0,ok,47791,1278420,1278420,0,59904,30722,0.218,
case_052,5,band_w8_k5,5,8,0,ok,41457,599624,599624,0,59904,54792,0.177,
case_052,5,band_w12_k5,5,12,0,ok,47276,517132,517132,0,96768,102418,0.178,
case_053,5,band_w4_k2,2,4,0,ok,748722,3427310,3427310,0,258448,92676,3.901,
case_053,5,band_w8_k2,2,8,0,ok,731721,3251338,3251338,0,354592,101158,3.701,
case_053,5,band_w12_k2,2,12,0,ok,735308,3172404,3172404,0,494336,123028,3.798,
case_053,5,band_w4_k3,3,4,0,ok,533122,5828916,5828916,0,196256,77988,3.815,
case_053,5,band_w8_k3,3,8,0,ok,518285,5687408,5687408,0,305152,114002,3.609,
case_053,5,band_w12_k3,3,12,0,ok,519587,5141434,5141434,0,439168,106196,3.665,
case_053,5,band_w4_k4,4,4,0,ok,458448,8352358,8352358,0,188672,64644,3.898,
case_053,5,band_w8_k4,4,8,0,ok,443420,7881506,7881506,0,273184,111874,3.486,
case_053,5,band_w12_k4,4,12,0,ok,437275,7017212,7017212,0,420224,96932,3.552,
case_053,5,band_w4_k5,5,4,0,ok,398635,11582098,11582098,0,162576,46212,4.031,
case_053,5,band_w8_k5,5,8,0,ok,390387,9218292,9218292,0,272896,111060,3.34,
case_053,5,band_w12_k5,5,12,0,duplicate,,,,,,,0.071,
case_054,5,band_w4_k2,2,4,0,ok,456868,1952892,1952892,0,155648,107654,5.807,
case_054,5,band_w8_k2,2,8,0,ok,474338,2100070,1819744,280326,105728,130722,5.766,
case_054,5,band_w12_k2,2,12,0,ok,467117,2239218,1954278,284940,117760,130948,5.697,
case_054,5,band_w4_k3,3,4,0,ok,343288,4102098,4102098,0,118336,91524,5.882,
case_054,5,band_w8_k3,3,8,0,ok,366693,2952700,2812790,139910,102080,130994,5.391,
case_054,5,band_w12_k3,3,12,0,ok,356201,2983668,2818476,165192,116544,130498,5.489,
case_054,5,band_w4_k4,4,4,0,ok,288601,4469316,4469316,0,131072,68612,5.57,
case_054,5,band_w8_k4,4,8,0,ok,317557,3204232,3143368,60864,101632,130786,5.154,
case_054,5,band_w12_k4,4,12,0,ok,305366,3407602,3303918,103684,114176,130322,5.078,
case_054,5,band_w4_k5,5,4,0,ok,260456,6078860,6078860,0,109824,63876,5.915,
case_054,5,band_w8_k5,5,8,0,ok,285188,3856868,3793924,62944,100096,130482,5.584,
case_054,5,band_w12_k5,5,12,0,ok,284131,3961402,3861558,99844,114176,130994,5.423,
case_055,5,band_w4_k2,2,4,0,ok,67224,730620,717564,13056,128512,128582,0.232,
case_055,5,band_w8_k2,2,8,0,ok,60919,407128,300628,106500,93184,128016,0.195,
case_055,5,band_w12_k2,2,12,0,ok,60976,355880,355880,0,65536,118800,0.199,
case_055,5,band_w4_k3,3,4,0,ok,46515,1104000,1071232,32768,102912,129684,0.25,
case_055,5,band_w8_k3,3,8,0,ok,44551,628876,522376,106500,68608,128016,0.206,
case_055,5,band_w12_k3,3,12,0,ok,42897,473160,473160,0,64000,108556,0.208,
case_055,5,band_w4_k4,4,4,0,ok,41716,1291920,1291920,0,78336,115214,0.262,
case_055,5,band_w8_k4,4,8,0,ok,30952,514712,514712,0,82432,82950,0.218,
case_055,5,band_w12_k4,4,12,0,ok,32954,571468,571468,0,47616,90124,0.211,
case_055,5,band_w4_k5,5,4,0,ok,40582,1516492,1516492,0,78336,49664,0.267,
case_055,5,band_w8_k5,5,8,0,ok,29649,703144,703144,0,57344,108554,0.203,
case_055,5,band_w12_k5,5,12,0,ok,26682,601664,601664,0,47616,61448,0.206,
case_056,5,band_w4_k2,2,4,0,ok,176926,1538318,1538318,0,84992,111204,2.183,
case_056,5,band_w8_k2,2,8,0,ok,185390,946946,946946,0,83456,123460,2.042,
case_056,5,band_w12_k2,2,12,0,ok,170279,822250,822250,0,84736,120710,1.947,
case_056,5,band_w4_k3,3,4,0,ok,135701,2032140,2032140,0,62464,91524,2.003,
case_056,5,band_w8_k3,3,8,0,ok,148271,1366640,1366640,0,62464,116706,1.851,
case_056,5,band_w12_k3,3,12,0,ok,135029,1231268,1231268,0,62464,113572,1.91,
case_056,5,band_w4_k4,4,4,0,ok,126333,2910138,2910138,0,50176,79844,2.191,
case_056,5,band_w8_k4,4,8,0,ok,137024,1640410,1640410,0,52736,116386,1.787,
case_056,5,band_w12_k4,4,12,0,ok,121190,1507078,1507078,0,54784,112484,1.806,
case_056,5,band_w4_k5,5,4,0,ok,122679,3468836,3468836,0,46592,75524,2.389,
case_056,5,band_w8_k5,5,8,0,ok,130164,1839172,1839172,0,49152,116226,1.992,
case_056,5,band_w12_k5,5,12,0,ok,115720,1649260,1649260,0,54784,112484,1.701,
case_057,5,band_w4_k2,2,4,0,ok,32998,300224,300224,0,21632,129034,0.164,
case_057,5,band_w8_k2,2,8,0,ok,32922,280404,280404,0,19968,107534,0.181,
case_057,5,band_w12_k2,2,12,0,ok,33213,233248,233248,0,17280,129044,0.161,
case_057,5,band_w4_k3,3,4,0,ok,27326,615048,615048,0,14720,102408,0.157,
case_057,5,band_w8_k3,3,8,0,ok,22930,243556,243556,0,17280,86026,0.15,
case_057,5,band_w12_k3,3,12,0,ok,23774,401184,401184,0,17920,102416,0.17,
case_057,5,band_w4_k4,4,4,0,ok,23226,522508,522508,0,16768,77830,0.156,
case_057,5,band_w8_k4,4,8,0,ok,20258,280428,280428,0,18304,65544,0.146,
case_057,5,band_w12_k4,4,12,0,ok,19820,392992,392992,0,17920,77836,0.14,
case_057,5,band_w4_k5,5,4,0,ok,22071,571564,571564,0,12672,54276,0.158,
case_057,5,band_w8_k5,5,8,0,ok,21378,242304,242304,0,15744,53252,0.133,
case_057,5,band_w12_k5,5,12,0,ok,20029,471840,471840,0,17920,53256,0.142,
case_058,5,band_w4_k2,2,4,0,ok,2379772,35553280,4378624,31174656,524288,0,6.38,
case_058,5,band_w8_k2,2,8,0,ok,2271316,33431552,6623232,26808320,524288,0,7.47,
case_058,5,band_w12_k2,2,12,0,duplicate,,,,,,,0.076,
case_058,5,band_w4_k3,3,4,0,ok,1579098,19365888,13369344,5996544,524288,0,4.677,
case_058,5,band_w8_k3,3,8,0,ok,1554831,30400512,9191424,21209088,524288,0,5.843,
case_058,5,band_w12_k3,3,12,0,duplicate,,,,,,,0.075,
case_058,5,band_w4_k4,4,4,0,ok,1207454,18907136,6868992,12038144,524288,0,4.891,
case_058,5,band_w8_k4,4,8,0,ok,1154519,42622976,19869696,22753280,524288,0,6.038,
case_058,5,band_w12_k4,4,12,0,duplicate,,,,,,,0.074,
case_058,5,band_w4_k5,5,4,0,ok,977119,30605312,25067520,5537792,524288,0,4.897,
case_058,5,band_w8_k5,5,8,0,duplicate,,,,,,,0.081,
case_058,5,band_w12_k5,5,12,0,duplicate,,,,,,,0.092,
case_059,5,band_w4_k2,2,4,0,ok,451313,9060352,4784128,4276224,524288,0,0.857,
case_059,5,band_w8_k2,2,8,0,ok,428314,6799360,3801088,2998272,524288,0,0.769,
case_059,5,band_w12_k2,2,12,0,ok,412106,4915200,2818048,2097152,524288,0,0.647,
case_059,5,band_w4_k3,3,4,0,ok,319500,9072640,6746112,2326528,524288,0,0.771,
case_059,5,band_w8_k3,3,8,0,ok,302320,8863744,7086080,1777664,524288,0,0.813,
case_059,5,band_w12_k3,3,12,0,ok,284114,7094272,5832704,1261568,524288,0,0.759,
case_059,5,band_w4_k4,4,4,0,ok,247665,7815168,7569408,245760,524288,0,0.711,
case_059,5,band_w8_k4,4,8,0,ok,229945,6127616,6127616,0,481280,0,0.661,
case_059,5,band_w12_k4,4,12,0,ok,214722,4685824,4685824,0,415744,0,0.604,
case_059,5,band_w4_k5,5,4,0,ok,230939,12173312,11886592,286720,524288,0,0.915,
case_059,5,band_w8_k5,5,8,0,ok,208192,10207232,10207232,0,458752,0,0.776,
case_059,5,band_w12_k5,5,12,0,ok,176789,6627328,6627328,0,450560,0,0.679,
case_060,5,band_w4_k2,2,4,0,ok,471644,7283856,5385308,1898548,523264,131072,1.445,
case_060,5,band_w8_k2,2,8,0,ok,456993,4968856,2498844,2470012,524288,126986,1.319,
case_060,5,band_w12_k2,2,12,0,ok,466065,5008716,2345232,2663484,524288,131072,1.245,
case_060,5,band_w4_k3,3,4,0,ok,341230,6507660,5589612,918048,523776,131072,1.186,
case_060,5,band_w8_k3,3,8,0,ok,310619,5723688,4481516,1242172,524288,126980,1.253,
case_060,5,band_w12_k3,3,12,0,ok,333874,5692844,3705232,1987612,524288,126996,1.149,
case_060,5,band_w4_k4,4,4,0,ok,287441,9854264,9411872,442392,462848,131072,1.399,
case_060,5,band_w8_k4,4,8,0,ok,247623,6748724,6056452,692272,524288,126984,1.217,
case_060,5,band_w12_k4,4,12,0,ok,252264,6513200,5327408,1185792,524288,126988,1.179,
case_060,5,band_w4_k5,5,4,0,ok,255720,9561384,9380640,180744,124288,126978,1.414,
case_060,5,band_w8_k5,5,8,0,ok,202888,5724840,5311076,413764,155648,129028,1.189,
case_060,5,band_w12_k5,5,12,0,ok,210003,6975928,6193584,782344,448512,126986,1.339,
case_061,5,band_w4_k2,2,4,0,ok,47105,253592,253592,0,63744,43088,0.23,
case_061,5,band_w8_k2,2,8,0,ok,47990,98124,98124,0,54784,55322,0.195,
case_061,5,band_w12_k2,2,12,0,ok,48105,74500,74500,0,48896,60454,0.173,
case_061,5,band_w4_k3,3,4,0,ok,34912,390192,390192,0,57728,17410,0.228,
case_061,5,band_w8_k3,3,8,0,ok,38148,148320,148320,0,46848,52244,0.205,
case_061,5,band_w12_k3,3,12,0,ok,30177,136192,136192,0,51456,56358,0.186,
case_061,5,band_w4_k4,4,4,0,ok,28908,442272,442272,0,49792,22594,0.231,
case_061,5,band_w8_k4,4,8,0,ok,27960,184164,184164,0,44544,48146,0.213,
case_061,5,band_w12_k4,4,12,0,ok,28039,190216,190216,0,44544,43032,0.193,
case_061,5,band_w4_k5,5,4,0,ok,26503,505096,505096,0,42496,25612,0.231,
case_061,5,band_w8_k5,5,8,0,ok,28606,211080,211080,0,44544,52242,0.18,
case_061,5,band_w12_k5,5,12,0,ok,22043,207616,207616,0,44544,20492,0.178,
case_062,5,band_w4_k2,2,4,0,ok,1736588,21614592,3586560,18028032,523776,130560,10.968,
case_062,5,band_w8_k2,2,8,0,ok,1481164,6226944,3385344,2841600,12288,130560,8.182,
case_062,5,band_w12_k2,2,12,0,ok,1430904,227328,227328,0,12288,64512,6.895,
case_062,5,band_w4_k3,3,4,0,ok,1248490,20645376,4692480,15952896,523776,130560,8.835,
case_062,5,band_w8_k3,3,8,0,ok,1004062,5991936,4514304,1477632,7680,130560,7.103,
case_062,5,band_w12_k3,3,12,0,ok,955129,299520,299520,0,7680,43008,5.69,
case_062,5,band_w4_k4,4,4,0,ok,982709,19663872,5368320,14295552,523776,130560,7.855,
case_062,5,band_w8_k4,4,8,0,ok,764060,5740032,5073408,666624,7680,130560,6.237,
case_062,5,band_w12_k4,4,12,0,ok,717090,339456,339456,0,7680,33792,5.031,
case_062,5,band_w4_k5,5,4,0,ok,835824,18633216,5586432,13046784,523776,130560,6.931,
case_062,5,band_w8_k5,5,8,0,ok,619175,5532672,5403648,129024,12288,130560,5.887,
case_062,5,band_w12_k5,5,12,0,ok,578617,360960,360960,0,7680,29184,5.047,
case_063,5,band_w4_k2,2,4,0,ok,630995,6809088,1351680,5457408,523776,130560,3.129,
case_063,5,band_w8_k2,2,8,0,ok,553362,2019840,1279488,740352,7680,130560,2.448,
case_063,5,band_w12_k2,2,12,0,ok,537090,99840,99840,0,7680,36864,1.903,
case_063,5,band_w4_k3,3,4,0,ok,438576,5795328,1721856,4073472,523776,130560,2.586,
case_063,5,band_w8_k3,3,8,0,ok,372667,1778688,1701888,76800,12288,130560,2.289,
case_063,5,band_w12_k3,3,12,0,ok,358781,130560,130560,0,7680,19968,1.852,
case_063,5,band_w4_k4,4,4,0,ok,316019,5174784,2027520,3147264,523776,130560,2.15,
case_063,5,band_w8_k4,4,8,0,ok,283021,1918464,1918464,0,7680,104448,1.558,
case_063,5,band_w12_k4,4,12,0,ok,274106,142848,142848,0,7680,16896,1.3,
case_063,5,band_w4_k5,5,4,0,ok,251494,4434432,2068992,2365440,523776,130560,1.723,
case_063,5,band_w8_k5,5,8,0,ok,229190,2041344,2041344,0,7680,86016,1.509,
case_063,5,band_w12_k5,5,12,0,ok,221945,148992,148992,0,7680,15360,1.251,
case_065,5,band_w4_k2,2,4,0,ok,27140,303948,303948,0,50688,61852,0.129,
case_065,5,band_w8_k2,2,8,0,ok,31594,134316,134316,0,44032,65612,0.109,
case_065,5,band_w12_k2,2,12,0,ok,28478,77464,77464,0,36864,90132,0.101,
case_065,5,band_w4_k3,3,4,0,ok,20138,444840,444840,0,41472,34820,0.136,
case_065,5,band_w8_k3,3,8,0,ok,18299,167228,167228,0,39680,34824,0.106,
case_065,5,band_w12_k3,3,12,0,ok,19016,147764,147764,0,36864,36936,0.102,
case_065,5,band_w4_k4,4,4,0,ok,18209,514992,514992,0,41472,33028,0.136,
case_065,5,band_w8_k4,4,8,0,ok,15421,218440,218440,0,36864,36932,0.115,
case_065,5,band_w12_k4,4,12,0,ok,15673,151352,151352,0,36864,45064,0.113,
case_065,5,band_w4_k5,5,4,0,ok,16344,460484,460484,0,36864,34834,0.135,
case_065,5,band_w8_k5,5,8,0,ok,13383,254572,254572,0,34048,57418,0.109,
case_065,5,band_w12_k5,5,12,0,ok,11645,175696,175696,0,32256,36872,0.102,
case_066,5,band_w4_k2,2,4,0,ok,203845,1434248,1434248,0,126000,83590,1.456,
case_066,5,band_w8_k2,2,8,0,ok,206692,971784,971784,0,122928,97814,1.235,
case_066,5,band_w12_k2,2,12,0,ok,215015,931084,931084,0,95232,101446,1.218,
case_066,5,band_w4_k3,3,4,0,ok,164718,2120094,2120094,0,96032,55286,1.501,
case_066,5,band_w8_k3,3,8,0,ok,160661,1741206,1741206,0,90352,97860,1.398,
case_066,5,band_w12_k3,3,12,0,ok,175217,1692544,1692544,0,95232,79652,1.493,
case_066,5,band_w4_k4,4,4,0,ok,140628,2733772,2733772,0,98496,56854,1.881,
case_066,5,band_w8_k4,4,8,0,ok,136134,1937724,1937724,0,81920,96068,1.506,
case_066,5,band_w12_k4,4,12,0,ok,161066,1871190,1871190,0,86016,78150,1.271,
case_066,5,band_w4_k5,5,4,0,ok,135199,3336914,3336914,0,79616,56006,1.641,
case_066,5,band_w8_k5,5,8,0,ok,130900,2387336,2387336,0,71968,96292,1.262,
case_066,5,band_w12_k5,5,12,0,ok,151324,2237376,2237376,0,77824,73602,1.155,
case_067,5,band_w4_k2,2,4,0,ok,32052517,144149888,3721600,140428288,524288,0,2.552,
case_067,5,band_w8_k2,2,8,0,ok,33177893,208615808,3721600,204894208,524288,0,2.283,
case_067,5,band_w12_k2,2,12,0,ok,33030652,204951936,3721600,201230336,524032,0,2.136,
case_067,5,band_w4_k3,3,4,0,ok,22532481,140141312,7443200,132698112,510208,0,2.178,
case_067,5,band_w8_k3,3,8,0,ok,23393537,206138112,7443200,198694912,512512,0,2.025,
case_067,5,band_w12_k3,3,12,0,ok,23366782,203997952,7443200,196554752,516992,0,1.914,
case_067,5,band_w4_k4,4,4,0,ok,17443433,138147968,11164800,126983168,510208,0,1.983,
case_067,5,band_w8_k4,4,8,0,ok,18306160,204938368,11164800,193773568,512512,0,1.964,
case_067,5,band_w12_k4,4,12,0,ok,18306178,203781248,11164800,192616448,516992,0,2.253,
case_067,5,band_w4_k5,5,4,0,ok,14661412,137203200,14886400,122316800,510208,0,2.395,
case_067,5,band_w8_k5,5,8,0,ok,15646380,204262912,14886400,189376512,511360,0,1.939,
case_067,5,band_w12_k5,5,12,0,ok,15655092,203826688,14886400,188940288,511360,0,1.661,
case_068,5,band_w4_k2,2,4,0,ok,221789,1879312,1855886,23426,86016,130574,1.261,
case_068,5,band_w8_k2,2,8,0,ok,224814,1493164,1468714,24450,82944,127502,1.213,
case_068,5,band_w12_k2,2,12,0,ok,227209,1226966,1194454,32512,82944,130578,1.169,
case_068,5,band_w4_k3,3,4,0,ok,181796,2971528,2971528,0,83328,93766,1.22,
case_068,5,band_w8_k3,3,8,0,ok,188036,2382878,2382878,0,76800,82502,1.143,
case_068,5,band_w12_k3,3,12,0,ok,188691,2193288,2182276,11012,76800,130258,1.118,
case_068,5,band_w4_k4,4,4,0,ok,167256,3466250,3466250,0,79104,70600,1.295,
case_068,5,band_w8_k4,4,8,0,ok,169449,2674714,2674714,0,51712,78026,1.127,
case_068,5,band_w12_k4,4,12,0,ok,167468,2441390,2441390,0,51712,115466,1.112,
case_068,5,band_w4_k5,5,4,0,ok,161866,3486732,3486732,0,66432,57540,1.281,
case_068,5,band_w8_k5,5,8,0,ok,169607,2863980,2863980,0,46080,67462,1.119,
case_068,5,band_w12_k5,5,12,0,ok,162739,2496248,2496248,0,51712,74506,1.09,
case_069,5,band_w4_k2,2,4,0,ok,17818,175524,175524,0,43392,48324,0.137,
case_069,5,band_w8_k2,2,8,0,ok,17351,151076,151076,0,40704,64356,0.132,
case_069,5,band_w12_k2,2,12,0,ok,17995,143010,143010,0,43392,41220,0.129,
case_069,5,band_w4_k3,3,4,0,ok,17099,392100,392100,0,44160,39812,0.193,
case_069,5,band_w8_k3,3,8,0,ok,16050,293670,293670,0,38400,63092,0.147,
case_069,5,band_w12_k3,3,12,0,ok,15715,286660,286660,0,39552,37124,0.158,
case_069,5,band_w4_k4,4,4,0,ok,15263,350440,350440,0,43776,30596,0.163,
case_069,5,band_w8_k4,4,8,0,ok,15984,299112,299112,0,36096,62948,0.152,
case_069,5,band_w12_k4,4,12,0,ok,14587,290182,290182,0,38784,28676,0.136,
case_069,5,band_w4_k5,5,4,0,ok,17267,500138,500138,0,38400,24676,0.179,
case_069,5,band_w8_k5,5,8,0,ok,17036,359818,359818,0,34944,61828,0.156,
case_069,5,band_w12_k5,5,12,0,ok,15263,350600,350600,0,35712,24580,0.148,
case_070,5,band_w4_k2,2,4,0,ok,58528,496880,496880,0,112896,59392,0.195,
case_070,5,band_w8_k2,2,8,0,ok,68338,170784,170784,0,134144,21028,0.165,
case_070,5,band_w12_k2,2,12,0,ok,60305,132608,132608,0,129024,40966,0.158,
case_070,5,band_w4_k3,3,4,0,ok,44915,623020,623020,0,69632,58118,0.199,
case_070,5,band_w8_k3,3,8,0,ok,49707,278632,278632,0,116736,19978,0.171,
case_070,5,band_w12_k3,3,12,0,ok,42239,373256,373256,0,116224,25622,0.165,
case_070,5,band_w4_k4,4,4,0,ok,33350,811200,811200,0,67584,31744,0.201,
case_070,5,band_w8_k4,4,8,0,ok,35920,399700,399700,0,116736,19468,0.165,
case_070,5,band_w12_k4,4,12,0,ok,33833,468504,468504,0,116224,23308,0.182,
case_070,5,band_w4_k5,5,4,0,ok,30387,914140,914140,0,67584,38912,0.21,
case_070,5,band_w8_k5,5,8,0,ok,34468,532300,532300,0,98304,22598,0.168,
case_070,5,band_w12_k5,5,12,0,ok,30486,578572,578572,0,101888,14336,0.181,
case_071,5,band_w4_k2,2,4,0,ok,14173,109572,109572,0,36096,30276,0.103,
case_071,5,band_w8_k2,2,8,0,ok,13947,140100,140100,0,35328,43380,0.106,
case_071,5,band_w12_k2,2,12,0,ok,13881,135394,135394,0,36096,30084,0.099,
case_071,5,band_w4_k3,3,4,0,ok,13524,258246,258246,0,36096,26244,0.117,
case_071,5,band_w8_k3,3,8,0,ok,12145,190790,190790,0,33792,43236,0.102,
case_071,5,band_w12_k3,3,12,0,ok,12077,182724,182724,0,36480,26628,0.097,
case_071,5,band_w4_k4,4,4,0,ok,13297,271782,271782,0,34560,22884,0.121,
case_071,5,band_w8_k4,4,8,0,ok,12982,232616,232616,0,30720,42020,0.108,
case_071,5,band_w12_k4,4,12,0,ok,11839,224454,224454,0,31104,19972,0.104,
case_071,5,band_w4_k5,5,4,0,ok,13492,330218,330218,0,34560,22660,0.127,
case_071,5,band_w8_k5,5,8,0,ok,12804,275914,275914,0,30720,42020,0.113,
case_071,5,band_w12_k5,5,12,0,ok,11909,267464,267464,0,31104,22276,0.105,
case_072,5,band_w4_k2,2,4,0,ok,13547022,181733012,90224004,91509008,524288,48180,19.706,
case_072,5,band_w8_k2,2,8,0,ok,11930682,91873186,16879362,74993824,524288,56980,17.129,
case_072,5,band_w12_k2,2,12,0,ok,12188734,101733532,10885412,90848120,524288,61604,16.686,
case_072,5,band_w4_k3,3,4,0,ok,9076990,146214420,87122500,59091920,524288,46916,18.243,
case_072,5,band_w8_k3,3,8,0,ok,8095304,85859188,31957844,53901344,524288,56998,14.394,
case_072,5,band_w12_k3,3,12,0,ok,8091395,81101642,16242970,64858672,524288,57972,15.025,
case_072,5,band_w4_k4,4,4,0,ok,7404613,208409224,131597624,76811600,524288,39284,19.936,
case_072,5,band_w8_k4,4,8,0,ok,6209667,96518110,37232158,59285952,524288,56676,14.039,
case_072,5,band_w12_k4,4,12,0,ok,6101115,108907478,31922726,76984752,524288,57428,14.671,
case_072,5,band_w4_k5,5,4,0,ok,6015159,159789934,134214590,25575344,524288,37668,19.777,
case_072,5,band_w8_k5,5,8,0,ok,4951565,74875158,48105046,26770112,524288,56628,14.582,
case_072,5,band_w12_k5,5,12,0,ok,4833667,71677410,29600210,42077200,524288,57428,10.211,
case_073,5,band_w4_k2,2,4,0,ok,5205564,69954176,3721600,66232576,453120,0,1.138,
case_073,5,band_w8_k2,2,8,0,ok,5605906,107804032,3721600,104082432,443648,0,1.081,
case_073,5,band_w12_k2,2,12,0,ok,5638712,107744128,3721600,104022528,443648,0,1.063,
case_073,5,band_w4_k3,3,4,0,ok,4031366,71902976,7443200,64459776,449536,0,1.08,
case_073,5,band_w8_k3,3,8,0,ok,4546282,108574976,7443200,101131776,443648,0,0.963,
case_073,5,band_w12_k3,3,12,0,ok,4553632,108515072,7443200,101071872,443648,0,0.916,
case_073,5,band_w4_k4,4,4,0,ok,3296322,73851776,11164800,62686976,448000,0,0.95,
case_073,5,band_w8_k4,4,8,0,ok,3820252,109345920,11164800,98181120,443648,0,0.981,
case_073,5,band_w12_k4,4,12,0,ok,3808894,109286016,11164800,98121216,443648,0,0.884,
case_073,5,band_w4_k5,5,4,0,ok,2888177,75800576,14886400,60914176,446976,0,0.902,
case_073,5,band_w8_k5,5,8,0,ok,3399934,110116864,14886400,95230464,443648,0,0.843,
case_073,5,band_w12_k5,5,12,0,ok,3397199,110056960,14886400,95170560,443648,0,0.824,
case_074,5,band_w4_k2,2,4,0,ok,917831,14164164,6865060,7299104,524288,131072,1.148,
case_074,5,band_w8_k2,2,8,0,ok,875143,11997292,4972624,7024668,524288,122890,1.138,
case_074,5,band_w12_k2,2,12,0,ok,880753,10944536,4694032,6250504,524288,131072,1.071,
case_074,5,band_w4_k3,3,4,0,ok,658501,18440412,14098652,4341760,524288,122894,1.187,
case_074,5,band_w8_k3,3,8,0,ok,599410,11124860,7741560,3383300,524288,122888,1.013,
case_074,5,band_w12_k3,3,12,0,ok,606020,13733916,9355272,4378644,524288,131072,0.994,
case_074,5,band_w4_k4,4,4,0,ok,528804,17617184,14180640,3436544,524288,73734,1.229,
case_074,5,band_w8_k4,4,8,0,ok,478928,13488236,10395748,3092488,524288,122890,1.024,
case_074,5,band_w12_k4,4,12,0,ok,466741,12406824,9953296,2453528,524288,122898,0.94,
case_074,5,band_w4_k5,5,4,0,ok,472246,21930272,20693280,1236992,524288,73732,1.281,
case_074,5,band_w8_k5,5,8,0,ok,390194,16851060,16556148,294912,524288,98306,1.121,
case_074,5,band_w12_k5,5,12,0,ok,401121,15491100,15024140,466960,524288,122898,1.082,
case_075,5,band_w4_k2,2,4,0,ok,864468,1923942,1923942,0,61568,69124,1.952,
case_075,5,band_w8_k2,2,8,0,ok,913262,1628486,1628486,0,58880,85156,1.877,
case_075,5,band_w12_k2,2,12,0,ok,969778,1681510,1681510,0,59904,85156,1.849,
case_075,5,band_w4_k3,3,4,0,ok,760153,4515308,4515308,0,63232,60164,2.043,
case_075,5,band_w8_k3,3,8,0,ok,822792,3343180,3343180,0,57344,81652,1.885,
case_075,5,band_w12_k3,3,12,0,ok,888036,3157196,3157196,0,59392,83060,1.847,
case_075,5,band_w4_k4,4,4,0,ok,594834,4784946,4784946,0,58240,45444,1.896,
case_075,5,band_w8_k4,4,8,0,ok,671318,3873042,3873042,0,55296,74420,1.799,
case_075,5,band_w12_k4,4,12,0,ok,752576,3709298,3709298,0,56320,80004,1.88,
case_075,5,band_w4_k5,5,4,0,ok,537846,6348536,6348536,0,58496,39428,2.312,
case_075,5,band_w8_k5,5,8,0,ok,616181,4607160,4607160,0,53760,74244,1.955,
case_075,5,band_w12_k5,5,12,0,ok,703801,4342200,4342200,0,55296,78836,2.409,
case_076,5,band_w4_k2,2,4,0,ok,3357434,41900296,16838920,25061376,524288,29072,16.365,
case_076,5,band_w8_k2,2,8,0,ok,3108994,29507108,4108836,25398272,524288,16164,15.916,
case_076,5,band_w12_k2,2,12,0,ok,3071433,30553180,4074588,26478592,524288,8220,18.061,
case_076,5,band_w4_k3,3,4,0,ok,2281391,43336528,20493136,22843392,524288,8298,18.972,
case_076,5,band_w8_k3,3,8,0,ok,2089788,31407208,8193128,23214080,524288,12454,20.604,
case_076,5,band_w12_k3,3,12,0,ok,2059036,35182704,8149104,27033600,524288,8210,19.263,
case_076,5,band_w4_k4,4,4,0,ok,1771768,47516344,28510904,19005440,524288,20480,21.577,
case_076,5,band_w8_k4,4,8,0,ok,1574679,34437332,12272852,22164480,524288,10522,14.936,
case_076,5,band_w12_k4,4,12,0,ok,1542300,36188320,12223648,23964672,524288,8202,12.668,
case_076,5,band_w4_k5,5,4,0,ok,1465513,51418316,34655436,16762880,524288,8192,14.081,
case_076,5,band_w8_k5,5,8,0,ok,1274287,36238856,16351752,19887104,524288,9464,13.625,
case_076,5,band_w12_k5,5,12,0,ok,1231409,37485724,16298140,21187584,524288,8198,12.244,
case_077,5,band_w4_k2,2,4,0,ok,256238,1771514,1633648,137866,146752,131072,1.061,
case_077,5,band_w8_k2,2,8,0,ok,260139,1184464,925056,259408,112112,127202,0.914,
case_077,5,band_w12_k2,2,12,0,ok,260463,864444,699162,165282,120320,130036,0.904,
case_077,5,band_w4_k3,3,4,0,ok,191760,2337916,2337916,0,139264,115366,1.066,
case_077,5,band_w8_k3,3,8,0,ok,189613,1774394,1523950,250444,109472,127172,0.903,
case_077,5,band_w12_k3,3,12,0,ok,186216,1354538,1157636,196902,118016,131072,0.863,
case_077,5,band_w4_k4,4,4,0,ok,146937,2690644,2690644,0,126816,104980,1.028,
case_077,5,band_w8_k4,4,8,0,ok,147279,1886880,1657020,229860,109472,127076,0.886,
case_077,5,band_w12_k4,4,12,0,ok,149033,1634866,1394828,240038,114944,131072,0.862,
case_077,5,band_w4_k5,5,4,0,ok,134924,2995386,2995386,0,124128,77826,1.076,
case_077,5,band_w8_k5,5,8,0,ok,135275,2143884,1930506,213378,109232,127168,0.912,
case_077,5,band_w12_k5,5,12,0,ok,127955,1694204,1508540,185664,114944,131072,0.873,
case_078,5,band_w4_k2,2,4,0,ok,1062052,2148480,2148480,0,431616,0,0.138,
case_078,5,band_w8_k2,2,8,0,ok,1077518,3779712,2148480,1631232,507648,0,0.156,
case_078,5,band_w12_k2,2,12,0,ok,1146508,7195776,2148480,5047296,501504,0,0.145,
case_078,5,band_w4_k3,3,4,0,ok,773858,5034240,5034240,0,337920,0,0.157,
case_078,5,band_w8_k3,3,8,0,ok,795386,5611776,4512000,1099776,503040,0,0.159,
case_078,5,band_w12_k3,3,12,0,ok,832576,8321280,4942080,3379200,500736,0,0.155,
case_078,5,band_w4_k4,4,4,0,ok,558888,6445440,6445440,0,382464,0,0.138,
case_078,5,band_w8_k4,4,8,0,ok,576812,7453056,6445440,1007616,504576,0,0.138,
case_078,5,band_w12_k4,4,12,0,ok,622120,9468288,6445440,3022848,500736,0,0.148,
case_078,5,band_w4_k5,5,4,0,ok,528099,9331200,9331200,0,336384,0,0.167,
case_078,5,band_w8_k5,5,8,0,ok,550975,9389472,8707488,681984,501504,0,0.163,
case_078,5,band_w12_k5,5,12,0,ok,552056,11156616,9165960,1990656,500736,0,0.158,
case_079,5,band_w4_k2,2,4,0,ok,16405866,77656064,28422144,49233920,524288,0,6.986,
case_079,5,band_w8_k2,2,8,0,ok,15446486,31780864,3649536,28131328,524288,0,8.019,
case_079,5,band_w12_k2,2,12,0,duplicate,,,,,,,0.084,
case_079,5,band_w4_k3,3,4,0,ok,10966818,95797248,49373184,46424064,524288,0,7.598,
case_079,5,band_w8_k3,3,8,0,ok,10181692,39960576,11624448,28336128,524288,0,7.25,
case_079,5,band_w12_k3,3,12,0,duplicate,,,,,,,0.09,
case_079,5,band_w4_k4,4,4,0,ok,7934044,67080192,42799104,24281088,524288,0,5.58,
case_079,5,band_w8_k4,4,8,0,ok,7635624,30445568,10948608,19496960,524288,0,5.224,
case_079,5,band_w12_k4,4,12,0,duplicate,,,,,,,0.077,
case_079,5,band_w4_k5,5,4,0,ok,6682644,104785920,68640768,36145152,524288,0,6.548,
case_079,5,band_w8_k5,5,8,0,duplicate,,,,,,,0.079,
case_079,5,band_w12_k5,5,12,0,duplicate,,,,,,,0.084,
case_080,5,band_w4_k2,2,4,0,ok,147504,2347008,2347008,0,503808,0,0.194,
case_080,5,band_w8_k2,2,8,0,ok,145926,2191360,1904640,286720,524288,0,0.177,
case_080,5,band_w12_k2,2,12,0,duplicate,,,,,,,0.005,
case_080,5,band_w4_k3,3,4,0,ok,100247,3637248,3637248,0,184320,0,0.188,
case_080,5,band_w8_k3,3,8,0,duplicate,,,,,,,0.005,
case_080,5,band_w12_k3,3,12,0,duplicate,,,,,,,0.004,
case_080,5,band_w4_k4,4,4,0,ok,115755,4919296,4919296,0,245760,0,0.221,
case_080,5,band_w8_k4,4,8,0,ok,111314,4190208,4190208,0,294912,0,0.201,
case_080,5,band_w12_k4,4,12,0,duplicate,,,,,,,0.005,
case_080,5,band_w4_k5,5,4,0,ok,126102,5533696,5533696,0,118784,0,0.266,
case_080,5,band_w8_k5,5,8,0,duplicate,,,,,,,0.005,
case_080,5,band_w12_k5,5,12,0,duplicate,,,,,,,0.005,
case_081,5,band_w4_k2,2,4,0,ok,87124,1364410,1053014,311396,0,129282,0.751,
case_081,5,band_w8_k2,2,8,0,ok,82214,901120,0,901120,0,129114,0.626,
case_081,5,band_w12_k2,2,12,0,ok,76860,0,0,0,0,14340,0.576,
case_081,5,band_w4_k3,3,4,0,ok,68964,2061154,1923922,137232,0,129142,0.819,
case_081,5,band_w8_k3,3,8,0,ok,57849,655360,0,655360,0,129086,0.598,
case_081,5,band_w12_k3,3,12,0,ok,51943,0,0,0,0,14340,0.527,
case_081,5,band_w4_k4,4,4,0,ok,68482,2094246,2094246,0,0,92250,0.774,
case_081,5,band_w8_k4,4,8,0,ok,45773,409600,0,409600,0,129072,0.548,
case_081,5,band_w12_k4,4,12,0,ok,39588,0,0,0,0,14340,0.499,
case_081,5,band_w4_k5,5,4,0,ok,62313,1672256,1672256,0,0,45090,0.699,
case_081,5,band_w8_k5,5,8,0,ok,36557,163840,0,163840,0,129062,0.506,
case_081,5,band_w12_k5,5,12,0,duplicate,,,,,,,0.014,
case_082,5,band_w4_k2,2,4,0,ok,457452,948582,948582,0,80256,121988,0.705,
case_082,5,band_w8_k2,2,8,0,ok,459110,799912,736038,63874,79360,129666,0.674,
case_082,5,band_w12_k2,2,12,0,ok,514328,1032552,846596,185956,80384,129744,0.728,
case_082,5,band_w4_k3,3,4,0,ok,369330,2012620,2012620,0,79744,100100,0.755,
case_082,5,band_w8_k3,3,8,0,ok,374506,1276206,1212332,63874,75776,129154,0.66,
case_082,5,band_w12_k3,3,12,0,ok,441137,1337866,1300998,36868,76288,129666,0.68,
case_082,5,band_w4_k4,4,4,0,ok,337817,2639218,2639218,0,81920,77956,0.779,
case_082,5,band_w8_k4,4,8,0,ok,346550,1995378,1935600,59778,75776,130946,0.718,
case_082,5,band_w12_k4,4,12,0,ok,416877,1986256,1953484,32772,75776,129042,0.727,
case_082,5,band_w4_k5,5,4,0,ok,322447,3423862,3423862,0,82432,78852,0.84,
case_082,5,band_w8_k5,5,8,0,ok,340095,2495608,2434166,61442,76288,129922,0.728,
case_082,5,band_w12_k5,5,12,0,ok,412137,2274222,2249644,24578,75776,130372,0.724,
case_083,5,band_w4_k2,2,4,0,ok,450528,930400,930400,0,410624,0,0.635,
case_083,5,band_w8_k2,2,8,0,ok,451399,930400,930400,0,519680,0,0.626,
case_083,5,band_w12_k2,2,12,0,ok,451436,1323616,930400,393216,517632,0,0.598,
case_083,5,band_w4_k3,3,4,0,ok,309715,1860800,1860800,0,328704,0,0.559,
case_083,5,band_w8_k3,3,8,0,ok,308675,1860800,1860800,0,437760,0,0.551,
case_083,5,band_w12_k3,3,12,0,ok,311028,1942720,1860800,81920,520192,0,0.533,
case_083,5,band_w4_k4,4,4,0,ok,225573,2791200,2791200,0,279552,0,0.522,
case_083,5,band_w8_k4,4,8,0,ok,232756,2791200,2791200,0,388608,0,0.529,
case_083,5,band_w12_k4,4,12,0,ok,241091,2791200,2791200,0,496640,0,0.523,
case_083,5,band_w4_k5,5,4,0,ok,199870,3721600,3721600,0,263168,0,0.508,
case_083,5,band_w8_k5,5,8,0,ok,206066,3721600,3721600,0,372224,0,0.498,
case_083,5,band_w12_k5,5,12,0,ok,207450,3721600,3721600,0,480768,0,0.504,
case_084,5,band_w4_k2,2,4,0,ok,686924,9427968,0,9427968,10752,129120,3.037,
case_084,5,band_w8_k2,2,8,0,ok,1255052,0,0,0,13824,9312,2.697,
case_084,5,band_w12_k2,2,12,0,duplicate,,,,,,,0.042,
case_084,5,band_w4_k3,3,4,0,ok,458172,9179136,0,9179136,10752,129120,2.706,
case_084,5,band_w8_k3,3,8,0,ok,836220,0,0,0,13824,9312,2.418,
case_084,5,band_w12_k3,3,12,0,duplicate,,,,,,,0.04,
case_084,5,band_w4_k4,4,4,0,ok,384788,8930304,0,8930304,10752,129120,2.511,
case_084,5,band_w8_k4,4,8,0,ok,629028,0,0,0,13824,9312,2.226,
case_084,5,band_w12_k4,4,12,0,duplicate,,,,,,,0.04,
case_084,5,band_w4_k5,5,4,0,ok,375094,8681472,0,8681472,10752,129120,2.401,
case_084,5,band_w8_k5,5,8,0,duplicate,,,,,,,0.043,
case_084,5,band_w12_k5,5,12,0,duplicate,,,,,,,0.04,
case_085,5,band_w4_k2,2,4,0,ok,1988072,8140264,6141126,1999138,181376,131072,7.796,
case_085,5,band_w8_k2,2,8,0,ok,2060876,6350730,4047622,2303108,165120,130768,8.024,
case_085,5,band_w12_k2,2,12,0,ok,2060114,5686188,3412710,2273478,164992,130752,7.901,
case_085,5,band_w4_k3,3,4,0,ok,1577585,10363582,9991852,371730,123392,131072,8.202,
case_085,5,band_w8_k3,3,8,0,ok,1731959,8634298,7220396,1413902,98816,130738,9.222,
case_085,5,band_w12_k3,3,12,0,ok,1736728,8339422,6588620,1750802,95744,131072,9.376,
case_085,5,band_w4_k4,4,4,0,ok,1369733,11579034,11542162,36872,103296,129794,10.061,
case_085,5,band_w8_k4,4,8,0,ok,1547984,8799292,7681298,1117994,96256,131072,8.638,
case_085,5,band_w12_k4,4,12,0,ok,1552015,8262812,6894194,1368618,93696,131072,8.586,
case_085,5,band_w4_k5,5,4,0,ok,1268754,15419768,15419768,0,105088,117764,10.352,
case_085,5,band_w8_k5,5,8,0,ok,1475428,11300578,10340568,960010,96768,130626,8.53,
case_085,5,band_w12_k5,5,12,0,ok,1482344,10856100,9595032,1261068,91648,130946,9.464,
case_086,5,band_w4_k2,2,4,0,ok,75253,737382,737382,0,56256,90756,1.664,
case_086,5,band_w8_k2,2,8,0,ok,73057,589382,589382,0,52224,123364,1.346,
case_086,5,band_w12_k2,2,12,0,ok,83165,688580,668612,19968,54912,130516,1.641,
case_086,5,band_w4_k3,3,4,0,ok,65507,1531404,1531404,0,57408,78372,1.552,
case_086,5,band_w8_k3,3,8,0,ok,61059,953228,953228,0,49920,122980,1.388,
case_086,5,band_w12_k3,3,12,0,ok,71652,993800,993800,0,52608,113572,1.403,
case_086,5,band_w4_k4,4,4,0,ok,58755,1668080,1668080,0,56544,60356,1.409,
case_086,5,band_w8_k4,4,8,0,ok,57507,1393522,1393522,0,48768,121636,0.974,
case_086,5,band_w12_k4,4,12,0,ok,67824,1432300,1432300,0,49536,96676,1.053,
case_086,5,band_w4_k5,5,4,0,ok,69786,2548598,2548598,0,55776,54532,1.183,
case_086,5,band_w8_k5,5,8,0,ok,60354,1803864,1803864,0,46464,120484,0.981,
case_086,5,band_w12_k5,5,12,0,ok,69625,1656908,1656908,0,47232,93924,1.033,
case_087,5,band_w4_k2,2,4,0,ok,2207918,30224332,19497100,10727232,524288,121960,13.527,
case_087,5,band_w8_k2,2,8,0,ok,2153292,25137668,13657860,11479808,522144,127100,12.545,
case_087,5,band_w12_k2,2,12,0,ok,2083449,17948670,9683358,8265312,523296,130966,12.141,
case_087,5,band_w4_k3,3,4,0,ok,1610375,36178840,29314872,6863968,521520,88486,12.53,
case_087,5,band_w8_k3,3,8,0,ok,1527164,26893886,21279196,5614690,520896,129986,11.277,
case_087,5,band_w12_k3,3,12,0,ok,1505234,20772100,14964914,5807186,524160,127682,10.942,
case_087,5,band_w4_k4,4,4,0,ok,1306776,40467104,35214304,5252800,521088,71734,12.447,
case_087,5,band_w8_k4,4,8,0,ok,1218778,29849264,25951808,3897456,521040,113218,10.775,
case_087,5,band_w12_k4,4,12,0,ok,1212136,23784556,19371244,4413312,523008,118164,13.068,
case_087,5,band_w4_k5,5,4,0,ok,1167841,46380708,42250820,4129888,523152,68134,16.615,
case_087,5,band_w8_k5,5,8,0,ok,1059377,34520380,30396892,4123488,521760,105284,12.812,
case_087,5,band_w12_k5,5,12,0,ok,1060501,26673014,23558982,3114032,520704,112900,11.996,
case_088,5,band_w4_k2,2,4,0,ok,147898,1201954,1201954,0,86400,112242,0.797,
case_088,5,band_w8_k2,2,8,0,ok,153264,1008662,1008662,0,87488,116228,0.703,
case_088,5,band_w12_k2,2,12,0,ok,150615,810130,810130,0,85248,108774,0.659,
case_088,5,band_w4_k3,3,4,0,ok,125772,2190472,2190472,0,83136,66690,0.709,
case_088,5,band_w8_k3,3,8,0,ok,130600,1711332,1711332,0,80128,71938,0.667,
case_088,5,band_w12_k3,3,12,0,ok,117134,1413604,1413604,0,86400,62796,0.681,
case_088,5,band_w4_k4,4,4,0,ok,114287,2343680,2343680,0,79104,57920,0.858,
case_088,5,band_w8_k4,4,8,0,ok,119402,2027716,2027716,0,51712,62400,0.738,
case_088,5,band_w12_k4,4,12,0,ok,104283,1740804,1740804,0,78400,69826,0.732,
case_088,5,band_w4_k5,5,4,0,ok,111958,2571140,2571140,0,58368,58244,0.858,
case_088,5,band_w8_k5,5,8,0,ok,118449,2159908,2159908,0,46080,46788,0.762,
case_088,5,band_w12_k5,5,12,0,ok,103647,1849354,1849354,0,51712,57730,0.72,
case_089,5,band_w4_k2,2,4,0,ok,342528,238720,238720,0,201216,0,1.084,
case_089,5,band_w8_k2,2,8,0,ok,337600,238720,238720,0,232960,0,1.159,
case_089,5,band_w12_k2,2,12,0,ok,341104,238720,238720,0,251392,0,0.983,
case_089,5,band_w4_k3,3,4,0,ok,237122,1706240,1706240,0,122952,0,1.027,
case_089,5,band_w8_k3,3,8,0,ok,234570,866560,866560,0,145408,0,0.953,
case_089,5,band_w12_k3,3,12,0,ok,234018,1644800,1644800,0,123024,0,1.025,
case_089,5,band_w4_k4,4,4,0,ok,171128,716160,716160,0,119296,0,0.879,
case_089,5,band_w8_k4,4,8,0,ok,169160,716160,716160,0,151040,0,0.9,
case_089,5,band_w12_k4,4,12,0,ok,170904,716160,716160,0,172032,0,0.816,
case_089,5,band_w4_k5,5,4,0,ok,136932,954880,954880,0,102912,0,0.819,
case_089,5,band_w8_k5,5,8,0,ok,135556,954880,954880,0,134656,0,0.725,
case_089,5,band_w12_k5,5,12,0,ok,136948,954880,954880,0,156160,0,0.96,
case_090,5,band_w4_k2,2,4,0,ok,482371,2171520,2171520,0,369408,0,0.273,
case_090,5,band_w8_k2,2,8,0,ok,510061,4516992,2163840,2353152,501312,0,0.311,
case_090,5,band_w12_k2,2,12,0,ok,590845,10776192,2401920,8374272,498432,0,0.298,
case_090,5,band_w4_k3,3,4,0,ok,345253,4596480,4596480,0,334080,0,0.381,
case_090,5,band_w8_k3,3,8,0,ok,381771,6491904,4381440,2110464,499776,0,0.387,
case_090,5,band_w12_k3,3,12,0,ok,472495,12301440,4550400,7751040,498432,0,0.295,
case_090,5,band_w4_k4,4,4,0,ok,297117,6744960,6744960,0,333696,0,0.295,
case_090,5,band_w8_k4,4,8,0,ok,327156,8211072,6514560,1696512,499776,0,0.281,
case_090,5,band_w12_k4,4,12,0,ok,406256,12886104,6620760,6265344,498816,0,0.31,
case_090,5,band_w4_k5,5,4,0,ok,285660,8893440,8893440,0,333312,0,0.26,
case_090,5,band_w8_k5,5,8,0,ok,304927,10125312,8693760,1431552,499008,0,0.291,
case_090,5,band_w12_k5,5,12,0,ok,379000,14150016,8778240,5371776,498816,0,0.315,
case_091,5,band_w4_k2,2,4,0,ok,4693856,45202968,9968664,35234304,523776,10394,13.911,
case_091,5,band_w8_k2,2,8,0,ok,4727214,47643152,6519824,41123328,523776,10242,17.814,
case_091,5,band_w12_k2,2,12,0,ok,4582868,56820340,6695540,50124800,523776,4104,14.527,
case_091,5,band_w4_k3,3,4,0,ok,3132891,28186912,10635040,17551872,523776,10248,12.556,
case_091,5,band_w8_k3,3,8,0,ok,3120881,50624076,13044300,37579776,523776,10240,15.808,
case_091,5,band_w12_k3,3,12,0,ok,3062335,60755672,13227224,47528448,523776,10244,13.173,
case_091,5,band_w4_k4,4,4,0,ok,2435068,51453348,26628516,24824832,523776,8194,13.994,
case_091,5,band_w8_k4,4,8,0,ok,2365381,53084908,19639276,33445632,523776,10240,14.375,
case_091,5,band_w12_k4,4,12,0,ok,2321895,66556728,19772216,46784512,523776,10244,12.713,
case_091,5,band_w4_k5,5,4,0,ok,1974406,60915592,36643720,24271872,523776,8218,14.184,
case_091,5,band_w8_k5,5,8,0,ok,1883815,58322276,25914212,32408064,523776,10240,14.02,
case_091,5,band_w12_k5,5,12,0,ok,1859555,71533068,26109964,45423104,523776,10240,11.923,
case_092,5,band_w4_k2,2,4,0,ok,2099564,16200288,930400,15269888,524288,0,7.064,
case_092,5,band_w8_k2,2,8,0,ok,2027226,10728032,930400,9797632,524288,0,6.633,
case_092,5,band_w12_k2,2,12,0,ok,2022314,7950944,930400,7020544,523776,0,6.511,
case_092,5,band_w4_k3,3,4,0,ok,1394723,10699968,1860800,8839168,521216,0,5.936,
case_092,5,band_w8_k3,3,8,0,ok,1361251,8127680,1860800,6266880,523776,0,5.73,
case_092,5,band_w12_k3,3,12,0,ok,1354532,7050432,1860800,5189632,523776,0,5.728,
case_092,5,band_w4_k4,4,4,0,ok,1041221,6854432,2791200,4063232,517120,0,5.998,
case_092,5,band_w8_k4,4,8,0,ok,1024935,6493984,2791200,3702784,523776,0,5.451,
case_092,5,band_w12_k4,4,12,0,ok,1024174,6657824,2791200,3866624,523776,0,4.708,
case_092,5,band_w4_k5,5,4,0,ok,830506,4688256,3721600,966656,517120,0,4.939,
case_092,5,band_w8_k5,5,8,0,ok,824695,5753216,3721600,2031616,519680,0,4.535,
case_092,5,band_w12_k5,5,12,0,duplicate,,,,,,,0.092,
case_093,5,band_w4_k2,2,4,0,ok,37827,8192,8192,0,20480,0,0.103,
case_093,5,band_w8_k2,2,8,0,duplicate,,,,,,,0.003,
case_093,5,band_w12_k2,2,12,0,duplicate,,,,,,,0.002,
case_093,5,band_w4_k3,3,4,0,ok,25103,16384,16384,0,20480,0,0.087,
case_093,5,band_w8_k3,3,8,0,duplicate,,,,,,,0.003,
case_093,5,band_w12_k3,3,12,0,duplicate,,,,,,,0.002,
case_093,5,band_w4_k4,4,4,0,ok,19779,24576,24576,0,20480,0,0.09,
case_093,5,band_w8_k4,4,8,0,duplicate,,,,,,,0.005,
case_093,5,band_w12_k4,4,12,0,duplicate,,,,,,,0.004,
case_093,5,band_w4_k5,5,4,0,duplicate,,,,,,,0.004,
case_093,5,band_w8_k5,5,8,0,duplicate,,,,,,,0.004,
case_093,5,band_w12_k5,5,12,0,duplicate,,,,,,,0.004,
case_094,5,band_w4_k2,2,4,0,ok,46571,337724,337724,0,74496,104448,0.107,
case_094,5,band_w8_k2,2,8,0,ok,47611,319288,319288,0,129024,102406,0.095,
case_094,5,band_w12_k2,2,12,0,ok,52259,294692,245540,49152,133632,131072,0.087,
case_094,5,band_w4_k3,3,4,0,ok,35881,619628,619628,0,95744,116736,0.107,
case_094,5,band_w8_k3,3,8,0,ok,38898,679536,654956,24580,80640,131072,0.099,
case_094,5,band_w12_k3,3,12,0,ok,33436,368192,368192,0,129024,90112,0.092,
case_094,5,band_w4_k4,4,4,0,ok,29330,982412,982412,0,61696,73728,0.114,
case_094,5,band_w8_k4,4,8,0,ok,30252,871232,871232,0,77568,77832,0.112,
case_094,5,band_w12_k4,4,12,0,ok,35313,646500,572772,73728,77568,131072,0.1,
case_094,5,band_w4_k5,5,4,0,ok,27525,1081180,1081180,0,60416,70656,0.14,
case_094,5,band_w8_k5,5,8,0,ok,27258,799632,799632,0,62208,73730,0.11,
case_094,5,band_w12_k5,5,12,0,ok,28342,496772,496772,0,101376,126976,0.096,
case_095,5,band_w4_k2,2,4,0,ok,573788,16588800,0,16588800,30720,129216,1.107,
case_095,5,band_w8_k2,2,8,0,ok,1042890,0,0,0,36864,37056,1.173,
case_095,5,band_w12_k2,2,12,0,duplicate,,,,,,,0.031,
case_095,5,band_w4_k3,3,4,0,ok,474501,16367616,0,16367616,30720,129216,1.232,
case_095,5,band_w8_k3,3,8,0,ok,695775,0,0,0,36864,37056,1.073,
case_095,5,band_w12_k3,3,12,0,duplicate,,,,,,,0.02,
case_095,5,band_w4_k4,4,4,0,ok,468207,16146432,0,16146432,30720,129216,1.252,
case_095,5,band_w8_k4,4,8,0,ok,524422,0,0,0,36864,37056,1.096,
case_095,5,band_w12_k4,4,12,0,duplicate,,,,,,,0.017,
case_095,5,band_w4_k5,5,4,0,ok,462400,15925248,0,15925248,30720,129216,1.182,
case_095,5,band_w8_k5,5,8,0,duplicate,,,,,,,0.028,
case_095,5,band_w12_k5,5,12,0,duplicate,,,,,,,0.021,
case_096,5,band_w4_k2,2,4,0,ok,46054,676784,676784,0,109312,86016,0.268,
case_096,5,band_w8_k2,2,8,0,ok,51066,222084,222084,0,103168,70656,0.252,
case_096,5,band_w12_k2,2,12,0,ok,51915,106312,106312,0,131968,90116,0.195,
case_096,5,band_w4_k3,3,4,0,ok,36919,935188,935188,0,60416,69632,0.316,
case_096,5,band_w8_k3,3,8,0,ok,42139,336464,336464,0,78592,65550,0.25,
case_096,5,band_w12_k3,3,12,0,ok,43382,207368,207368,0,81664,66560,0.231,
case_096,5,band_w4_k4,4,4,0,ok,35873,1159064,1159064,0,64256,33792,0.32,
case_096,5,band_w8_k4,4,8,0,ok,40586,516500,516500,0,78592,61440,0.258,
case_096,5,band_w12_k4,4,12,0,ok,36253,225372,225372,0,74624,62464,0.202,
case_096,5,band_w4_k5,5,4,0,ok,36847,1296172,1296172,0,72448,33792,0.301,
case_096,5,band_w8_k5,5,8,0,ok,38627,541548,541548,0,75520,61440,0.255,
case_096,5,band_w12_k5,5,12,0,ok,33276,314584,314584,0,72576,62464,0.234,
case_097,5,band_w4_k2,2,4,0,ok,5952856,81731584,37945344,43786240,524288,0,3.195,
case_097,5,band_w8_k2,2,8,0,ok,5922318,75685888,34996224,40689664,524288,0,3.271,
case_097,5,band_w12_k2,2,12,0,ok,5899014,69910528,32047104,37863424,524288,0,3.049,
case_097,5,band_w4_k3,3,4,0,ok,4150304,82702336,51122176,31580160,524288,0,3.347,
case_097,5,band_w8_k3,3,8,0,ok,4095796,83755008,54796288,28958720,524288,0,3.843,
case_097,5,band_w12_k3,3,12,0,ok,4034333,77471744,51183616,26288128,524288,0,3.726,
case_097,5,band_w4_k4,4,4,0,ok,3217572,78987264,57212928,21774336,524288,0,2.776,
case_097,5,band_w8_k4,4,8,0,ok,3171372,72990720,53084160,19906560,524288,0,2.79,
case_097,5,band_w12_k4,4,12,0,ok,3118612,67018752,48955392,18063360,524288,0,2.659,
case_097,5,band_w4_k5,5,4,0,ok,2706888,96194560,77471744,18722816,524288,0,4.008,
case_097,5,band_w8_k5,5,8,0,ok,2654184,89518080,72433664,17084416,524288,0,3.665,
case_097,5,band_w12_k5,5,12,0,ok,2621486,69726208,54415360,15310848,524288,0,2.758,
case_099,5,band_w4_k2,2,4,0,ok,864202,9180780,5347052,3833728,524288,24576,2.305,
case_099,5,band_w8_k2,2,8,0,ok,825650,7867564,2682028,5185536,524288,6916,1.762,
case_099,5,band_w12_k2,2,12,0,ok,813493,7400224,1906336,5493888,524288,8486,1.605,
case_099,5,band_w4_k3,3,4,0,ok,586227,8634904,8510744,124160,523264,17664,2.407,
case_099,5,band_w8_k3,3,8,0,ok,547619,6401200,3684400,2716800,524288,6916,1.737,
case_099,5,band_w12_k3,3,12,0,ok,542628,8601936,3813712,4788224,524288,7696,1.51,
case_099,5,band_w4_k4,4,4,0,ok,458949,10850700,10264844,585856,524288,13824,2.304,
case_099,5,band_w8_k4,4,8,0,ok,413307,9193640,6789288,2404352,524288,6150,1.851,
case_099,5,band_w12_k4,4,12,0,ok,411214,9518432,5721440,3796992,524288,6160,1.724,
case_099,5,band_w4_k5,5,4,0,ok,385896,14539956,14539956,0,497664,6144,2.438,
case_099,5,band_w8_k5,5,8,0,ok,348272,10943652,8670372,2273280,524288,7682,1.741,
case_099,5,band_w12_k5,5,12,0,ok,339866,10453360,7621872,2831488,524288,7694,1.669,
case_100,5,band_w4_k2,2,4,0,ok,81499,1337472,1116288,221184,253568,131072,0.347,
case_100,5,band_w8_k2,2,8,0,ok,97420,628428,133836,494592,306560,131072,0.3,
case_100,5,band_w12_k2,2,12,0,ok,89608,128640,79488,49152,306560,126978,0.302,
case_100,5,band_w4_k3,3,4,0,ok,63510,1798132,1667056,131076,253568,131072,0.307,
case_100,5,band_w8_k3,3,8,0,ok,82275,728928,234336,494592,297344,131072,0.318,
case_100,5,band_w12_k3,3,12,0,ok,69213,159360,159360,0,246656,86530,0.266,
case_100,5,band_w4_k4,4,4,0,ok,58921,2058132,1933716,124416,252416,131072,0.4,
case_100,5,band_w8_k4,4,8,0,ok,71734,887784,424424,463360,246656,131072,0.348,
case_100,5,band_w12_k4,4,12,0,ok,59334,360192,360192,0,229376,114178,0.329,
case_100,5,band_w4_k5,5,4,0,ok,58027,2229576,2131272,98304,236160,131072,0.421,
case_100,5,band_w8_k5,5,8,0,ok,64823,853108,392820,460288,232064,131072,0.279,
case_100,5,band_w12_k5,5,12,0,ok,63240,438660,438660,0,229376,58880,0.268,
