returncode,process_wall_s,case,cores,makespan_cycles,initial_cycles,singlecore_cycles,speedup,component_baseline_cycles,baseline_speedup,selected,evaluations,added_copy_bytes
0,0.394924499996705,case_001,2,116868,116868,233110,1.9946435294520313,116868,1.9946435294520313,component_baseline,1,1152
0,0.3941717999987304,case_001,3,78545,78545,233110,2.9678528232223567,78545,2.9678528232223567,component_baseline,1,2304
0,0.38924129999941215,case_001,4,58984,58984,233110,3.952088702020887,58984,3.952088702020887,component_baseline,1,3456
0,0.3953466000020853,case_001,5,47502,47502,233110,4.9073723211654245,47502,4.9073723211654245,component_baseline,1,4608
0,2.0522529000008944,case_002,2,127559,128419,261945,2.0535203317680444,261945,1.0,greedy_schedule,2,4968960
0,2.6285750000024564,case_002,3,108524,108524,261945,2.4137057240794664,261945,1.0,data_band_w2,3,4968960
0,2.317525200000091,case_002,4,108574,108574,261945,2.412594175401109,261945,1.0,data_band_w2,3,4968960
0,2.2325382999988506,case_002,5,108635,108635,261945,2.411239471625167,261945,1.0,data_band_w2,3,4968960
0,21.388914899995143,case_003,2,335900,335900,602212,1.7928311997618338,538381,1.1185610190552786,valley_w3,3,1965240
0,13.668640500000038,case_003,3,241876,243060,602212,2.489755081115944,538764,1.1177658492401126,greedy_schedule,2,3010640
0,12.373973599998862,case_003,4,209284,210905,602212,2.877487051088473,539155,1.1169552355074144,greedy_schedule,2,3196140
0,12.662399699998787,case_003,5,182936,186476,602212,3.2919272313814667,539607,1.1160196216876357,greedy_schedule,2,4572928
0,0.6610314999998081,case_004,2,199074,202270,392357,1.9709103147573264,199074,1.9709103147573264,component_baseline,2,110592
0,0.6241927999944892,case_004,3,134043,134043,392357,2.927098020784375,134043,2.927098020784375,component_baseline,2,221184
0,0.6120351000063238,case_004,4,104188,104188,392357,3.765855952700887,104188,3.765855952700887,component_baseline,2,331776
0,0.6156832000051509,case_004,5,88341,94979,392357,4.441391879195391,88341,4.441391879195391,component_baseline,2,442368
0,4.233494299995073,case_005,2,62419,62419,95618,1.5318733078069178,95618,1.0,valley_w3,3,708794
0,2.5267002999971737,case_005,3,50611,50702,95618,1.8892730829266364,95618,1.0,greedy_schedule,2,1117674
0,2.2221108000012464,case_005,4,44678,44678,95618,2.1401584672545773,95618,1.0,valley_w5,2,1115866
0,4.295895199997176,case_005,5,44683,45077,95618,2.139918984848824,95618,1.0,greedy_schedule,4,1568714
0,0.7239738999996916,case_006,2,46100,46100,82837,1.7968980477223426,46100,1.7968980477223426,component_baseline,3,29576
0,0.42840609999984736,case_006,3,31153,31153,82837,2.6590376528745225,31153,2.6590376528745225,component_baseline,1,30080
0,0.5665184000026784,case_006,4,31153,31428,82837,2.6590376528745225,31428,2.6357706503754614,reuse_pack_k3,2,30080
0,0.6174174000043422,case_006,5,31153,31733,82837,2.6590376528745225,31733,2.6104370844231557,reuse_pack_k3,2,30080
0,5.924265000001469,case_007,2,507494,507494,1012562,1.9952196479170197,507494,1.9952196479170197,component_baseline,2,27648
0,4.436209100000269,case_007,3,338094,338094,1012562,2.994912657426633,338094,2.994912657426633,component_baseline,2,55296
0,4.024190799995267,case_007,4,254398,254398,1012562,3.980227831979811,254398,3.980227831979811,component_baseline,2,82944
0,3.428960299999744,case_007,5,203834,203834,1012562,4.967581463347626,203834,4.967581463347626,component_baseline,2,110592
0,0.7801225000002887,case_008,2,244266,244266,487605,1.9962049568912579,244266,1.9962049568912579,component_baseline,2,0
0,0.7605795999988914,case_008,3,163359,163359,487605,2.984867684057811,163359,2.984867684057811,component_baseline,2,0
0,0.7540208999998868,case_008,4,123060,123060,487605,3.962335446123842,123060,3.962335446123842,component_baseline,2,0
0,0.7545875999931013,case_008,5,100603,100603,487605,4.846823653370178,100603,4.846823653370178,component_baseline,2,0
0,9.378162599998177,case_009,2,92198,92198,153261,1.66230286991041,92198,1.66230286991041,component_baseline,3,0
0,16.471533500000078,case_009,3,90026,90133,153261,1.7024081931886343,92207,1.6621406183912284,greedy_schedule,5,1283338
0,5.350086800004647,case_009,4,64868,67768,153261,2.3626595547881855,92216,1.6619783985425522,greedy_schedule,3,918968
0,5.576078799997049,case_009,5,59855,61626,153261,2.560537966752986,92225,1.6618162103551097,greedy_schedule,3,963416
0,0.5549627999935183,case_010,2,45272,45272,86969,1.9210328679978794,45272,1.9210328679978794,component_baseline,2,48384
0,0.4152313999948092,case_010,3,30856,30856,86969,2.8185442053409386,30856,2.8185442053409386,component_baseline,1,48384
0,0.7363751000011689,case_010,4,29856,33908,86969,2.9129488210075025,29856,2.9129488210075025,component_baseline,3,96768
0,1.0068936999959988,case_010,5,26220,28874,86969,3.316895499618612,31015,2.8040947928421733,greedy_schedule,5,722250
0,0.383050500000536,case_011,2,92646,92646,184697,1.9935777043801135,92646,1.9935777043801135,component_baseline,1,180224
0,0.49486109999998007,case_011,3,69625,69625,184697,2.6527396768402154,69625,2.6527396768402154,component_baseline,1,1081344
0,0.42162049999751616,case_011,4,46880,46880,184697,3.9397824232081913,46880,3.9397824232081913,component_baseline,1,540672
0,0.5849534000008134,case_011,5,46880,47287,184697,3.9397824232081913,47287,3.905872649988369,reuse_pack_k4,2,540672
0,1.352068699998199,case_012,2,30094,30094,59088,1.9634478633614674,30094,1.9634478633614674,component_baseline,4,28800
0,1.451738600000681,case_012,3,21894,21894,59088,2.6988215949575225,21894,2.6988215949575225,component_baseline,4,20160
0,1.2199900000050548,case_012,4,17236,17236,59088,3.42817359016013,17236,3.42817359016013,component_baseline,3,39168
0,1.2845860999950673,case_012,5,14300,14300,59088,4.132027972027972,14300,4.132027972027972,component_baseline,3,49536
0,1.4688824000040768,case_013,2,132198,132198,263949,1.9966187083011846,132198,1.9966187083011846,component_baseline,1,8192
0,1.1586461000042618,case_013,3,88351,88351,263949,2.98750438591527,88351,2.98750438591527,component_baseline,1,16384
0,1.0754731000051834,case_013,4,66982,66982,263949,3.9405959810098237,66982,3.9405959810098237,component_baseline,1,24576
0,1.1787999999942258,case_013,5,54363,54363,263949,4.855305998565201,54363,4.855305998565201,component_baseline,1,32768
0,2102.5160294000016,case_014,2,8879623,8891974,17698626,1.9931731335891174,8891974,1.990404605321608,valley_w2,3,75697320
0,1938.7516034,case_014,3,5980632,5985953,17698626,2.9593236968935726,5980632,2.9593236968935726,component_baseline,3,77640360
0,1622.6171808999934,case_014,4,4526660,4526660,17698626,3.9098642266041628,4526660,3.9098642266041628,component_baseline,3,82469784
0,2457.9550545999955,case_014,5,3681987,3694640,17698626,4.806813820907027,3694640,4.790351969339367,greedy_schedule,4,90945720
0,1.070424899997306,case_015,2,92411,92411,177362,1.9192736795403145,92411,1.9192736795403145,component_baseline,3,224536
0,1.2448281000033603,case_015,3,60807,60807,177362,2.916802341835644,60807,2.916802341835644,component_baseline,3,306448
0,1.0894437000024482,case_015,4,53421,53421,177362,3.320080118305535,53421,3.320080118305535,component_baseline,3,263936
0,1.1435100999951828,case_015,5,43437,43437,177362,4.083200957708866,43437,4.083200957708866,component_baseline,3,321536
0,12.120510599997942,case_016,2,7107192,7161192,7715523,1.0855937197137773,7715523,1.0,greedy_schedule,2,47582424
0,11.90147729999444,case_016,3,7231183,7231183,7715523,1.0669793587024419,7715523,1.0,fork_join_w58,2,29493320
0,12.113649600003555,case_016,4,7286633,7286633,7715523,1.058859832792457,7715523,1.0,fork_join_w78,2,23201474
0,12.609443499997724,case_016,5,7357373,7378973,7715523,1.0486790597676643,7715523,1.0,greedy_schedule,2,19269072
0,1.8612973999988753,case_017,2,86400,87680,162810,1.884375,87680,1.8568658759124088,greedy_schedule,4,1611592
0,1.8835226000010152,case_017,3,58579,58579,162810,2.7793236484064257,58579,2.7793236484064257,component_baseline,4,175104
0,1.9233000999956857,case_017,4,42384,42384,162810,3.841308040770102,42384,3.841308040770102,component_baseline,4,259200
0,1.5471423999988474,case_017,5,35496,35496,162810,4.586713995943205,35496,4.586713995943205,component_baseline,3,340992
0,5.6088071999984095,case_018,2,502105,502105,1004367,2.0003126836020355,502105,2.0003126836020355,component_baseline,3,3191808
0,5.5555202000032295,case_018,3,338272,338272,1004367,2.969110656513102,338272,2.969110656513102,component_baseline,3,3867008
0,5.1819338999994216,case_018,4,258133,258133,1004367,3.89088958017766,258133,3.89088958017766,component_baseline,3,4853504
0,5.3352593000017805,case_018,5,203865,203865,1004367,4.926627915532338,203865,4.926627915532338,component_baseline,3,5693440
0,0.506441099998483,case_019,2,43224,43224,81144,1.8772903942254304,43224,1.8772903942254304,component_baseline,2,27168
0,0.6162046000026749,case_019,3,29121,29121,81144,2.7864427732564128,29121,2.7864427732564128,component_baseline,3,24576
0,0.6515278000006219,case_019,4,24099,24099,81144,3.3671106684924688,24099,3.3671106684924688,component_baseline,3,51744
0,0.6006774999987101,case_019,5,24169,30768,81144,3.357358599859324,24169,3.357358599859324,component_baseline,3,73728
0,4.874661499998183,case_020,2,266580,266580,532746,1.9984469952734638,266580,1.9984469952734638,component_baseline,1,0
0,3.6690873999978066,case_020,3,177950,177950,532746,2.993796010115201,177950,2.993796010115201,component_baseline,1,0
0,3.207982700005232,case_020,4,133704,133704,532746,3.984518039849219,133704,3.984518039849219,component_baseline,1,0
0,2.87378660000104,case_020,5,107650,107650,532746,4.948871342313051,107650,4.948871342313051,component_baseline,1,0
0,4.818637599993963,case_021,2,3194570,3194570,6567937,2.0559690349561914,3194570,2.0559690349561914,component_baseline,2,3174400
0,6.816577799996594,case_021,3,2144024,2144024,6567937,3.063369160046716,2144024,3.063369160046716,component_baseline,2,7766016
0,1.8008732999951462,case_021,4,1550324,1550324,6567937,4.236493145948847,1550324,4.236493145948847,component_baseline,1,4608000
0,4.90681819999736,case_021,5,1250168,1250168,6567937,5.253643510312214,1250168,5.253643510312214,component_baseline,1,11431936
0,0.9613600000011502,case_022,2,28333,28333,56780,2.004023576747962,28333,2.004023576747962,component_baseline,2,6912
0,1.011970300001849,case_022,3,19128,19128,56780,2.968423253868674,19128,2.968423253868674,component_baseline,2,13824
0,0.981932800001232,case_022,4,14654,14654,56780,3.874709976798144,14654,3.874709976798144,component_baseline,2,13824
0,1.0024619000032544,case_022,5,11828,11828,56780,4.800473452823808,11828,4.800473452823808,component_baseline,2,20736
0,1.2673861000002944,case_023,2,61227,61227,122614,2.0026132261910594,61227,2.0026132261910594,component_baseline,4,84384
0,1.1889173000017763,case_023,3,41662,41662,122614,2.943065623349815,41662,2.943065623349815,component_baseline,4,196896
0,1.1708013999959803,case_023,4,31519,31519,122614,3.890161489894984,31519,3.890161489894984,component_baseline,4,281280
0,1.276008599998022,case_023,5,25191,25191,122614,4.867373268230717,25191,4.867373268230717,component_baseline,4,280992
0,3.8530785999973887,case_024,2,2056594,2100694,2555343,1.2425121341402339,2555343,1.0,greedy_schedule,2,38931078
0,4.121922999998787,case_024,3,1918543,1918543,2555343,1.3319185444371067,2555343,1.0,fork_join_w10,2,38931176
0,4.324114399998507,case_024,4,1841433,1841433,2555343,1.3876926285126856,2555343,1.0,fork_join_w13,2,38931274
0,3.705183300000499,case_024,5,2197193,2218793,2555343,1.1630034321063283,2555343,1.0,greedy_schedule,2,19269072
0,152.05723679999937,case_025,2,2431840,2431840,4863026,1.9997310678334101,2431840,1.9997310678334101,component_baseline,2,27648
0,111.16786860000138,case_025,3,1622164,1622164,4863026,2.9978633479722148,1622164,2.9978633479722148,component_baseline,2,55296
0,68.59900850000122,case_025,4,1217444,1217444,4863026,3.9944555971362954,1217444,3.9944555971362954,component_baseline,2,82944
0,63.7876311,case_025,5,975282,975282,4863026,4.986276789687495,975282,4.986276789687495,component_baseline,2,110592
0,0.6822926999957417,case_026,2,58112,58112,99203,1.707100082599119,58112,1.707100082599119,component_baseline,2,288
0,0.515772200000356,case_026,3,41655,41655,99203,2.3815388308726444,41655,2.3815388308726444,component_baseline,2,95664
0,0.5042727999971248,case_026,4,41655,42226,99203,2.3815388308726444,42226,2.3493345332259743,reuse_pack_k3,2,95664
0,0.6307457000002614,case_026,5,41655,44114,99203,2.3815388308726444,44114,2.2487872330779344,reuse_pack_k3,3,95664
0,0.7503759999963222,case_027,2,1120962,1120962,2363952,2.10886006840553,1120962,2.10886006840553,component_baseline,1,1744896
0,1.3859301999982563,case_027,3,837049,837049,2363952,2.8241500796249683,837049,2.8241500796249683,component_baseline,2,3686400
0,0.7533441999985371,case_027,4,559196,559196,2363952,4.227412213249022,559196,4.227412213249022,component_baseline,1,3317760
0,1.9993715999953565,case_027,5,558753,681447,2363952,4.230763861670542,558753,4.230763861670542,component_baseline,3,5529600
0,169.17400199999975,case_028,2,20232039,21935178,43836040,2.1666644671849435,23638628,1.8544240384848054,data_band_w2,3,118305408
0,82.66408590000356,case_028,3,13752644,16770711,43836040,3.1874627162602334,16770711,2.613845054034978,data_band_w2,3,118487808
0,74.73924889999762,case_028,4,10332290,12928802,43836040,4.2426257877005,13608312,3.2212694711879033,data_band_w2,3,119014272
0,63.88746600000013,case_028,5,8377037,10637370,43836040,5.232881268162,11491035,3.814803453300769,data_band_w3,3,95899392
0,0.7860921000028611,case_029,2,19740,19740,37555,1.9024822695035462,19740,1.9024822695035462,component_baseline,2,0
0,0.451628000002529,case_029,3,12743,12743,37555,2.9471082162756024,12743,2.9471082162756024,component_baseline,1,0
0,0.49379709999629995,case_029,4,11028,11028,37555,3.405422560754443,11028,3.405422560754443,component_baseline,1,0
0,0.4759542999963742,case_029,5,9383,9383,37555,4.002451241607162,9383,4.002451241607162,component_baseline,1,0
0,27.336953500001982,case_030,2,1401423,1401423,2808034,2.003701951516423,1401423,2.003701951516423,component_baseline,1,6940672
0,27.32545460000256,case_030,3,933969,933969,2808034,3.0065601749094455,933969,3.0065601749094455,component_baseline,1,9071616
0,25.80133080000087,case_030,4,699591,699591,2808034,4.0138223619228945,699591,4.0138223619228945,component_baseline,1,8632320
0,27.620698799997626,case_030,5,561192,561192,2808034,5.0036957048568045,561192,5.0036957048568045,component_baseline,1,11644416
0,30.338723200002278,case_031,2,728285,735345,1414369,1.9420542782015282,735345,1.923408740115184,valley_w2,5,6281892
0,23.04927260000113,case_031,3,486363,486363,1414369,2.9080522161430866,486363,2.9080522161430866,component_baseline,4,5018112
0,30.089713400004257,case_031,4,390820,398198,1414369,3.618978046159357,398198,3.5519239172471986,greedy_schedule,5,8281048
0,30.44396820000111,case_031,5,303368,308135,1414369,4.66222211966984,308135,4.590095250458403,greedy_schedule,5,8737756
0,0.8153893999988213,case_032,2,21880,21880,41443,1.8941042047531993,21880,1.8941042047531993,component_baseline,3,6216
0,0.4872055999949225,case_032,3,15402,15402,41443,2.690754447474354,15402,2.690754447474354,component_baseline,1,12360
0,0.7483799000037834,case_032,4,14274,14274,41443,2.9033907804399606,14274,2.9033907804399606,component_baseline,2,12360
0,0.6304952999998932,case_032,5,10415,10415,41443,3.9791646663466156,10415,3.9791646663466156,component_baseline,2,12360
0,13.728708900001948,case_033,2,897883,897883,1774196,1.975976825488399,897883,1.975976825488399,component_baseline,4,6229536
0,19.574457300004724,case_033,3,600373,604202,1774196,2.9551562112220235,604202,2.9364285454202403,greedy_coarsen,6,7082596
0,19.395847899999353,case_033,4,453882,460454,1774196,3.908936683983943,460454,3.853144939559652,greedy_schedule,6,8027268
0,19.352634200004104,case_033,5,361866,376794,1774196,4.902908811549026,376794,4.708663089115007,greedy_schedule,6,8115360
0,12.721036700000695,case_034,2,418129,418129,842996,2.016114644045259,418129,2.016114644045259,component_baseline,4,1648128
0,12.98111329999665,case_034,3,282515,282515,842996,2.9838982000955703,282515,2.9838982000955703,component_baseline,4,2638336
0,9.693429100007052,case_034,4,213112,213112,842996,3.955647734524569,213112,3.955647734524569,component_baseline,3,3176960
0,9.839943700004369,case_034,5,178096,178096,842996,4.733379750247058,178096,4.733379750247058,component_baseline,3,3536896
0,4.910510699999577,case_035,2,95406,95406,169571,1.7773620107750037,95406,1.7773620107750037,component_baseline,3,0
0,7.030114699999103,case_035,3,95406,95424,169571,1.7773620107750037,95424,1.77702674379611,reuse_pack_k2,4,0
0,7.115152799997304,case_035,4,95406,95442,169571,1.7773620107750037,95442,1.7766916032773832,reuse_pack_k2,4,0
0,3.692811300003086,case_035,5,62135,69979,169571,2.729073790939084,95460,1.7763565891472868,greedy_schedule,3,968258
0,1.6014484999977867,case_036,2,466068,466068,931510,1.998656848356892,466068,1.998656848356892,component_baseline,1,1152
0,1.381435800001782,case_036,3,311345,311345,931510,2.991890025534375,311345,2.991890025534375,component_baseline,1,2304
0,1.2496590000009746,case_036,4,233584,233584,931510,3.987901568600589,233584,3.987901568600589,component_baseline,1,3456
0,1.1709307999990415,case_036,5,187182,187182,931510,4.976493466252097,187182,4.976493466252097,component_baseline,1,4608
0,0.40331940000032773,case_037,2,105374,105374,210001,1.992910964754114,105374,1.992910964754114,component_baseline,1,204800
0,0.8753355000008014,case_037,3,74038,74038,210001,2.836394824279424,74038,2.836394824279424,component_baseline,3,1064960
0,0.4330688000045484,case_037,4,53320,53320,210001,3.938503375843961,53320,3.938503375843961,component_baseline,1,614400
0,0.6411607000045478,case_037,5,43800,43800,210001,4.794543378995434,43800,4.794543378995434,component_baseline,2,1925120
0,27.776272499999322,case_038,2,683459,683459,1364555,1.996542587046187,683459,1.996542587046187,component_baseline,3,6094848
0,38.19090739999956,case_038,3,456925,462076,1364555,2.986387262679871,462076,2.9530964603225445,valley_w2,4,8155140
0,36.86548529999709,case_038,4,344979,346382,1364555,3.955472651958525,346382,3.9394512416926974,greedy_schedule,4,9466884
0,21.725790299999062,case_038,5,280919,280919,1364555,4.857467811006019,280919,4.857467811006019,component_baseline,2,9070080
0,9.905857499994454,case_039,2,708561,708561,1435262,2.025601183243221,708561,2.025601183243221,component_baseline,1,11067392
0,19.786976999996114,case_039,3,485565,485565,1435262,2.9558596686334475,485565,2.9558596686334475,component_baseline,3,14323712
0,9.63886310000089,case_039,4,395323,395323,1435262,3.6306058590064327,395323,3.6306058590064327,component_baseline,1,17604608
0,18.314361500000814,case_039,5,395323,395323,1435262,3.6306058590064327,431161,3.3288307615948565,reuse_pack_k4,2,17604608
0,3.91393949999474,case_040,2,144027,144027,253454,1.7597672658598735,144027,1.7597672658598735,component_baseline,3,12288
0,5.19084809999913,case_040,3,110105,110105,253454,2.301929975932065,110105,2.301929975932065,component_baseline,4,0
0,5.012614100000064,case_040,4,110105,110202,253454,2.301929975932065,110202,2.2999038129979494,reuse_pack_k3,4,0
0,5.159580600004119,case_040,5,110105,110337,253454,2.301929975932065,110337,2.2970898248094476,reuse_pack_k3,4,0
0,140.74304819999816,case_041,2,3002984,3002984,6003957,1.9993303327623457,3002984,1.9993303327623457,component_baseline,1,30557184
0,126.0173763999992,case_041,3,1998385,1998385,6003957,3.0044045566795186,1998385,3.0044045566795186,component_baseline,1,34762752
0,112.82557169999927,case_041,4,1501288,1501288,6003957,3.999204016817559,1501288,3.999204016817559,component_baseline,1,34759680
0,109.95226600000024,case_041,5,1213259,1213259,6003957,4.948619379703756,1213259,4.948619379703756,component_baseline,1,38200320
0,10.065616399995633,case_042,2,849537,849537,1686740,1.9854815034542346,849537,1.9854815034542346,component_baseline,2,6469920
0,12.429907699995965,case_042,3,567781,567781,1686740,2.97075809158813,567781,2.97075809158813,component_baseline,2,8368416
0,10.550540600001113,case_042,4,444517,444517,1686740,3.7945455404405233,444517,3.7945455404405233,component_baseline,2,8168736
0,6.740034199996444,case_042,5,362266,362266,1686740,4.656081442917635,362266,4.656081442917635,component_baseline,1,10073088
0,21.683231800001522,case_043,2,353177,353177,677656,1.918743293023045,353177,1.918743293023045,component_baseline,3,385024
0,34.09160349999729,case_043,3,268777,268777,677656,2.521257399256633,268777,2.521257399256633,component_baseline,4,279560
0,31.526188099996943,case_043,4,268777,272738,677656,2.521257399256633,269194,2.517351798331315,reuse_pack_k3,4,279560
0,35.44650120000006,case_043,5,241503,241503,677656,2.805994128437328,269612,2.5134489562779105,valley_w4,5,6133260
0,1.3469782000029227,case_044,2,74488,131105,154407,2.072911072924498,131105,1.1777354029213225,data_band_w3,3,1976544
0,1.1469885999977123,case_044,3,75633,131105,154407,2.0415294910951567,123553,1.2497227910289512,data_band_w5,3,2559168
0,1.1094685000061872,case_044,4,82428,131105,154407,1.8732348231183578,124268,1.2425322689670713,data_band_w6,3,3227680
0,1.0679716000013286,case_044,5,92751,131105,154407,1.6647475498916453,132892,1.161898383649881,data_band_w8,3,4059520
0,0.5961483000064618,case_045,2,63059,63059,125614,1.99200748505368,63059,1.99200748505368,component_baseline,1,0
0,0.603222799996729,case_045,3,42601,42601,125614,2.94861622966597,42601,2.94861622966597,component_baseline,1,0
0,0.6304725000009057,case_045,4,31878,31878,125614,3.940460505677897,31878,3.940460505677897,component_baseline,1,0
0,0.6787957000051392,case_045,5,26164,26164,125614,4.801024308209754,26164,4.801024308209754,component_baseline,1,0
0,0.8537366000018665,case_046,2,166578,166578,276455,1.6596129140702853,166578,1.6596129140702853,component_baseline,2,3521632
0,1.0290525000018533,case_046,3,142176,142176,276455,1.9444561670042764,142176,1.9444561670042764,component_baseline,3,4021280
0,0.923675900005037,case_046,4,124612,124612,276455,2.218526305652746,124612,2.218526305652746,component_baseline,3,4513952
0,0.5880982000016957,case_046,5,124612,124612,276455,2.218526305652746,131039,2.10971542823129,reuse_pack_k4,2,4513952
0,13.118055399994773,case_047,2,204157,204173,326508,1.5992985790347625,326508,1.0,greedy_schedule,3,1097874
0,13.0147192000004,case_047,3,156983,158634,326508,2.079894001261283,326508,1.0,greedy_schedule,3,1617022
0,8.522410800003854,case_047,4,129665,130176,326508,2.5180889214514326,326508,1.0,greedy_schedule,2,1490922
0,9.144623700005468,case_047,5,122204,123511,326508,2.6718274360904717,326508,1.0,greedy_schedule,2,2337366
0,2.526593700000376,case_048,2,172445,214533,222220,1.2886427556612252,222220,1.0,greedy_schedule,5,1084394
0,2.3672743999995873,case_048,3,141992,148643,222220,1.5650177474787312,222220,1.0,greedy_schedule,4,1273858
0,1.1919167000014568,case_048,4,111891,121147,222220,1.9860399853428783,222220,1.0,greedy_schedule,2,925012
0,1.624952199999825,case_048,5,111885,121202,222220,1.9861464896992447,222220,1.0,greedy_schedule,3,925782
0,5.9033837000024505,case_049,2,160206,164401,196276,1.2251476224361135,160206,1.2251476224361135,component_baseline,3,0
0,5.839403300000413,case_049,3,135263,136156,196276,1.4510693981354843,160224,1.2250099860195727,greedy_schedule,4,1567492
0,4.265591800001857,case_049,4,118671,119068,196276,1.6539508388738613,160242,1.2248723805244568,greedy_schedule,3,1621840
0,4.055131299995992,case_049,5,110442,111647,196276,1.777186215389073,160260,1.224734805940347,greedy_schedule,3,1570238
0,4.268952999998874,case_050,2,93710,94649,149690,1.5973748799487781,108121,1.3844674022622803,greedy_schedule,3,1099542
0,4.223510299998452,case_050,3,74118,76625,149690,2.0196173669014272,108134,1.384300959920099,greedy_schedule,3,1257138
0,5.690348100004485,case_050,4,61739,66972,149690,2.4245614603411134,108147,1.384134557592906,greedy_coarsen,4,1344466
0,4.511436100001447,case_050,5,58249,59260,149690,2.5698295249703857,108160,1.3839681952662721,greedy_schedule,3,1463942
0,0.9236168999996153,case_051,2,357955,378655,607628,1.6974982888910617,607628,1.0,greedy_schedule,2,9045258
0,1.3161739999995916,case_051,3,291222,291222,607628,2.086476983194951,607628,1.0,fork_join_w3,3,9045304
0,1.3675227999992785,case_051,4,254308,254308,607628,2.389338911870645,607628,1.0,fork_join_w3,3,9045350
0,1.2787991000004695,case_051,5,253856,274556,607628,2.3935932182024455,607628,1.0,greedy_schedule,3,9045396
0,1.3901937999980873,case_052,2,91254,91254,180301,1.9758147588050934,91254,1.9758147588050934,component_baseline,4,102912
0,1.456139499998244,case_052,3,63361,63361,180301,2.845614810372311,63361,2.845614810372311,component_baseline,4,181248
0,1.4148758000010275,case_052,4,47721,47721,180301,3.778231805703988,47721,3.778231805703988,component_baseline,4,259584
0,1.4901297000033082,case_052,5,47169,51670,180301,3.8224469460874726,51670,3.4894716469905167,terminal_w2,4,443464
0,45.87312349999411,case_053,2,774929,774929,1472686,1.900414102453257,774929,1.900414102453257,component_baseline,4,5959552
0,32.43468690000009,case_053,3,546106,546106,1472686,2.6967035703691224,546106,2.6967035703691224,component_baseline,3,5882944
0,48.62077209999552,case_053,4,492232,492232,1472686,2.991853434965626,492232,2.991853434965626,component_baseline,4,6360992
0,52.35624649999954,case_053,5,480055,492699,1472686,3.067744320963223,492699,2.9890176355137723,greedy_schedule,5,13154882
0,83.4985267000011,case_054,2,443753,443753,815051,1.836722230610272,517960,1.5735790408525754,valley_w3,5,1442752
0,17.593078300000343,case_054,3,311323,312064,815051,2.6180237245561684,517986,1.573500055986069,greedy_schedule,3,2153244
0,16.813928399998986,case_054,4,249519,249519,815051,3.266488724305564,518015,1.5734119668349371,valley_w6,3,2064246
0,11.389200199999323,case_054,5,209490,211058,815051,3.8906439448183683,518133,1.5730536368075378,greedy_schedule,2,2858836
0,1.8454531000024872,case_055,2,63872,65764,118835,1.8605179108216432,65764,1.8069916671735295,terminal_w2,5,287316
0,1.4853654000035021,case_055,3,43687,43687,118835,2.7201455810653057,43687,2.7201455810653057,component_baseline,4,115712
0,1.2248041000057128,case_055,4,31367,31367,118835,3.788535722255874,31367,3.788535722255874,component_baseline,3,115712
0,1.2996129000021028,case_055,5,26781,26781,118835,4.437287629289422,26781,4.437287629289422,component_baseline,3,198656
0,8.07859119999921,case_056,2,195117,195117,277285,1.4211216859627813,265710,1.0435625305784502,valley_w3,3,4348654
0,7.190438899997389,case_056,3,146011,146011,277285,1.8990692482073268,265728,1.0434918412813101,valley_w4,3,3799188
0,8.731446999998298,case_056,4,146032,148412,277285,1.8987961542675578,265746,1.0434211615602869,greedy_schedule,3,4613390
0,8.518062700000883,case_056,5,134454,135374,277285,2.062303836256266,265764,1.0433504914134344,greedy_schedule,3,4364564
0,0.7804055999949924,case_057,2,33730,33730,59726,1.7707085680403203,33730,1.7707085680403203,component_baseline,3,288
0,0.9471542000028421,case_057,3,25250,25250,59726,2.3653861386138613,25250,2.3653861386138613,component_baseline,4,288
0,0.9927379000000656,case_057,4,20957,20957,59726,2.8499308107076393,20957,2.8499308107076393,component_baseline,4,288
0,0.9791980000009062,case_057,5,16538,16538,59726,3.6114403192647235,16538,3.6114403192647235,component_baseline,4,27936
0,218.85916780000116,case_058,2,2271316,2271316,4539717,1.9987166030618373,2271316,1.9987166030618373,component_baseline,3,33431552
0,105.21739800000068,case_058,3,1554831,1554831,4539717,2.9197494775959574,1554831,2.9197494775959574,component_baseline,3,30400512
0,170.5224831000014,case_058,4,1154519,1154519,4539717,3.9321284448328697,1154519,3.9321284448328697,component_baseline,3,42622976
0,60.30544159999408,case_058,5,1004819,1004819,4539717,4.517945022934478,1004819,4.517945022934478,component_baseline,3,32104448
0,1.3769354000032763,case_059,2,369318,369318,829473,2.2459587672412393,369318,2.2459587672412393,component_baseline,1,360448
0,2.036521599999105,case_059,3,266217,266217,829473,3.1157777301975456,266217,3.1157777301975456,component_baseline,1,2998272
0,1.196718499995768,case_059,4,185216,185216,829473,4.478408992743607,185216,4.478408992743607,component_baseline,1,1081344
0,1.8307786000004853,case_059,5,150782,150782,829473,5.501140719714555,150782,5.501140719714555,component_baseline,1,4325376
0,18.321354599996994,case_060,2,469437,469437,888789,1.8933083672569482,469437,1.8933083672569482,component_baseline,3,2768912
0,17.967835399998876,case_060,3,334622,334622,888789,2.656098523109658,334622,2.656098523109658,component_baseline,3,3439756
0,13.412434899997606,case_060,4,229383,229383,888789,3.8746942885915696,229383,3.8746942885915696,component_baseline,2,3699968
0,19.954977299996244,case_060,5,183272,183272,888789,4.849562399057139,183272,4.849562399057139,component_baseline,3,4290944
0,1.143703400004597,case_061,2,39299,39299,77191,1.9641975622789385,39299,1.9641975622789385,component_baseline,3,34560
0,1.292443500002264,case_061,3,28409,28409,77191,2.7171318948220633,28409,2.7171318948220633,component_baseline,3,43008
0,1.4286212000006344,case_061,4,27166,27166,77191,2.8414562320547745,27166,2.8414562320547745,component_baseline,4,62208
0,1.5124734999990324,case_061,5,22283,22283,77191,3.46412063007674,22283,3.46412063007674,component_baseline,4,83712
0,181.90197459999763,case_062,2,1349562,1350612,2854809,2.115359650019784,2854809,1.0,greedy_coarsen,3,54114816
0,83.3383343999958,case_062,3,1140581,1140739,2854809,2.502942798450965,2854809,1.0,greedy_coarsen,3,54114816
0,102.95875230000092,case_062,4,1139851,1140348,2854809,2.5045457695786553,2854809,1.0,greedy_coarsen,3,54117888
0,83.14609470000141,case_062,5,1139999,1140264,2854809,2.504220617737384,2854809,1.0,greedy_coarsen,3,54117888
0,26.567311799997697,case_063,2,508752,509093,1070397,2.1039661760543447,1070397,1.0,greedy_coarsen,3,20295168
0,20.814844799999264,case_063,3,430451,430482,1070397,2.4866872187542834,1070397,1.0,greedy_schedule,3,20298240
0,16.67565140000079,case_063,4,430997,430997,1070397,2.4835370083782484,1070397,1.0,data_band_w2,3,20298240
0,14.262299100002565,case_063,5,431150,431150,1070397,2.482655688275542,1070397,1.0,data_band_w2,3,20298240
0,0.6995443999985582,case_064,2,17589,17589,19116,1.0868156234009894,19116,1.0,terminal_w11,3,21128
0,0.8615812999996706,case_064,3,13388,16689,19116,1.4278458320884375,19116,1.0,greedy_coarsen,4,105128
0,0.708282199993846,case_064,4,14389,14474,19116,1.3285148377232607,19116,1.0,greedy_schedule,3,105390
0,0.7368774000060512,case_064,5,10775,11263,19116,1.774106728538283,19116,1.0,greedy_coarsen,3,104444
0,0.6982334999993327,case_065,2,26928,26928,53068,1.970736779560309,26928,1.970736779560309,component_baseline,3,13968
0,0.8245058999964385,case_065,3,18165,18165,53068,2.921442334159097,18165,2.921442334159097,component_baseline,4,27792
0,0.7036274999991292,case_065,4,14502,14502,53068,3.659357330023445,14502,3.659357330023445,component_baseline,3,41616
0,0.7594953999941936,case_065,5,12156,12156,53068,4.365580783152352,12156,4.365580783152352,component_baseline,3,55584
0,5.9793390999984695,case_066,2,193711,193711,359070,1.8536376354466189,248146,1.44701103382686,valley_w2,3,1513292
0,7.686885100003565,case_066,3,147531,149910,359070,2.433861357951888,248976,1.442187198766146,greedy_coarsen,4,2038660
0,7.580287700002373,case_066,4,129142,129828,359070,2.7804277462018554,249811,1.4373666491867851,greedy_coarsen,4,2220988
0,5.987388500005181,case_066,5,112718,120969,359070,3.1855604251317446,250449,1.4337050657019992,greedy_schedule,3,2342666
0,18.643679400003748,case_067,2,30388702,33768704,63834834,2.100610746717645,33768704,1.890354868223548,data_band_w2,2,74518912
0,13.580394700002216,case_067,3,20383899,23568859,63834834,3.131630214612033,23568859,2.7084397254869232,data_band_w2,2,77093632
0,11.953882000001613,case_067,4,15452799,18473155,63834834,4.130956081160442,18473155,3.4555458447677183,data_band_w2,2,80815232
0,9.439419199996337,case_067,5,13395817,15931687,63834834,4.765281132162376,15931687,4.006784341168641,data_band_w3,2,107833856
0,3.8908129000046756,case_068,2,210904,210904,362095,1.716871183097523,302408,1.1973724240099468,valley_w3,2,1983226
0,5.044658999999228,case_068,3,168253,168562,362095,2.152086441252162,303144,1.1944653366057056,greedy_schedule,3,2646462
0,5.309307899995474,case_068,4,144691,145322,362095,2.5025398953632223,303921,1.1914115839313506,greedy_schedule,3,3266738
0,6.450835000003281,case_068,5,142558,148067,362095,2.539983725922081,304058,1.1908747673141309,greedy_schedule,4,3419686
0,0.6193503999966197,case_069,2,15079,15079,25144,1.6674845812056502,25144,1.0,terminal_w3,2,166470
0,0.6524381000053836,case_069,3,11285,11285,25144,2.2280903854674348,25144,1.0,terminal_w5,2,218794
0,0.6392899000056786,case_069,4,11326,11326,25144,2.220024721878863,25144,1.0,terminal_w6,2,271118
0,0.9701662999941618,case_069,5,9133,11254,25144,2.75309317858316,25144,1.0,greedy_schedule,4,267954
0,1.4553409000000102,case_070,2,58525,58525,117300,2.0042716787697565,58525,2.0042716787697565,component_baseline,4,129536
0,1.1831338000047253,case_070,3,45661,45661,117300,2.568931911259061,45661,2.568931911259061,component_baseline,3,259072
0,1.4595736999981455,case_070,4,36336,36336,117300,3.228203434610304,36336,3.228203434610304,component_baseline,4,360960
0,1.5869560999999521,case_070,5,27664,27664,117300,4.240167727009832,27664,4.240167727009832,component_baseline,4,462848
0,0.722343200002797,case_071,2,11671,12639,18919,1.6210264758803872,18919,1.0,greedy_schedule,4,117990
0,0.4955296000043745,case_071,3,10106,10106,18919,1.8720562042351079,18919,1.0,terminal_w6,2,193450
0,0.763180599999032,case_071,4,8078,9190,18919,2.342040108937856,18919,1.0,greedy_schedule,4,185678
0,0.6413385999985621,case_071,5,7854,7854,18919,2.4088362617774384,18919,1.0,terminal_w10,3,233394
0,1411.235754100002,case_072,2,11833111,11833111,23897828,2.0195727057745,11833111,2.0195727057745,component_baseline,4,113945376
0,1199.9639966000032,case_072,3,7945629,7945629,23897828,3.007669751507401,7945629,3.007669751507401,component_baseline,4,114002720
0,1200.6978865000056,case_072,4,5994354,5994354,23897828,3.9867228395253265,5994354,3.9867228395253265,component_baseline,4,122293024
0,1447.1235895999998,case_072,5,4834146,4863110,23897828,4.943547009130465,4863110,4.9141039376037146,terminal_w5,5,127210712
0,6.327857700001914,case_073,2,4334657,5980423,10081626,2.3258186287865454,5980423,1.6857713910872192,data_band_w2,2,13286272
0,5.047956399997929,case_073,3,2982076,4515227,10081626,3.3807407993625915,4515227,2.232806013961203,data_band_w2,2,17007872
0,4.550828500003263,case_073,4,2351066,3903787,10081626,4.288108458035632,3903787,2.5825246100773427,data_band_w2,2,20729472
0,6.130141700006789,case_073,5,2297647,3517515,10081626,4.387804567020086,3517515,2.8661216796516857,data_band_w3,3,42358528
0,13.931625699995493,case_074,2,822510,822510,1682239,2.0452505136715664,822510,2.0452505136715664,component_baseline,4,7077888
0,13.003086999997322,case_074,3,553814,553814,1682239,3.0375523190096314,553814,3.0375523190096314,component_baseline,4,7614464
0,10.686064800000167,case_074,4,423088,423088,1682239,3.9760971712740614,423088,3.9760971712740614,component_baseline,3,8429568
0,9.551607699999295,case_074,5,347042,347042,1682239,4.847364295964177,347042,4.847364295964177,component_baseline,3,9035776
0,4.328097600002366,case_075,2,781291,781291,1441809,1.845418672428071,1441809,1.0,valley_w4,2,2960082
0,4.440462200000184,case_075,3,621902,622899,1441809,2.3183861766001717,1441809,1.0,greedy_schedule,2,4795646
0,4.546206599996367,case_075,4,457594,457594,1441809,3.1508476946813113,1441809,1.0,valley_w8,2,4319402
0,5.13587820000248,case_075,5,395938,403575,1441809,3.641501952325869,1441809,1.0,greedy_schedule,2,6346198
0,698.6261068000022,case_076,2,3069464,3069464,6185113,2.015046600970072,3069464,2.015046600970072,component_baseline,1,30744576
0,638.4398807999969,case_076,3,2061609,2061609,6185113,3.0001387265965564,2061609,3.0001387265965564,component_baseline,1,35117056
0,569.9508016999971,case_076,4,1550155,1550155,6185113,3.9899964842225453,1550155,3.9899964842225453,component_baseline,1,35703808
0,516.033127900002,case_076,5,1238120,1238120,6185113,4.995568280942074,1238120,4.995568280942074,component_baseline,1,37194752
0,8.331012100003136,case_077,2,250735,250735,495320,1.9754721119907472,250735,1.9754721119907472,component_baseline,4,57344
0,4.798317400003725,case_077,3,178739,178739,495320,2.771191513883372,178739,2.771191513883372,component_baseline,2,114688
0,7.3202163000023575,case_077,4,144734,144734,495320,3.4222781101883455,144734,3.4222781101883455,component_baseline,3,172032
0,7.369457600005262,case_077,5,121081,121081,495320,4.090815239385205,121081,4.090815239385205,component_baseline,3,172032
0,0.9725226999944425,case_078,2,1151684,1260358,2296143,1.993726577776543,1260358,1.8218180866071385,data_band_w2,3,8034432
0,1.0498857999991742,case_078,3,893942,932672,2296143,2.568559257759452,993959,2.3100983038535796,data_band_w2,3,10182912
0,0.9285868999941158,case_078,4,690924,690924,2296143,3.3232931552529656,690924,3.3232931552529656,component_baseline,3,13146912
0,1.1422305000014603,case_078,5,663941,681261,2296143,3.458353980248245,663941,3.458353980248245,component_baseline,4,13620024
0,148.0543514000019,case_079,2,15446486,15446486,31052251,2.010311665708304,15446486,2.010311665708304,component_baseline,2,31780864
0,235.84013620000042,case_079,3,10181692,10181692,31052251,3.049812447675691,10181692,3.049812447675691,component_baseline,2,39960576
0,61.369057600000815,case_079,4,7635624,7635624,31052251,4.066760097144647,7635624,4.066760097144647,component_baseline,2,30445568
0,281.16250549999677,case_079,5,6075976,6075976,31052251,5.110660575354478,6075976,5.110660575354478,component_baseline,2,47677440
0,0.7407592000017758,case_080,2,145926,145926,292138,2.0019598974822856,145926,2.0019598974822856,component_baseline,1,2191360
0,0.6933105999996769,case_080,3,100325,100325,292138,2.9119162721156244,100325,2.9119162721156244,component_baseline,1,3047424
0,0.8855611999970279,case_080,4,100325,101166,292138,2.9119162721156244,111314,2.6244497547478303,reuse_pack_k3,2,3047424
0,0.6172039000011864,case_080,5,100325,100325,292138,2.9119162721156244,113455,2.574923978669957,reuse_pack_k3,1,3047424
0,2.468657899997197,case_081,2,76860,76860,151795,1.9749544626593807,76860,1.9749544626593807,component_baseline,1,0
0,1.9335320000027423,case_081,3,51943,51943,151795,2.9223379473653814,51943,2.9223379473653814,component_baseline,1,0
0,1.81474739999976,case_081,4,39588,39588,151795,3.834369000707285,39588,3.834369000707285,component_baseline,1,0
0,1.6703111000024364,case_081,5,30943,30943,151795,4.905632937982743,30943,4.905632937982743,component_baseline,1,0
0,3.7728375000006054,case_082,2,381109,381109,721041,1.8919547950848707,721041,1.0,valley_w2,3,1291290
0,3.743706300003396,case_082,3,270408,270613,721041,2.666492855240969,721041,1.0,greedy_schedule,3,1897770
0,3.682570199998736,case_082,4,216662,218159,721041,3.3279532174539144,721041,1.0,greedy_schedule,3,1693882
0,3.7065342999994755,case_082,5,206645,207263,721041,3.4892738754869463,721041,1.0,greedy_schedule,3,2687818
0,3.9931607999969856,case_083,2,519948,644672,1057993,2.034805403617285,644672,1.6411337858631987,data_band_w2,2,16135776
0,5.467251900001429,case_083,3,424902,512623,1057993,2.4899694517794693,512623,2.0638812538649263,data_band_w2,3,17066176
0,4.525390299997525,case_083,4,400514,450029,1057993,2.6415880593437433,450029,2.350944050272316,data_band_w2,3,17996576
0,3.8165690999958315,case_083,5,347213,442480,1057993,3.0471007709964777,442480,2.3910527029470257,data_band_w3,3,15514496
0,33.151377199996205,case_084,2,1255052,1255052,2507412,1.9978550689533183,1255052,1.9978550689533183,component_baseline,2,0
0,36.65149800000654,case_084,3,836220,836220,2507412,2.998507569778288,836220,2.998507569778288,component_baseline,3,0
0,21.317659399996046,case_084,4,629028,629028,2507412,3.986169137144928,629028,3.986169137144928,component_baseline,2,0
0,17.31821879999916,case_084,5,503472,503472,2507412,4.98024120507198,503472,4.98024120507198,component_baseline,2,0
0,16.07908710000629,case_085,2,1649858,1650478,3187899,1.9322262885654402,3187899,1.0,greedy_schedule,2,4875082
0,14.242118699999992,case_085,3,1188808,1188808,3187899,2.681592822390159,3187899,1.0,valley_w6,2,7265394
0,14.196932499995455,case_085,4,891725,892850,3187899,3.5749799545824104,3187899,1.0,greedy_schedule,2,6393754
0,14.369676100002835,case_085,5,799811,814800,3187899,3.985815398887987,3187899,1.0,greedy_schedule,2,9685570
0,4.21433529999922,case_086,2,76068,76068,118403,1.556541515486144,118403,1.0,valley_w2,2,902522
0,3.157327200002328,case_086,3,58291,60293,118403,2.0312398140364722,118403,1.0,greedy_schedule,2,1300650
0,1.7936581000030856,case_086,4,49131,49131,118403,2.4099448413425333,118403,1.0,valley_w4,1,1191514
0,4.332825600002252,case_086,5,51776,52519,118403,2.28683173671199,118403,1.0,greedy_schedule,3,1808714
0,290.3337434999994,case_087,2,1985234,1985234,3974071,2.0018148994022873,1985234,2.0018148994022873,component_baseline,3,9999360
0,299.4704944999976,case_087,3,1385253,1385253,3974071,2.8688412874760063,1385253,2.8688412874760063,component_baseline,3,10722816
0,246.07180060000246,case_087,4,1069661,1069661,3974071,3.715262125103187,1069661,3.715262125103187,component_baseline,3,11796480
0,229.73630779999803,case_087,5,888504,888504,3974071,4.472766582930409,888504,4.472766582930409,component_baseline,3,11773440
0,2.1030481999987387,case_088,2,146889,148590,243623,1.658551695497961,202290,1.2043254733303672,greedy_schedule,2,1265738
0,3.006045499998436,case_088,3,117618,120388,243623,2.071307112856876,202428,1.2035044559053096,greedy_schedule,3,1740380
0,3.2525749999986147,case_088,4,104484,104492,243623,2.331677577428123,202670,1.2020674002072333,greedy_schedule,3,2142060
0,2.97357799999736,case_088,5,99239,100511,243623,2.454911879402251,202791,1.2013501585376076,greedy_schedule,3,2205234
0,5.690163300001586,case_089,2,344500,346832,693092,2.011878084179971,346832,1.998350786547954,valley_w2,3,1426560
0,5.007391200000711,case_089,3,243614,243614,693092,2.8450417463692563,243614,2.8450417463692563,component_baseline,3,477440
0,3.0250700999968103,case_089,4,178160,178160,693092,3.8902784014369107,178160,3.8902784014369107,component_baseline,2,716160
0,4.174556999998458,case_089,5,147432,147432,693092,4.701096098540344,147432,4.701096098540344,component_baseline,3,954880
0,1.9742379000017536,case_090,2,518935,697210,1178363,2.2707333288369447,769224,1.5318853805913493,data_band_w2,3,4539648
0,1.5719938999973238,case_090,3,405128,633807,1178363,2.908619004364053,657430,1.7923778957455547,data_band_w2,3,6688128
0,2.1048993000003975,case_090,4,366328,544126,1178363,3.21668832303291,608275,1.9372208293945994,data_band_w2,4,8836608
0,1.8444690000033006,case_090,5,353945,529948,1178363,3.3292262922205427,542638,2.171545302761694,data_band_w3,4,10448448
0,754.0141788000037,case_091,2,4590046,4590046,9186769,2.0014546695174733,4590046,2.0014546695174733,component_baseline,1,57827296
0,700.5422012999989,case_091,3,3070809,3070809,9186769,2.9916445470884057,3070809,2.9916445470884057,component_baseline,1,63099200
0,1363.6400127000015,case_091,4,2315529,2315529,9186769,3.967460135459327,2315529,3.967460135459327,component_baseline,3,67391136
0,1301.001396599997,case_091,5,1874503,1874503,9186769,4.900909200998878,1874503,4.900909200998878,component_baseline,3,71279104
0,66.7683795999983,case_092,2,2374914,2828252,4815554,2.0276751073933625,2828252,1.702660866146298,data_band_w2,2,71498336
0,45.23385850000341,case_092,3,1815473,2231804,4815554,2.652506536863947,2231804,2.157695747476033,data_band_w2,2,71511232
0,70.96309900000051,case_092,4,1580222,1927728,4815554,3.047390809645733,1927728,2.4980464048869964,data_band_w2,3,72441632
0,80.12913780000235,case_092,5,1278737,1661234,4815554,3.7658674144878894,1661234,2.89878126741928,data_band_w3,3,57740672
0,0.3936409000016283,case_093,2,37827,37827,74205,1.9616940280751844,37827,1.9616940280751844,component_baseline,1,8192
0,0.37206049999804236,case_093,3,25103,25103,74205,2.956021192686133,25103,2.956021192686133,component_baseline,1,16384
0,0.4865429999990738,case_093,4,19779,19779,74205,3.751706355225239,19779,3.751706355225239,component_baseline,2,24576
0,0.4122136000005412,case_093,5,15876,15876,74205,4.674036281179139,15876,4.674036281179139,component_baseline,1,32768
0,0.6199226999960956,case_094,2,53614,53614,94892,1.7699108441824896,53614,1.7699108441824896,component_baseline,3,106272
0,0.6341552000012598,case_094,3,39889,39889,94892,2.37890145152799,39889,2.37890145152799,component_baseline,3,212544
0,0.6464255999962916,case_094,4,30709,30709,94892,3.090038750854798,30709,3.090038750854798,component_baseline,3,318816
0,0.7000536000050488,case_094,5,25530,25530,94892,3.716882099490795,25530,3.716882099490795,component_baseline,3,259200
0,5.765766700002132,case_095,2,1042890,1042890,2084853,1.9991111238960964,1042890,1.9991111238960964,component_baseline,2,0
0,5.954723599999852,case_095,3,695775,695775,2084853,2.9964471273040854,695775,2.9964471273040854,component_baseline,2,0
0,4.503473500000837,case_095,4,524422,524422,2084853,3.9755254356224565,524422,3.9755254356224565,component_baseline,2,0
0,3.858645300002536,case_095,5,420852,420852,2084853,4.953886401870491,420852,4.953886401870491,component_baseline,2,0
0,0.827128899996751,case_096,2,47175,47175,84194,1.7847164811870695,47175,1.7847164811870695,component_baseline,2,67392
0,1.0584359999993467,case_096,3,33662,33662,84194,2.5011585764363375,33662,2.5011585764363375,component_baseline,3,67392
0,1.037946499993268,case_096,4,26984,26984,84194,3.120145271271865,26984,3.120145271271865,component_baseline,3,78336
0,0.8486281000004965,case_096,5,27053,27053,84194,3.112187188112224,27053,3.112187188112224,component_baseline,2,134784
0,17.461418500002765,case_097,2,5617602,5617602,11491509,2.045625339780212,5617602,2.045625339780212,component_baseline,2,11796480
0,29.69378589999542,case_097,3,3660459,3660459,11491509,3.1393628503966307,3660459,3.1393628503966307,component_baseline,2,16031744
0,5.186008899996523,case_097,4,2626908,2626908,11491509,4.37453805005733,2626908,4.37453805005733,component_baseline,1,14221312
0,14.33834940000088,case_097,5,2102348,2102348,11491509,5.466035594487687,2102348,5.466035594487687,component_baseline,1,21311488
0,0.6903978999980609,case_098,2,89756,89756,177430,1.9768037791345425,89756,1.9768037791345425,component_baseline,1,0
0,1.319281600000977,case_098,3,89756,98125,177430,1.9768037791345425,89825,1.9752852769273588,reuse_pack_k2,3,0
0,1.2997056000021985,case_098,4,89756,91047,177430,1.9768037791345425,89894,1.973769105835762,reuse_pack_k2,3,0
0,1.241258599999128,case_098,5,83535,86044,177430,2.1240198719099777,90168,1.9677712714044895,greedy_coarsen,3,1487074
0,11.550286500001675,case_099,2,811392,811392,1622999,2.0002649767313456,811392,2.0002649767313456,component_baseline,1,7303168
0,10.843036300000676,case_099,3,539533,539533,1622999,3.008155200886693,539533,3.008155200886693,component_baseline,1,8011776
0,10.286226399999578,case_099,4,406807,406807,1622999,3.989604407003813,406807,3.989604407003813,component_baseline,1,9322496
0,10.943753400002606,case_099,5,337221,337221,1622999,4.81286456062938,337221,4.81286456062938,component_baseline,1,10698752
0,2.077009900000121,case_100,2,83633,90243,151223,1.8081738069900637,90243,1.6757310816351407,greedy_schedule,5,41024
0,1.1626971000005142,case_100,3,57811,57811,151223,2.6158170590372074,57811,2.6158170590372074,component_baseline,2,72192
0,1.5862934999968274,case_100,4,57811,77006,151223,2.6158170590372074,58086,2.603432840959956,reuse_pack_k3,3,72192
0,1.5189654999994673,case_100,5,57811,58085,151223,2.6158170590372074,58085,2.603477662047,reuse_pack_k3,3,72192
