case,cores,A_speedup,A_makespan_cycles,A_added_copy_bytes,A_spill_added_copy_bytes,B_speedup,B_makespan_cycles,B_added_copy_bytes,B_spill_added_copy_bytes
case_001,2,1.9946435294520313,116868.0,1152.0,0.0,1.9946435294520313,116868.0,1152.0,0.0
case_001,3,2.9678528232223567,78545.0,2304.0,0.0,2.9678528232223567,78545.0,2304.0,0.0
case_001,4,3.952088702020887,58984.0,3456.0,0.0,3.952088702020887,58984.0,3456.0,0.0
case_001,5,4.9073723211654245,47502.0,4608.0,0.0,4.9073723211654245,47502.0,4608.0,0.0
case_002,2,1.9718092513831909,132845.0,56832.0,0.0,2.0480133227001924,127902.0,681984.0,267264.0
case_002,3,2.918672282390694,89748.0,56832.0,0.0,3.0274259165087143,86524.0,479232.0,0.0
case_002,4,3.811162357597009,68731.0,56832.0,0.0,3.646430758950944,71836.0,615936.0,0.0
case_002,5,4.570508793969849,57312.0,1714176.0,0.0,4.176086090075727,62725.0,662016.0,0.0
case_003,2,1.7880456889717606,336799.0,1965240.0,0.0,1.8984348155036805,317215.0,1059210.0,0.0
case_003,3,2.489755081115944,241876.0,3010640.0,0.0,2.7661963032374235,217704.0,2458894.0,0.0
case_003,4,2.877487051088473,209284.0,3196140.0,0.0,3.3404260039937874,180280.0,2854806.0,0.0
case_003,5,3.359676870463662,179247.0,4404992.0,0.0,3.81801697848842,157729.0,4863512.0,0.0
case_004,2,1.9709103147573264,199074.0,110592.0,0.0,1.9709103147573264,199074.0,110592.0,0.0
case_004,3,2.927098020784375,134043.0,221184.0,0.0,2.927098020784375,134043.0,221184.0,0.0
case_004,4,3.765855952700887,104188.0,331776.0,0.0,3.765855952700887,104188.0,331776.0,0.0
case_004,5,4.441391879195391,88341.0,442368.0,0.0,4.441391879195391,88341.0,442368.0,0.0
case_005,2,1.6111953627877196,59346.0,712540.0,0.0,1.82139931805627,52497.0,324774.0,0.0
case_005,3,1.991377874041986,48016.0,1050090.0,0.0,2.367192335305622,40393.0,900684.0,0.0
case_005,4,2.2398219723588664,42690.0,1122676.0,0.0,2.7483544594866487,34791.0,948786.0,0.0
case_005,5,2.3907488436054507,39995.0,1323714.0,0.0,1.7350390128833242,55110.0,1426582.0,0.0
case_006,2,1.7968980477223426,46100.0,29576.0,12296.0,1.7968980477223426,46100.0,29576.0,12296.0
case_006,3,2.4389647862442585,33964.0,797604.0,0.0,2.6590376528745225,31153.0,30080.0,0.0
case_006,4,2.8094624385280653,29485.0,864038.0,0.0,3.369275197266737,24586.0,637248.0,0.0
case_006,5,3.0508618149675897,27152.0,858920.0,0.0,3.758655111393439,22039.0,483828.0,0.0
case_007,2,1.9952196479170197,507494.0,27648.0,0.0,1.9952196479170197,507494.0,27648.0,0.0
case_007,3,2.994912657426633,338094.0,55296.0,0.0,2.994912657426633,338094.0,55296.0,0.0
case_007,4,3.980227831979811,254398.0,82944.0,0.0,3.980227831979811,254398.0,82944.0,0.0
case_007,5,4.967581463347626,203834.0,110592.0,0.0,4.967581463347626,203834.0,110592.0,0.0
case_008,2,1.9962049568912579,244266.0,0.0,0.0,1.9962049568912579,244266.0,0.0,0.0
case_008,3,2.984867684057811,163359.0,0.0,0.0,2.984867684057811,163359.0,0.0,0.0
case_008,4,3.962335446123842,123060.0,0.0,0.0,3.962335446123842,123060.0,0.0,0.0
case_008,5,4.846823653370178,100603.0,0.0,0.0,4.846823653370178,100603.0,0.0,0.0
case_009,2,1.5922889913975813,96252.0,691132.0,0.0,1.6876548511776948,90813.0,515502.0,0.0
case_009,3,2.1463322409881522,71406.0,647448.0,0.0,2.0758072380539603,73832.0,1008868.0,0.0
case_009,4,2.643479310761164,57977.0,702550.0,0.0,2.293811269924418,66815.0,1027874.0,0.0
case_009,5,2.9473269230769232,52000.0,777248.0,0.0,2.503651065915217,61215.0,1109614.0,0.0
case_010,2,1.8426025975126592,47199.0,575046.0,0.0,1.9242632091335516,45196.0,206328.0,0.0
case_010,3,2.4996838353644515,34792.0,627528.0,0.0,2.4988937735252708,34803.0,341144.0,0.0
case_010,4,2.6478611660831177,32845.0,853738.0,0.0,3.4548524212449845,25173.0,365144.0,0.0
case_010,5,3.038536789881909,28622.0,716874.0,0.0,3.6829423223511477,23614.0,418324.0,0.0
case_011,2,1.9935777043801135,92646.0,180224.0,0.0,1.9935777043801135,92646.0,180224.0,0.0
case_011,3,2.4247361235099514,76172.0,2502656.0,0.0,2.6527396768402154,69625.0,1081344.0,0.0
case_011,4,3.9397824232081913,46880.0,540672.0,0.0,3.9397824232081913,46880.0,540672.0,0.0
case_011,5,3.905872649988369,47287.0,1622016.0,0.0,3.905872649988369,47287.0,1622016.0,0.0
case_012,2,1.9634478633614674,30094.0,28800.0,0.0,1.9634478633614674,30094.0,28800.0,0.0
case_012,3,2.6988215949575225,21894.0,20160.0,0.0,2.6988215949575225,21894.0,20160.0,0.0
case_012,4,3.42817359016013,17236.0,39168.0,0.0,3.42817359016013,17236.0,39168.0,0.0
case_012,5,4.132027972027972,14300.0,49536.0,0.0,4.132027972027972,14300.0,49536.0,0.0
case_013,2,1.9966187083011846,132198.0,8192.0,0.0,1.9966187083011846,132198.0,8192.0,0.0
case_013,3,2.98750438591527,88351.0,16384.0,0.0,2.98750438591527,88351.0,16384.0,0.0
case_013,4,3.9405959810098237,66982.0,24576.0,0.0,3.9405959810098237,66982.0,24576.0,0.0
case_013,5,4.855305998565201,54363.0,32768.0,0.0,4.855305998565201,54363.0,32768.0,0.0
case_014,2,1.990404605321608,8891974.0,71575992.0,61682784.0,1.990404605321608,8891974.0,71575992.0,61682784.0
case_014,3,2.9593236968935726,5980632.0,77640360.0,59581944.0,2.9593236968935726,5980632.0,77640360.0,59581944.0
case_014,4,3.9098642266041628,4526660.0,82469784.0,52790160.0,3.9098642266041628,4526660.0,82469784.0,52790160.0
case_014,5,4.790351969339367,3694640.0,87765000.0,55180632.0,4.790351969339367,3694640.0,87765000.0,55180632.0
case_015,2,1.9192736795403145,92411.0,224536.0,114712.0,1.9192736795403145,92411.0,224536.0,114712.0
case_015,3,2.916802341835644,60807.0,306448.0,98320.0,2.916802341835644,60807.0,306448.0,98320.0
case_015,4,3.320080118305535,53421.0,263936.0,32768.0,3.320080118305535,53421.0,263936.0,32768.0
case_015,5,4.083200957708866,43437.0,321536.0,8192.0,4.083200957708866,43437.0,321536.0,8192.0
case_016,2,1.1500751560061007,6708712.0,79041864.0,0.0,1.6165987350108084,4772689.0,119946716.0,119936960.0
case_016,3,1.1433126375420044,6748393.0,59379864.0,0.0,2.6750015428321405,2884306.0,4872.0,0.0
case_016,4,1.1272008510921785,6844852.0,47582664.0,0.0,3.217596536991511,2397915.0,17068.0,0.0
case_016,5,1.1022926848015215,6999523.0,38931372.0,0.0,3.22415937257891,2393034.0,19504.0,0.0
case_017,2,1.8568658759124088,87680.0,87552.0,0.0,1.8568658759124088,87680.0,87552.0,0.0
case_017,3,2.7793236484064257,58579.0,175104.0,0.0,2.7793236484064257,58579.0,175104.0,0.0
case_017,4,3.841308040770102,42384.0,259200.0,0.0,3.841308040770102,42384.0,259200.0,0.0
case_017,5,4.586713995943205,35496.0,340992.0,0.0,4.586713995943205,35496.0,340992.0,0.0
case_018,2,2.0003126836020355,502105.0,3191808.0,1892352.0,1.9874720242842074,505349.0,3044352.0,1597440.0
case_018,3,2.969110656513102,338272.0,3867008.0,1392640.0,2.969110656513102,338272.0,3867008.0,1392640.0
case_018,4,3.89088958017766,258133.0,4853504.0,1204224.0,3.89088958017766,258133.0,4853504.0,1204224.0
case_018,5,4.926627915532338,203865.0,5693440.0,1064960.0,4.926627915532338,203865.0,5693440.0,1064960.0
case_019,2,1.8772903942254304,43224.0,27168.0,0.0,1.8772903942254304,43224.0,27168.0,0.0
case_019,3,2.7864427732564128,29121.0,24576.0,0.0,2.7864427732564128,29121.0,24576.0,0.0
case_019,4,2.906824288017195,27915.0,117320.0,0.0,3.3671106684924688,24099.0,51744.0,0.0
case_019,5,3.349182763744428,24228.0,97356.0,0.0,3.357358599859324,24169.0,73728.0,0.0
case_020,2,1.9984469952734638,266580.0,0.0,0.0,1.9984469952734638,266580.0,0.0,0.0
case_020,3,2.993796010115201,177950.0,0.0,0.0,2.993796010115201,177950.0,0.0,0.0
case_020,4,3.984518039849219,133704.0,0.0,0.0,3.984518039849219,133704.0,0.0,0.0
case_020,5,4.948871342313051,107650.0,0.0,0.0,4.948871342313051,107650.0,0.0,0.0
case_021,2,2.0559690349561914,3194570.0,3174400.0,1638400.0,2.0559690349561914,3194570.0,3174400.0,1638400.0
case_021,3,3.063369160046716,2144024.0,7766016.0,3055616.0,3.047336709809846,2155304.0,8882176.0,4761600.0
case_021,4,4.236493145948847,1550324.0,4608000.0,0.0,4.236493145948847,1550324.0,4608000.0,0.0
case_021,5,5.253643510312214,1250168.0,11431936.0,2011136.0,5.253643510312214,1250168.0,11431936.0,2011136.0
case_022,2,2.004023576747962,28333.0,6912.0,0.0,2.004023576747962,28333.0,6912.0,0.0
case_022,3,2.968423253868674,19128.0,13824.0,0.0,2.968423253868674,19128.0,13824.0,0.0
case_022,4,3.874709976798144,14654.0,13824.0,0.0,3.874709976798144,14654.0,13824.0,0.0
case_022,5,4.800473452823808,11828.0,20736.0,0.0,4.800473452823808,11828.0,20736.0,0.0
case_023,2,2.0026132261910594,61227.0,84384.0,0.0,2.0026132261910594,61227.0,84384.0,0.0
case_023,3,2.943065623349815,41662.0,196896.0,0.0,2.943065623349815,41662.0,196896.0,0.0
case_023,4,3.890161489894984,31519.0,281280.0,0.0,3.890161489894984,31519.0,281280.0,0.0
case_023,5,4.867373268230717,25191.0,280992.0,0.0,4.867373268230717,25191.0,280992.0,0.0
case_024,2,1.6959663321205427,1506718.0,39327048.0,0.0,1.6138807960069548,1583353.0,39720044.0,39716816.0
case_024,3,1.3319185444371067,1918543.0,38931176.0,0.0,2.6732493351773314,955894.0,1608.0,0.0
case_024,4,1.3876926285126856,1841433.0,38931274.0,0.0,3.2073328237433776,796719.0,5644.0,0.0
case_024,5,1.3892694293560255,1839343.0,38931372.0,0.0,3.2138555807934077,795102.0,6448.0,0.0
case_025,2,1.9997310678334101,2431840.0,27648.0,0.0,1.9997310678334101,2431840.0,27648.0,0.0
case_025,3,2.9978633479722148,1622164.0,55296.0,0.0,2.9978633479722148,1622164.0,55296.0,0.0
case_025,4,3.9944555971362954,1217444.0,82944.0,0.0,3.9944555971362954,1217444.0,82944.0,0.0
case_025,5,4.986276789687495,975282.0,110592.0,0.0,4.986276789687495,975282.0,110592.0,0.0
case_026,2,1.707100082599119,58112.0,288.0,0.0,1.707100082599119,58112.0,288.0,0.0
case_026,3,2.3815388308726444,41655.0,95664.0,0.0,2.3815388308726444,41655.0,95664.0,0.0
case_026,4,2.3493345332259743,42226.0,170832.0,0.0,2.3493345332259743,42226.0,170832.0,0.0
case_026,5,2.2487872330779344,44114.0,211680.0,0.0,2.2487872330779344,44114.0,211680.0,0.0
case_027,2,2.10886006840553,1120962.0,1744896.0,638976.0,2.10886006840553,1120962.0,1744896.0,638976.0
case_027,3,2.6920296539236785,878130.0,15302656.0,0.0,2.8241500796249683,837049.0,3686400.0,0.0
case_027,4,4.227412213249022,559196.0,3317760.0,0.0,4.227412213249022,559196.0,3317760.0,0.0
case_027,5,3.702375582619155,638496.0,22044672.0,0.0,4.230763861670542,558753.0,5529600.0,0.0
case_028,2,1.8544240384848054,23638628.0,277473600.0,275325120.0,2.1277264746915767,20602291.0,41688192.0,39447552.0
case_028,3,2.613845054034978,16770711.0,277369056.0,273072096.0,3.227301312726213,13582878.0,27152640.0,22855680.0
case_028,4,3.462812128552399,12659087.0,371649024.0,0.0,4.237834773512029,10343971.0,23009664.0,16564224.0
case_028,5,3.814803453300769,11491035.0,277818912.0,269224992.0,5.317997418403098,8242960.0,21778944.0,13185024.0
case_029,2,1.9024822695035462,19740.0,0.0,0.0,1.9024822695035462,19740.0,0.0,0.0
case_029,3,2.9471082162756024,12743.0,0.0,0.0,2.9471082162756024,12743.0,0.0,0.0
case_029,4,3.405422560754443,11028.0,0.0,0.0,3.405422560754443,11028.0,0.0,0.0
case_029,5,4.002451241607162,9383.0,0.0,0.0,4.002451241607162,9383.0,0.0,0.0
case_030,2,2.003701951516423,1401423.0,6940672.0,4989952.0,2.003701951516423,1401423.0,6940672.0,4989952.0
case_030,3,3.0065601749094455,933969.0,9071616.0,5170176.0,3.0065601749094455,933969.0,9071616.0,5170176.0
case_030,4,4.0138223619228945,699591.0,8632320.0,3377152.0,3.9624838602705124,708655.0,6354536.0,1826816.0
case_030,5,5.0036957048568045,561192.0,11644416.0,3974656.0,5.0036957048568045,561192.0,11644416.0,3974656.0
case_031,2,1.923408740115184,735345.0,5564928.0,3833856.0,1.923408740115184,735345.0,5564928.0,3833856.0
case_031,3,2.9080522161430866,486363.0,5018112.0,2231808.0,2.9080522161430866,486363.0,5018112.0,2231808.0
case_031,4,3.5519239172471986,398198.0,7971840.0,2913792.0,3.5519239172471986,398198.0,7971840.0,2913792.0
case_031,5,4.590095250458403,308135.0,8217600.0,1496064.0,4.590095250458403,308135.0,8217600.0,1496064.0
case_032,2,1.8941042047531993,21880.0,6216.0,0.0,1.8941042047531993,21880.0,6216.0,0.0
case_032,3,2.690754447474354,15402.0,12360.0,0.0,2.690754447474354,15402.0,12360.0,0.0
case_032,4,2.9033907804399606,14274.0,12360.0,0.0,2.9033907804399606,14274.0,12360.0,0.0
case_032,5,3.9791646663466156,10415.0,12360.0,0.0,3.9791646663466156,10415.0,12360.0,0.0
case_033,2,1.975976825488399,897883.0,6229536.0,4170240.0,1.894504621482633,936496.0,7731434.0,5157888.0
case_033,3,2.9364285454202403,604202.0,7803456.0,3684864.0,2.8461317578135654,623371.0,6634254.0,2472448.0
case_033,4,3.853144939559652,460454.0,7531104.0,1684992.0,3.6802937271822103,482080.0,9210708.0,2103808.0
case_033,5,4.708663089115007,376794.0,8297088.0,1290240.0,4.889531935533655,362856.0,8163996.0,1402880.0
case_034,2,2.016114644045259,418129.0,1648128.0,581632.0,2.016114644045259,418129.0,1648128.0,581632.0
case_034,3,2.9838982000955703,282515.0,2638336.0,201216.0,2.9838982000955703,282515.0,2638336.0,201216.0
case_034,4,3.955647734524569,213112.0,3176960.0,57344.0,3.955647734524569,213112.0,3176960.0,57344.0
case_034,5,4.733379750247058,178096.0,3536896.0,49152.0,4.733379750247058,178096.0,3536896.0,49152.0
case_035,2,1.7773620107750037,95406.0,0.0,0.0,1.7773620107750037,95406.0,0.0,0.0
case_035,3,1.756047802493683,96564.0,894876.0,0.0,1.8407620495006514,92120.0,1214380.0,0.0
case_035,4,2.4974373324692922,67898.0,583578.0,0.0,2.268963671639794,74735.0,1211328.0,0.0
case_035,5,2.729073790939084,62135.0,968258.0,0.0,2.2717298108354322,74644.0,1568002.0,0.0
case_036,2,1.998656848356892,466068.0,1152.0,0.0,1.998656848356892,466068.0,1152.0,0.0
case_036,3,2.991890025534375,311345.0,2304.0,0.0,2.991890025534375,311345.0,2304.0,0.0
case_036,4,3.987901568600589,233584.0,3456.0,0.0,3.987901568600589,233584.0,3456.0,0.0
case_036,5,4.976493466252097,187182.0,4608.0,0.0,4.976493466252097,187182.0,4608.0,0.0
case_037,2,1.992910964754114,105374.0,204800.0,0.0,1.992910964754114,105374.0,204800.0,0.0
case_037,3,2.836394824279424,74038.0,1064960.0,0.0,2.836394824279424,74038.0,1064960.0,0.0
case_037,4,3.938503375843961,53320.0,614400.0,0.0,3.8198668509895226,54976.0,532480.0,0.0
case_037,5,4.794543378995434,43800.0,1925120.0,0.0,4.678124303853865,44890.0,655360.0,0.0
case_038,2,1.996542587046187,683459.0,6094848.0,4240896.0,1.996542587046187,683459.0,6094848.0,4240896.0
case_038,3,2.9530964603225445,462076.0,7942656.0,3323904.0,2.9530964603225445,462076.0,7942656.0,3323904.0
case_038,4,3.9394512416926974,346382.0,8761344.0,2565120.0,3.91758896401246,348315.0,8252564.0,2232320.0
case_038,5,4.857467811006019,280919.0,9070080.0,1477632.0,4.6748145737337055,291895.0,9579520.0,847872.0
case_039,2,2.025601183243221,708561.0,11067392.0,6864896.0,2.0139788114782853,712650.0,8159232.0,6922240.0
case_039,3,2.9558596686334475,485565.0,14323712.0,5918720.0,2.524545181109647,568523.0,15192064.0,5976064.0
case_039,4,3.6306058590064327,395323.0,17604608.0,4997120.0,3.902522717508932,367778.0,12492800.0,6103040.0
case_039,5,3.3288307615948565,431161.0,20480000.0,3670016.0,3.3288307615948565,431161.0,20480000.0,3670016.0
case_040,2,1.7597672658598735,144027.0,12288.0,0.0,1.7597672658598735,144027.0,12288.0,0.0
case_040,3,2.301929975932065,110105.0,0.0,0.0,2.301929975932065,110105.0,0.0,0.0
case_040,4,2.2999038129979494,110202.0,53760.0,0.0,2.2999038129979494,110202.0,53760.0,0.0
case_040,5,2.2970898248094476,110337.0,66048.0,0.0,2.2970898248094476,110337.0,66048.0,0.0
case_041,2,1.9993303327623457,3002984.0,30557184.0,25847808.0,1.9729914464753229,3043073.0,23538096.0,21516288.0
case_041,3,3.0044045566795186,1998385.0,34762752.0,24975360.0,3.0039145229100157,1998711.0,34737276.0,24736768.0
case_041,4,3.999204016817559,1501288.0,34759680.0,21055488.0,3.9269936306898976,1528894.0,24485928.0,16074752.0
case_041,5,4.948619379703756,1213259.0,38200320.0,19897344.0,4.967214823651855,1208717.0,39054488.0,20263936.0
case_042,2,1.9854815034542346,849537.0,6469920.0,4417536.0,1.9854815034542346,849537.0,6469920.0,4417536.0
case_042,3,2.97075809158813,567781.0,8368416.0,4263936.0,2.97075809158813,567781.0,8368416.0,4263936.0
case_042,4,3.7945455404405233,444517.0,8168736.0,2626560.0,3.7945455404405233,444517.0,8168736.0,2626560.0
case_042,5,4.656081442917635,362266.0,10073088.0,2171904.0,4.656081442917635,362266.0,10073088.0,2171904.0
case_043,2,1.918743293023045,353177.0,385024.0,16384.0,1.918743293023045,353177.0,385024.0,16384.0
case_043,3,2.521257399256633,268777.0,279560.0,49160.0,2.521257399256633,268777.0,279560.0,49160.0
case_043,4,2.892010925230454,234320.0,6799890.0,33792.0,2.517351798331315,269194.0,648200.0,49160.0
case_043,5,3.142854492667588,215618.0,6880736.0,33792.0,2.5134489562779105,269612.0,1155080.0,49160.0
case_044,2,1.1777354029213225,131105.0,4672992.0,3742592.0,3.2492371793522863,47521.0,930400.0,0.0
case_044,3,1.1777354029213225,131105.0,4672992.0,3742592.0,2.7737120068980383,55668.0,1860800.0,0.0
case_044,4,1.1777354029213225,131105.0,4672992.0,3742592.0,2.265194748037849,68165.0,2791200.0,0.0
case_044,5,1.1777354029213225,131105.0,4672992.0,3742592.0,1.855028412845249,83237.0,3721600.0,0.0
case_045,2,1.99200748505368,63059.0,0.0,0.0,1.99200748505368,63059.0,0.0,0.0
case_045,3,2.94861622966597,42601.0,0.0,0.0,2.94861622966597,42601.0,0.0,0.0
case_045,4,3.940460505677897,31878.0,0.0,0.0,3.940460505677897,31878.0,0.0,0.0
case_045,5,4.801024308209754,26164.0,0.0,0.0,4.801024308209754,26164.0,0.0,0.0
case_046,2,1.6596129140702853,166578.0,3521632.0,2591232.0,2.460527252661184,112356.0,930400.0,0.0
case_046,3,1.9444561670042764,142176.0,4021280.0,2160480.0,3.2701088242252188,84540.0,1860800.0,0.0
case_046,4,2.218526305652746,124612.0,4513952.0,1722752.0,3.4484457638958186,80168.0,2791200.0,0.0
case_046,5,2.218526305652746,124612.0,4513952.0,1722752.0,2.8998269261026905,95335.0,3721600.0,0.0
case_047,2,1.615832294079221,202068.0,1097622.0,0.0,1.854147737597674,176096.0,494022.0,0.0
case_047,3,2.10922480620155,154800.0,1594560.0,0.0,2.550365556458164,128024.0,1353740.0,0.0
case_047,4,2.694805301992374,121162.0,1482538.0,0.0,3.134226061915047,104175.0,1170770.0,0.0
case_047,5,2.7190646313738225,120081.0,2257428.0,0.0,3.4457765207480264,94756.0,2385816.0,0.0
case_048,2,1.620707008088219,137113.0,805802.0,0.0,1.4946092641292432,148681.0,424582.0,0.0
case_048,3,1.8215948586792576,121992.0,723464.0,0.0,1.707703184556744,130128.0,638220.0,0.0
case_048,4,1.9860399853428783,111891.0,925012.0,0.0,1.7521781983047506,126825.0,415310.0,0.0
case_048,5,1.9715036019731005,112716.0,717046.0,0.0,1.7451055843064576,127339.0,415760.0,0.0
case_049,2,1.3997618045799132,140221.0,1426960.0,0.0,1.4845551084621669,132212.0,795798.0,0.0
case_049,3,1.6165845783847004,121414.0,788740.0,0.0,1.6956889848812096,115750.0,1226378.0,0.0
case_049,4,1.9415773906678142,101091.0,846224.0,0.0,1.9191004644341236,102275.0,1531118.0,0.0
case_049,5,1.777186215389073,110442.0,1570238.0,0.0,2.008000245531832,97747.0,1726740.0,0.0
case_050,2,1.779545157340371,84117.0,720726.0,0.0,1.9856472023983234,75386.0,597958.0,0.0
case_050,3,2.0196173669014272,74118.0,1257138.0,0.0,2.4773678897108717,60423.0,919320.0,0.0
case_050,4,3.0272817360001616,49447.0,707666.0,0.0,3.0415523722442344,49215.0,1303162.0,0.0
case_050,5,3.3233426579636784,45042.0,975622.0,0.0,3.1372343546967345,47714.0,1526304.0,0.0
case_051,2,1.6974982888910617,357955.0,9045258.0,0.0,1.6009801467585334,379535.0,9438408.0,9437644.0
case_051,3,2.086476983194951,291222.0,9045304.0,0.0,2.6648831426278328,228013.0,376.0,0.0
case_051,4,2.389338911870645,254308.0,9045350.0,0.0,3.159036319965063,192346.0,1332.0,0.0
case_051,5,2.3935932182024455,253856.0,9045396.0,0.0,3.165372132881158,191961.0,1520.0,0.0
case_052,2,1.9758147588050934,91254.0,102912.0,0.0,1.9758147588050934,91254.0,102912.0,0.0
case_052,3,2.845614810372311,63361.0,181248.0,0.0,2.845614810372311,63361.0,181248.0,0.0
case_052,4,3.778231805703988,47721.0,259584.0,0.0,3.778231805703988,47721.0,259584.0,0.0
case_052,5,3.4894716469905167,51670.0,328704.0,0.0,3.4894716469905167,51670.0,328704.0,0.0
case_053,2,1.900414102453257,774929.0,5959552.0,4924800.0,2.0483246194909115,718971.0,4639598.0,0.0
case_053,3,2.6967035703691224,546106.0,5882944.0,4768320.0,2.6967035703691224,546106.0,5882944.0,4768320.0
case_053,4,2.991853434965626,492232.0,6360992.0,4291488.0,2.991853434965626,492232.0,6360992.0,4291488.0
case_053,5,3.600611231999218,409010.0,8797386.0,0.0,2.829661482651418,520446.0,9600548.0,3831888.0
case_054,2,1.8333468295206603,444570.0,1442752.0,0.0,1.869687494981981,435929.0,661958.0,0.0
case_054,3,2.6180237245561684,311323.0,2153244.0,0.0,2.76118123733832,295182.0,1733776.0,0.0
case_054,4,3.266488724305564,249519.0,2064246.0,0.0,3.517578158717006,231708.0,1766610.0,0.0
case_054,5,4.1031358078140965,198641.0,2566484.0,0.0,4.032989272424986,202096.0,2922392.0,0.0
case_055,2,1.8069916671735295,65764.0,57856.0,0.0,1.8069916671735295,65764.0,57856.0,0.0
case_055,3,2.7201455810653057,43687.0,115712.0,0.0,2.7201455810653057,43687.0,115712.0,0.0
case_055,4,3.788535722255874,31367.0,115712.0,0.0,3.788535722255874,31367.0,115712.0,0.0
case_055,5,4.437287629289422,26781.0,198656.0,0.0,4.437287629289422,26781.0,198656.0,0.0
case_056,2,1.650378244540601,168013.0,2372334.0,0.0,1.4813657296107532,187182.0,1022802.0,0.0
case_056,3,2.338655263734966,118566.0,2182548.0,0.0,1.9171097298754813,144637.0,1371916.0,0.0
case_056,4,1.8987961542675578,146032.0,4613390.0,0.0,2.2907596348465447,121045.0,1936314.0,0.0
case_056,5,3.506252924142989,79083.0,1286732.0,0.0,2.456131803888569,112895.0,2504008.0,0.0
case_057,2,1.7707085680403203,33730.0,288.0,0.0,1.7707085680403203,33730.0,288.0,0.0
case_057,3,2.3653861386138613,25250.0,288.0,0.0,2.3653861386138613,25250.0,288.0,0.0
case_057,4,2.8499308107076393,20957.0,288.0,0.0,2.8499308107076393,20957.0,288.0,0.0
case_057,5,3.6114403192647235,16538.0,27936.0,0.0,3.6114403192647235,16538.0,27936.0,0.0
case_058,2,1.9987166030618373,2271316.0,33431552.0,26808320.0,1.9594104828089858,2316879.0,31506432.0,29216768.0
case_058,3,2.9197494775959574,1554831.0,30400512.0,21209088.0,2.9197494775959574,1554831.0,30400512.0,21209088.0
case_058,4,3.9321284448328697,1154519.0,42622976.0,22753280.0,3.562314173322881,1274373.0,27066368.0,13930496.0
case_058,5,4.517945022934478,1004819.0,32104448.0,13721600.0,4.517945022934478,1004819.0,32104448.0,13721600.0
case_059,2,2.2459587672412393,369318.0,360448.0,0.0,2.2459587672412393,369318.0,360448.0,0.0
case_059,3,3.1157777301975456,266217.0,2998272.0,835584.0,3.1157777301975456,266217.0,2998272.0,835584.0
case_059,4,4.478408992743607,185216.0,1081344.0,0.0,4.478408992743607,185216.0,1081344.0,0.0
case_059,5,5.501140719714555,150782.0,4325376.0,0.0,5.501140719714555,150782.0,4325376.0,0.0
case_060,2,1.8933083672569482,469437.0,2768912.0,1570832.0,1.8933083672569482,469437.0,2768912.0,1570832.0
case_060,3,2.656098523109658,334622.0,3439756.0,1033228.0,2.656098523109658,334622.0,3439756.0,1033228.0
case_060,4,3.8746942885915696,229383.0,3699968.0,146432.0,3.8746942885915696,229383.0,3699968.0,146432.0
case_060,5,4.849562399057139,183272.0,4290944.0,81920.0,4.849562399057139,183272.0,4290944.0,81920.0
case_061,2,1.9641975622789385,39299.0,34560.0,0.0,1.9641975622789385,39299.0,34560.0,0.0
case_061,3,2.7171318948220633,28409.0,43008.0,0.0,2.7171318948220633,28409.0,43008.0,0.0
case_061,4,2.8414562320547745,27166.0,62208.0,0.0,2.8414562320547745,27166.0,62208.0,0.0
case_061,5,3.6342278719397365,21240.0,147464.0,0.0,3.684710487374099,20949.0,157028.0,0.0
case_062,2,1.9930500383277645,1432382.0,453120.0,0.0,1.7566768956611793,1625119.0,16422912.0,7180800.0
case_062,3,2.9800827380598207,957963.0,453120.0,0.0,2.5352710434914663,1126037.0,15585792.0,3941376.0
case_062,4,3.96434626958525,720121.0,453120.0,0.0,3.2245996371941508,885322.0,14976000.0,1124352.0
case_062,5,4.908931930654763,581554.0,453120.0,0.0,5.028241054680276,567755.0,15037440.0,251904.0
case_063,2,1.9876385028048733,538527.0,192000.0,0.0,1.828100983051079,585524.0,5064192.0,1598976.0
case_063,3,2.964177219746837,361111.0,192000.0,0.0,3.0493990353798512,351019.0,4792320.0,15360.0
case_063,4,3.959667067418848,270325.0,6948864.0,0.0,4.056408643388233,263878.0,5203968.0,0.0
case_063,5,4.8543861479086265,220501.0,6948864.0,0.0,2.8671220217766886,373335.0,9785856.0,7096320.0
case_064,2,1.0868156234009894,17589.0,21128.0,0.0,1.38793291221956,13773.0,40166.0,0.0
case_064,3,1.4148471615720524,13511.0,106920.0,0.0,1.7897200636644508,10681.0,65868.0,0.0
case_064,4,1.3890422903647726,13762.0,66058.0,0.0,1.8266602962255136,10465.0,83824.0,0.0
case_064,5,1.7688535208661054,10807.0,104956.0,0.0,1.85736494364555,10292.0,83728.0,0.0
case_065,2,1.970736779560309,26928.0,13968.0,0.0,1.970736779560309,26928.0,13968.0,0.0
case_065,3,2.921442334159097,18165.0,27792.0,0.0,2.921442334159097,18165.0,27792.0,0.0
case_065,4,3.659357330023445,14502.0,41616.0,0.0,3.659357330023445,14502.0,41616.0,0.0
case_065,5,4.365580783152352,12156.0,55584.0,0.0,4.365580783152352,12156.0,55584.0,0.0
case_066,2,1.8487702153732088,194221.0,1503212.0,0.0,1.918764962380301,187136.0,962412.0,0.0
case_066,3,2.450270569047993,146543.0,2060548.0,0.0,2.585097192224622,138900.0,1875416.0,0.0
case_066,4,2.885950811766597,124420.0,2080348.0,0.0,3.2039510667344806,112071.0,2276914.0,0.0
case_066,5,3.3277726805126924,107901.0,2170250.0,0.0,3.7835075444659867,94904.0,2420166.0,0.0
case_067,2,1.9549136661514492,32653531.0,286394624.0,0.0,1.9815408136385741,32214746.0,183980416.0,180258816.0
case_067,3,2.8601877365172164,22318407.0,286373248.0,0.0,2.7586713951631703,23139702.0,179768064.0,172324864.0
case_067,4,3.766388212233327,16948554.0,286394624.0,0.0,3.5350617736138004,18057629.0,177194112.0,166029312.0
case_067,5,4.405194630610341,14490809.0,276070656.0,0.0,4.164231833405766,15329318.0,175668736.0,160782336.0
case_068,2,1.7258973980104957,209801.0,1998586.0,0.0,1.8856855689162235,192023.0,1290782.0,0.0
case_068,3,2.18425576836073,165775.0,2629054.0,0.0,2.682681978144101,134975.0,2190516.0,0.0
case_068,4,2.7873187178618717,129908.0,2916530.0,0.0,2.95358701415229,122595.0,3057330.0,0.0
case_068,5,2.6981140511016894,134203.0,3108894.0,0.0,2.923020415412062,123877.0,3420288.0,0.0
case_069,2,1.6674845812056502,15079.0,166470.0,0.0,1.8297191092999563,13742.0,111846.0,0.0
case_069,3,2.2280903854674348,11285.0,218794.0,0.0,2.119352663519892,11864.0,330444.0,0.0
case_069,4,2.220024721878863,11326.0,271118.0,0.0,2.621351125938282,9592.0,262578.0,0.0
case_069,5,2.75309317858316,9133.0,267954.0,0.0,1.7205419460791023,14614.0,331026.0,0.0
case_070,2,2.0042716787697565,58525.0,129536.0,0.0,2.0042716787697565,58525.0,129536.0,0.0
case_070,3,2.568931911259061,45661.0,259072.0,0.0,2.568931911259061,45661.0,259072.0,0.0
case_070,4,3.228203434610304,36336.0,360960.0,0.0,3.228203434610304,36336.0,360960.0,0.0
case_070,5,4.240167727009832,27664.0,462848.0,0.0,4.240167727009832,27664.0,462848.0,0.0
case_071,2,1.6210264758803872,11671.0,117990.0,0.0,1.6570903039327318,11417.0,80358.0,0.0
case_071,3,1.8720562042351079,10106.0,193450.0,0.0,1.7470680579924278,10829.0,277100.0,0.0
case_071,4,2.342040108937856,8078.0,185678.0,0.0,2.2221047686163966,8514.0,211122.0,0.0
case_071,5,2.4088362617774384,7854.0,233394.0,0.0,1.5890307408029565,11906.0,219474.0,0.0
case_072,2,2.0195727057745,11833111.0,113945376.0,102996424.0,2.0101255609937616,11888724.0,113611640.0,102096168.0
case_072,3,3.007669751507401,7945629.0,114002720.0,94198216.0,3.015053676618089,7926170.0,118470700.0,98032936.0
case_072,4,3.9867228395253265,5994354.0,122293024.0,93632968.0,3.9867228395253265,5994354.0,122293024.0,93632968.0
case_072,5,4.9141039376037146,4863110.0,121488048.0,81879040.0,4.9141039376037146,4863110.0,121488048.0,81879040.0
case_073,2,1.6857713910872192,5980423.0,141121024.0,137399424.0,1.8997182162261776,5306906.0,91712384.0,87990784.0
case_073,3,2.232806013961203,4515227.0,140671616.0,133228416.0,2.318713763003575,4347939.0,93073664.0,85630464.0
case_073,4,2.5825246100773427,3903787.0,140222208.0,129057408.0,2.7693594526782364,3640418.0,94434944.0,83270144.0
case_073,5,2.8661216796516857,3517515.0,139772800.0,124886400.0,3.1267904423725907,3224273.0,95796224.0,80909824.0
case_074,2,2.0452505136715664,822510.0,7077888.0,4792320.0,2.0452505136715664,822510.0,7077888.0,4792320.0
case_074,3,3.0375523190096314,553814.0,7614464.0,3043328.0,3.0375523190096314,553814.0,7614464.0,3043328.0
case_074,4,3.9760971712740614,423088.0,8429568.0,1785856.0,3.9760971712740614,423088.0,8429568.0,1785856.0
case_074,5,4.847364295964177,347042.0,9035776.0,1277952.0,4.123437997892002,407970.0,12185740.0,622592.0
case_075,2,1.8431115127916355,782269.0,2960082.0,0.0,1.9519303926851128,738658.0,1401990.0,0.0
case_075,3,2.3183861766001717,621902.0,4795646.0,0.0,2.576315131155743,559640.0,4018700.0,0.0
case_075,4,3.149822061724592,457743.0,4319402.0,0.0,3.6222989320088335,398037.0,3455122.0,0.0
case_075,5,3.641501952325869,395938.0,6346198.0,0.0,3.902064687590494,369499.0,6786072.0,0.0
case_076,2,2.015046600970072,3069464.0,30744576.0,26670080.0,2.015046600970072,3069464.0,30744576.0,26670080.0
case_076,3,3.0001387265965564,2061609.0,35117056.0,26968064.0,3.0001387265965564,2061609.0,35117056.0,26968064.0
case_076,4,3.9899964842225453,1550155.0,35703808.0,23480320.0,3.9899964842225453,1550155.0,35703808.0,23480320.0
case_076,5,4.995568280942074,1238120.0,37194752.0,20896768.0,4.995568280942074,1238120.0,37194752.0,20896768.0
case_077,2,1.9754721119907472,250735.0,57344.0,0.0,1.9754721119907472,250735.0,57344.0,0.0
case_077,3,2.771191513883372,178739.0,114688.0,0.0,2.771191513883372,178739.0,114688.0,0.0
case_077,4,3.4222781101883455,144734.0,172032.0,0.0,3.4222781101883455,144734.0,172032.0,0.0
case_077,5,4.090815239385205,121081.0,172032.0,0.0,4.090815239385205,121081.0,172032.0,0.0
case_078,2,1.8218180866071385,1260358.0,12535344.0,10386864.0,2.1749133309337525,1055740.0,2148480.0,0.0
case_078,3,2.7898078724544284,823047.0,17398656.0,0.0,2.967137381793559,773858.0,5034240.0,0.0
case_078,4,3.3232931552529656,690924.0,13146912.0,6701472.0,4.117430926149079,557664.0,6445440.0,0.0
case_078,5,4.002131664720339,573730.0,16722816.0,0.0,4.347940442985122,528099.0,9331200.0,0.0
case_079,2,2.010311665708304,15446486.0,31780864.0,28131328.0,2.010311665708304,15446486.0,31780864.0,28131328.0
case_079,3,3.049812447675691,10181692.0,39960576.0,28336128.0,3.049812447675691,10181692.0,39960576.0,28336128.0
case_079,4,4.066760097144647,7635624.0,30445568.0,19496960.0,4.066760097144647,7635624.0,30445568.0,19496960.0
case_079,5,5.110660575354478,6075976.0,47677440.0,24428544.0,5.110660575354478,6075976.0,47677440.0,24428544.0
case_080,2,2.0019598974822856,145926.0,2191360.0,286720.0,1.8674004896414622,156441.0,3076096.0,1613824.0
case_080,3,2.9119162721156244,100325.0,3047424.0,0.0,2.9185198505464647,100098.0,983040.0,0.0
case_080,4,2.8877093094517923,101166.0,3452928.0,0.0,3.1528291909042836,92659.0,2584576.0,0.0
case_080,5,2.9119162721156244,100325.0,3047424.0,0.0,2.574923978669957,113455.0,4571136.0,0.0
case_081,2,1.9749544626593807,76860.0,0.0,0.0,1.9749544626593807,76860.0,0.0,0.0
case_081,3,2.9223379473653814,51943.0,0.0,0.0,2.9223379473653814,51943.0,0.0,0.0
case_081,4,3.834369000707285,39588.0,0.0,0.0,3.834369000707285,39588.0,0.0,0.0
case_081,5,4.905632937982743,30943.0,0.0,0.0,4.905632937982743,30943.0,0.0,0.0
case_082,2,1.9002216359951614,379451.0,1237914.0,0.0,1.972455581239485,365555.0,567942.0,0.0
case_082,3,2.694281796135551,267619.0,1844266.0,0.0,2.888982823349347,249583.0,1538572.0,0.0
case_082,4,3.305116910143519,218159.0,1693882.0,0.0,3.56303646345501,202367.0,1418386.0,0.0
case_082,5,3.4892738754869463,206645.0,2687818.0,0.0,3.840656443253666,187739.0,2829592.0,0.0
case_083,2,1.6411337858631987,644672.0,14241216.0,13310816.0,2.3626990330288753,447790.0,930400.0,0.0
case_083,3,2.0638812538649263,512623.0,14842752.0,12981952.0,3.4342951370968002,308067.0,1860800.0,0.0
case_083,4,2.350944050272316,450029.0,14977600.0,12186400.0,4.710376699063707,224609.0,2791200.0,0.0
case_083,5,2.3910527029470257,442480.0,15058048.0,11336448.0,5.369596110315986,197034.0,3721600.0,0.0
case_084,2,1.9978550689533183,1255052.0,0.0,0.0,1.9978550689533183,1255052.0,0.0,0.0
case_084,3,2.998507569778288,836220.0,0.0,0.0,2.998507569778288,836220.0,0.0,0.0
case_084,4,3.986169137144928,629028.0,0.0,0.0,3.986169137144928,629028.0,0.0,0.0
case_084,5,4.98024120507198,503472.0,0.0,0.0,4.98024120507198,503472.0,0.0,0.0
case_085,2,1.9322262885654402,1649858.0,4875082.0,0.0,1.917201110424179,1662788.0,2148486.0,0.0
case_085,3,2.6786973791123887,1190093.0,7265394.0,0.0,2.83023888221554,1126371.0,5683212.0,0.0
case_085,4,3.5704754438035504,892850.0,6393754.0,0.0,3.8015397439245584,838581.0,5003666.0,0.0
case_085,5,3.985815398887987,799811.0,9685570.0,0.0,4.271651042755383,746292.0,10855448.0,0.0
case_086,2,1.5925084061869537,74350.0,867194.0,0.0,1.8834187000922598,62866.0,418278.0,0.0
case_086,3,2.108615899700812,56152.0,1233928.0,0.0,2.4389857042804763,48546.0,1081164.0,0.0
case_086,4,2.4981116948330064,47397.0,1201206.0,0.0,3.0362857728997845,38996.0,952434.0,0.0
case_086,5,2.4179174579836222,48969.0,1602402.0,0.0,2.814227651938298,42073.0,1934424.0,0.0
case_087,2,2.0018148994022873,1985234.0,9999360.0,7994880.0,2.0018148994022873,1985234.0,9999360.0,7994880.0
case_087,3,2.8688412874760063,1385253.0,10722816.0,7059456.0,2.8688412874760063,1385253.0,10722816.0,7059456.0
case_087,4,3.715262125103187,1069661.0,11796480.0,6612480.0,3.715262125103187,1069661.0,11796480.0,6612480.0
case_087,5,4.472766582930409,888504.0,11773440.0,5483520.0,4.472766582930409,888504.0,11773440.0,5483520.0
case_088,2,1.658551695497961,146889.0,1265738.0,0.0,1.7933367194458554,135849.0,850054.0,0.0
case_088,3,2.071307112856876,117618.0,1740380.0,0.0,2.5348087107615154,96111.0,1473104.0,0.0
case_088,4,2.331677577428123,104484.0,2142060.0,0.0,2.7830542164545684,87538.0,2048310.0,0.0
case_088,5,2.423844156360995,100511.0,2205234.0,0.0,2.804680934344888,86863.0,2220472.0,0.0
case_089,2,1.998350786547954,346832.0,238720.0,0.0,1.998350786547954,346832.0,238720.0,0.0
case_089,3,2.8450417463692563,243614.0,477440.0,0.0,2.8450417463692563,243614.0,477440.0,0.0
case_089,4,3.8902784014369107,178160.0,716160.0,0.0,3.8902784014369107,178160.0,716160.0,0.0
case_089,5,4.701096098540344,147432.0,954880.0,0.0,4.701096098540344,147432.0,954880.0,0.0
case_090,2,1.7004040462344334,692990.0,19093104.0,16595952.0,2.442856224773048,482371.0,2171520.0,0.0
case_090,3,2.0823107589434025,565892.0,19430136.0,14784504.0,3.41304203004753,345253.0,4596480.0,0.0
case_090,4,2.253898636409716,522811.0,19748184.0,12973056.0,3.9659898289226128,297117.0,6744960.0,0.0
case_090,5,2.223544574184637,529948.0,20254728.0,11328264.0,4.125054260309459,285660.0,8893440.0,0.0
case_091,2,2.0014546695174733,4590046.0,57827296.0,51348960.0,2.0014546695174733,4590046.0,57827296.0,51348960.0
case_091,3,2.9916445470884057,3070809.0,63099200.0,50142528.0,2.9916445470884057,3070809.0,63099200.0,50142528.0
case_091,4,3.967460135459327,2315529.0,67391136.0,47956128.0,3.967460135459327,2315529.0,67391136.0,47956128.0
case_091,5,4.900909200998878,1874503.0,71279104.0,45365760.0,4.895599658093423,1876536.0,69999104.0,43844096.0
case_092,2,1.702660866146298,2828252.0,66389088.0,65458688.0,1.702660866146298,2828252.0,66389088.0,65458688.0
case_092,3,2.157695747476033,2231804.0,66784736.0,64923936.0,3.4983639855984237,1376516.0,10577088.0,8716288.0
case_092,4,2.4980464048869964,1927728.0,67180384.0,64389184.0,4.680343555038493,1028889.0,6657824.0,3866624.0
case_092,5,2.89878126741928,1661234.0,66980256.0,63258656.0,5.873916225512917,819820.0,4524416.0,802816.0
case_093,2,1.9616940280751844,37827.0,8192.0,0.0,1.9616940280751844,37827.0,8192.0,0.0
case_093,3,2.956021192686133,25103.0,16384.0,0.0,2.956021192686133,25103.0,16384.0,0.0
case_093,4,3.751706355225239,19779.0,24576.0,0.0,3.751706355225239,19779.0,24576.0,0.0
case_093,5,4.674036281179139,15876.0,32768.0,0.0,4.674036281179139,15876.0,32768.0,0.0
case_094,2,1.7699108441824896,53614.0,106272.0,0.0,1.7699108441824896,53614.0,106272.0,0.0
case_094,3,2.37890145152799,39889.0,212544.0,0.0,2.37890145152799,39889.0,212544.0,0.0
case_094,4,3.090038750854798,30709.0,318816.0,0.0,3.090038750854798,30709.0,318816.0,0.0
case_094,5,3.716882099490795,25530.0,259200.0,0.0,3.716882099490795,25530.0,259200.0,0.0
case_095,2,1.9991111238960964,1042890.0,0.0,0.0,1.9991111238960964,1042890.0,0.0,0.0
case_095,3,2.9964471273040854,695775.0,0.0,0.0,2.9964471273040854,695775.0,0.0,0.0
case_095,4,3.9755254356224565,524422.0,0.0,0.0,3.9755254356224565,524422.0,0.0,0.0
case_095,5,4.953886401870491,420852.0,0.0,0.0,4.953886401870491,420852.0,0.0,0.0
case_096,2,1.7847164811870695,47175.0,67392.0,0.0,1.7847164811870695,47175.0,67392.0,0.0
case_096,3,2.5011585764363375,33662.0,67392.0,0.0,2.5011585764363375,33662.0,67392.0,0.0
case_096,4,3.120145271271865,26984.0,78336.0,0.0,3.120145271271865,26984.0,78336.0,0.0
case_096,5,3.112187188112224,27053.0,134784.0,0.0,3.112187188112224,27053.0,134784.0,0.0
case_097,2,2.045625339780212,5617602.0,11796480.0,9240576.0,2.045625339780212,5617602.0,11796480.0,9240576.0
case_097,3,3.1393628503966307,3660459.0,16031744.0,7512064.0,3.1393628503966307,3660459.0,16031744.0,7512064.0
case_097,4,4.37453805005733,2626908.0,14221312.0,6553600.0,4.37453805005733,2626908.0,14221312.0,6553600.0
case_097,5,5.466035594487687,2102348.0,21311488.0,4272128.0,5.466035594487687,2102348.0,21311488.0,4272128.0
case_098,2,1.9768037791345425,89756.0,0.0,0.0,1.9768037791345425,89756.0,0.0,0.0
case_098,3,2.028884416594246,87452.0,3007272.0,0.0,2.0816810193115423,85234.0,901280.0,20480.0
case_098,4,2.2999844446748936,77144.0,3007276.0,0.0,2.2740147388657483,78025.0,1020112.0,0.0
case_098,5,2.219456362658394,79943.0,3007280.0,0.0,2.5003523012316453,70962.0,987336.0,0.0
case_099,2,2.0002649767313456,811392.0,7303168.0,5398528.0,2.0002649767313456,811392.0,7303168.0,5398528.0
case_099,3,3.008155200886693,539533.0,8011776.0,4202496.0,2.895410156598435,560542.0,7594740.0,2887680.0
case_099,4,3.989604407003813,406807.0,9322496.0,3608576.0,3.796133695092857,427540.0,7745504.0,2117632.0
case_099,5,4.81286456062938,337221.0,10698752.0,3080192.0,4.81286456062938,337221.0,10698752.0,3080192.0
case_100,2,1.6757310816351407,90243.0,12288.0,0.0,1.6757310816351407,90243.0,12288.0,0.0
case_100,3,2.6158170590372074,57811.0,72192.0,0.0,2.6158170590372074,57811.0,72192.0,0.0
case_100,4,1.9712311803428273,76715.0,2934762.0,0.0,2.603432840959956,58086.0,144384.0,0.0
case_100,5,2.603477662047,58085.0,211968.0,0.0,2.603477662047,58085.0,211968.0,0.0
